mz,intensity
300.0640860960601,520.5379990582816
300.1467934371312,1835.4368622731863
300.25813827295013,659.9881501551904
300.422828979281,691.4774253640383
300.68999652474054,903.4737797018165
300.8588704888236,274.9278049414341
301.28648149035934,1238.5782974872884
301.3740663058024,557.8451576028525
301.58268628183595,1334.52171147672
301.6902066549384,389.98306038261063
301.73177889000846,261.37792709857973
301.7882282889338,516.1804203878726
301.9379274034235,389.8194338229228
301.9468421241138,453.55262143851917
302.0698112724753,432.18309561528145
302.0898290548382,690.9159132439802
302.23344171372105,484.22854596796066
302.3709650709425,276.99450834953956
302.40905011745264,1116.20280930651
302.9592304390573,747.534989398636
303.0237313872628,630.6510200893449
303.3644454648899,601.8543189338268
303.47731309997425,520.3799291132382
303.52349677139233,405.64503071678104
303.90254356087,607.4153381718467
304.20520448217735,333.68396465709145
304.32185836519994,271.00284416812093
304.3774099701238,353.86226130879754
304.4891723318219,774.1339163349189
304.85664598546634,666.697756421317
304.8643848383427,592.6484415984739
304.956171083162,364.7152314329058
305.1527171653615,719.9126291120693
305.16433355423493,313.0087373699877
305.1913980824859,1252.793419736462
305.2314631403164,877.0721385519416
305.23931879129344,1071.9264597104188
305.47120667469477,504.1070483395708
305.5167070458483,298.5474611553625
305.9651427006656,384.6193482205978
306.07901091089064,382.8299921296661
306.0934381280216,393.53643483773993
306.2596474610353,565.2038459856561
306.2742764879106,365.4521514881549
306.76816644790296,669.9546404662113
306.93743815822063,356.2010936066124
306.9450218153799,1594.2443883844762
307.0794045594705,426.3012497807429
307.21994752014854,770.518252626894
307.36948207532436,1201.5506705315827
307.3911350647796,324.0660805378104
307.4797902142912,438.0115242241604
307.4859015703297,336.73329306868874
307.58118302959826,770.5168071558879
307.7402685183147,291.9954815230638
307.7618175507765,308.0150884877747
308.0415410651327,508.5389148676643
308.0544098684043,290.8479186926302
308.065806636603,2156.3283969693525
308.1379324176436,528.8689297810702
308.2503476139153,345.5328298767603
308.5014343490034,794.169061343014
308.7978534937393,666.4689308189979
308.87349992950385,555.5419774228159
309.07907956152184,526.6327887217108
309.13223742963436,605.395606652713
309.1918957394748,259.73975183128516
309.32008419337916,279.7442919543333
309.3708899932685,331.9036648807166
309.39902755072995,6432.362003160483
309.55646170056536,1767.4794268966207
309.7216816590993,1030.9437729589997
309.86288437234276,512.6795625718921
310.00193204160905,341.9970793319573
310.15689352783835,283.05035237467297
310.3403627840042,550.8266485894417
310.4781974214553,589.0955193238626
310.71125549141834,308.7610218787791
310.9533255474807,569.911315866677
310.9553155459005,593.4454701347317
311.01731657210723,261.94867690240073
311.07548239213634,470.6106163046798
311.48467974672286,370.948654080453
311.49278744603606,689.1189871625205
311.54304179698585,974.0232296139632
311.62302309064233,295.690416519058
311.65179937579995,260.1495646159867
311.7986633481235,497.43686488805645
311.82048983549373,566.2145826785312
311.94277734471285,1712.916188151176
311.9767413127269,306.6976721238262
312.0878347256007,1603.443990646992
312.2719644984458,432.1288890584297
312.28702335112973,385.0913687669562
312.4969431144882,560.7214593820053
312.5491251897817,890.1268919614176
312.5904707518219,654.2261132290986
312.59964412214623,526.8857647294029
313.2616115599094,930.0518750070198
313.3693092375812,1370.2228766324347
313.606738788169,596.8246128898692
313.6839194986538,742.6216628752966
313.770025223901,491.05863023818665
313.805345355194,796.1439804233921
313.86086230602393,1517.734776336903
313.88781225328484,295.39423729269026
313.9230204712703,1236.5709857154227
314.01630607557763,930.7665882604522
314.0581193820612,269.6758275625406
314.4023112367451,459.08544900883453
314.4105121159918,394.73015112515924
314.42493870743886,549.2217154481173
314.5556031230102,441.6579060843088
314.5672997997556,808.7285643905875
314.6044513198978,1908.5577997347111
314.87654556972967,313.89657955645447
315.07770883835303,858.153465054766
315.08155260176784,530.2014633722296
315.0974985880254,549.2723902111136
315.11926269335686,310.5991369563943
315.2736555967857,291.58783181011665
315.296719901027,272.9811781551289
315.30169240824847,552.1791971110684
315.50818332294153,867.5504507216941
315.5671792150422,1428.0130407607278
315.607852417673,525.0205728722598
315.64871859438546,326.69861554260564
315.7405337403086,380.2606267952155
315.9153824060747,712.8846943900334
316.12992975021984,1468.138059575858
316.1885593862547,501.9803907274967
316.19190368099646,356.74888968920277
316.3708224187154,1083.5521860299223
316.59557504317087,801.3008500992531
316.67965267622975,380.58661741943536
316.686481039972,2295.573096202303
316.7467878509269,402.05122113153624
317.18169220686775,502.6454075692522
317.30077030425707,578.12912151513
317.3729145807742,462.32598358289454
317.42558451646795,485.2835394999642
317.42803671311526,947.3909269223446
317.53586260241076,610.1836560161145
317.68272702914936,1089.2357965560234
317.88984610922193,1313.4701386026222
317.9048569115454,300.23742201293874
317.9669030073344,1102.0461176049914
318.28437982230366,280.9498500992601
318.3435240561392,428.2628143203122
318.44506321552825,354.280505689927
318.5577998198762,491.20823343294796
318.73752959672777,1274.3316285868316
318.73976747512916,659.3915543331441
319.13946348727904,258.66277639092294
319.19275136577437,718.5617671284947
319.21386660743394,649.9184490294066
319.23185262980536,345.68278355642127
319.40518424902405,826.5173214390196
319.54659764092366,268.45617906123846
319.6271352119836,3353.3376787796583
319.8416257579033,851.4826277020774
319.9477586481876,501.57535018690356
319.95417053903327,370.2451514485827
320.1313664214982,930.9110256230515
320.2194282310878,663.2466819798564
320.4144693074481,2114.5086086349415
320.477604205279,580.3394006514901
320.53042931109934,346.87561402947256
320.69945476090425,276.400462242584
320.82841099927293,679.0899353568241
320.84120364221985,283.53677065928093
321.03256799086773,970.9706354177351
321.11201168877426,687.8349347557431
321.15564580845455,486.5425654290307
321.27063897296244,313.91551687098695
321.37237316976257,684.0200467886713
321.4301868669608,501.49228458449807
321.49149317395023,259.8879888828436
321.8499263850958,454.68678016778017
321.8530531696677,596.3226076315475
321.9278743323286,483.6429079985615
321.93791187162446,601.5516178650156
321.945756283501,508.3148078296518
321.9842403131745,387.3453587147758
322.2498091477729,1373.161192792474
322.25880364400314,522.009172807497
322.54240753408294,2061.3015132876917
322.7547644251665,445.72555392661735
322.8339032171471,1437.1885924601047
323.0765655408391,254.0737011091002
323.2126041726384,386.47503715486965
323.2912071447283,571.6591176949986
323.3451995066582,802.6355681118134
323.3889181781438,346.0681341816483
323.5325323960624,686.6803614912179
323.66930917474264,800.3188723584913
323.74382706310666,800.6293690160427
323.81124134926483,1196.179184768073
323.9646038718404,1365.309446601288
324.4793595702897,396.20331410254187
324.8284922918626,481.9185692224556
324.88996777377685,1631.1203238817268
324.9498656670558,2030.5531945786036
325.2080392061197,1084.2403711562845
325.21099794171096,567.9702838761068
325.3097920505288,348.56145994088234
325.3178202433959,345.90601204172356
325.3319666613718,866.7397314438389
325.80571860856986,852.8002338139967
326.0518902060652,694.5347933767295
326.0585885437781,986.740736335905
326.6962580244195,1480.3535784842843
326.73433333301546,283.09960400382397
326.84781950944,1026.8760636261832
326.86672695098343,356.80652789250945
327.0795131860174,348.76702789786304
327.176282103114,513.1978814642971
327.1850049010814,420.3958761959033
327.2940212709705,437.74215888189616
327.3321692515916,652.5295658459725
327.41376140240044,1326.5737771583113
327.5635133977608,303.7815770953345
327.6403868200126,275.28016802405756
328.01866593303316,417.5060821604145
328.2110360334078,768.762561152918
328.2328261882836,383.14676293200336
328.294446712091,536.6962265059947
328.36488342811776,284.06653240362255
328.4421854118709,444.7995275227098
328.654752524755,792.2245259501483
328.69628248010457,411.0890106535034
328.9542210342858,1137.988287921897
329.14969785317453,1492.4580787766915
329.226470298394,494.0551494162441
329.30619976932496,259.42712105918736
329.78467082825745,559.9804823496507
329.93893739155703,587.0692353187643
330.1329603154518,749.1713081215137
330.1801220843553,351.71327965807626
330.3266534231655,286.4004787684148
330.4185197567886,732.1714554430449
330.6008295329914,990.0492086583256
330.6212768596519,579.6482766995364
330.6911762783786,752.3175492510526
330.7191199518177,557.8142152911643
331.10709593460456,389.43605781390954
331.1879330730861,2170.4552073752598
331.2059473358353,907.8635030613611
331.325917215551,296.1260171121563
332.0438142073272,1463.248480597548
332.0521869890105,266.95683805830777
332.1215873382297,556.3129108807494
332.15817550641594,367.6327029321025
332.3294309053882,449.2576289429298
332.4063409222434,1066.8573877522451
332.4640353384218,740.3015963729083
332.8126338346876,503.3867400321515
332.98978943256617,653.3259468459312
333.0125156343109,1138.759647189947
333.0378012688411,960.3523701157595
333.06050251060725,1811.1458162002195
333.1248677880139,660.139643846351
333.25401675235605,1423.4385464058196
333.25776023376346,303.14721686792313
333.3519952864454,1300.5391209405793
333.3542781794207,656.2360041121927
333.516436916187,841.7074389532494
333.71188111207846,813.1437849995385
333.9488048993405,440.99212205843054
334.14176674302695,271.36858035207933
334.2346187360101,537.0564824483845
334.26956067460037,602.1386173460892
334.51018999940914,303.38545318243547
334.58406872204563,418.9387515917758
334.87398842468065,254.7424874630779
334.9417351910878,2203.9003331010595
335.04826917867877,2205.311158603052
335.1817709938367,777.1807454784548
335.2295860276997,557.416195326085
335.2891649511473,1058.787405041694
335.3162441044462,427.2187283172355
335.5175167459351,307.4106356449881
335.58543421812885,2542.8686374381687
336.07994713678255,1681.156295057746
336.1173438077597,1538.7439364527597
336.2672759972503,921.7945209926413
336.4271327651332,337.0496879458383
336.6351317411579,457.9715451134108
336.8226190135938,1240.901207419488
336.8800777281142,378.644010553762
337.07144289658254,475.45056011072
337.08233029289937,335.95414021734814
337.1100292701246,252.57201134300257
337.37563523575795,378.99111277520257
337.38340306768123,413.4088636771503
337.7731788316214,539.7064537115756
337.8747484325592,312.9461946087116
337.920445999597,349.5011917061044
337.9524042558776,287.25819392553194
337.96454647169827,518.503118315679
338.0150203442,321.9633598866569
338.1835286434929,708.9057501214585
338.31543517736657,1170.1064622553938
338.41687249546237,295.1016586868396
338.44889271836405,420.73210102697954
338.9940187785799,340.67502615585767
339.041213335867,2739.841736032916
339.0602348275597,2231.3262089267164
339.138437069708,421.36880811830724
339.1420064557915,348.4432675751433
339.2177467214839,445.7683055358457
339.27355082572444,565.2762769375602
339.34420017067873,388.1042066398162
339.3991274114948,322.7959087414152
339.53524484401396,654.1224978157647
339.69516290896337,289.1981308751804
340.1630013005842,436.1121177383115
340.21910648840526,492.1575289931876
340.26379459455,1221.5474680626035
340.36670027292814,981.9172164453126
340.4982198402021,419.8258332380632
340.50835409626114,443.4365608701507
340.638065896181,1409.4000636757473
340.91383240962915,1578.0336388138214
341.28932903974294,364.95259617958715
341.4098448306709,1563.940371477745
341.44237089048715,303.66128208520325
341.4494146714161,308.0906046035604
341.61264110647465,947.0613885598415
341.87058981694395,904.3939251646925
341.9697718663796,554.0639282686446
341.97805038030367,607.0307390697392
342.15807995227925,3531.9642861084926
342.2969693830706,336.92909255421796
342.88295733502355,459.265150847366
342.97090235907143,484.2906847992881
343.20083966866054,504.77422858723014
343.3432002900012,1000.8786461412874
344.0010369784891,629.6544447710779
344.2624000082341,272.3149390811568
344.3702088132861,928.1849737195942
344.4808991516374,250.8440757772741
344.7203717636018,1800.0300869647347
344.91069735395183,1399.9518131345503
344.91743474819907,2006.0280574524459
344.9325655829591,254.8743337579605
345.0420690428596,292.34893090535263
345.0851769924977,538.8128900657849
345.2115370800637,580.0966368829438
345.2576704514219,633.4993925333833
345.26303262636765,477.1793393095305
345.4107032845925,666.8209703977853
345.4938153635386,277.6029740561045
345.6706636204735,256.92940814452555
345.7230725103004,841.9699086919002
345.8028801086506,494.85074655683536
346.0147026417673,305.133038923721
346.1308480424525,610.0675109366989
346.2135623968197,376.66886234183204
346.5667120476465,664.2609429051774
346.6443494884609,350.9385217905062
346.6828884909877,692.404916865799
346.72179841401464,1941.0645507317233
346.72393171782824,998.0950080449512
346.8162712425966,376.1930530409836
346.86405090342475,759.4319583544295
347.1706438895373,268.60083585995557
347.23518984580386,2885.883038497266
347.64789027496954,383.48514818357995
347.708336580354,254.1026203565785
347.71727413508995,595.0577258220741
348.10484783760785,404.97607765559053
348.7492697657944,1738.99170529486
349.13402288873743,350.2805017239431
349.14460088071047,855.9205109812094
349.1559538633706,384.44280815315943
349.55806627133956,664.4613581336735
349.7867058186619,600.8508753513058
349.7936583213451,622.7473055338389
349.8119310375704,257.3303752469879
349.9369205439468,350.5970540897016
349.9426022707049,686.821230989445
349.9492581535205,345.82392728552406
350.0825640013668,502.96756975513813
350.2759789048568,435.50687225436707
350.43677503051146,793.4975971049798
350.67412095952,2025.6539625461385
350.79444211205094,443.3874680575017
350.9591913518721,311.1427365580493
351.00233838877307,422.98848651814666
351.29365139403774,553.7689147065354
351.3912335524996,596.8174430159369
351.42962882764806,615.03997185575
351.4821527724755,942.3736122654531
351.6069347473851,513.3552860266925
351.6114480411268,627.6538699977768
351.64906436591093,273.4306572951027
351.69605245928653,426.3478458262763
351.74412010976357,675.7684079669053
351.83068226298735,655.4996432270422
351.8769425517943,729.4521886355278
351.922227984549,414.9300827935331
352.1658513849277,380.85013596171433
352.346953668284,290.7073570319097
352.6221827840902,1552.7444620616309
352.7019623281969,910.0672764963252
352.8201677718808,909.5663714629314
352.9189299398688,1112.1960154606263
352.9454506336622,355.29575206477426
353.11391833651857,629.1534178210082
353.2048454945937,771.2234989009236
353.60217971401926,310.5214660312686
353.61146266913164,531.3684873626157
353.7054032073933,656.3141520903472
353.72912541168034,426.06150447166203
353.804728713161,324.16985182470444
353.9223049319651,342.92315364070595
354.176759670624,250.53644601947957
354.3761430982248,438.35637610568546
354.45296007956784,1416.0917994439174
354.47594832843595,1378.4701699191505
354.5865236490275,519.7083572976442
354.63920006163033,701.216412447151
354.88517147680363,675.3634043507755
355.2380755539789,875.8782816530428
355.2471514812185,651.2758093239225
355.3436696488604,878.9825447880374
355.360470244512,933.6258435222035
355.4549707245292,474.7762397811004
355.5672083389648,251.6247556731981
355.57166574063797,573.1389492833996
355.66431944828554,618.2677801103673
355.7903932073018,306.1473287038822
355.94318555000666,413.84234787516806
355.9847613140514,520.5814034012044
355.99935567270916,398.09655448414657
356.104616178937,346.32406582609576
356.1117765646325,1552.6610214233106
356.31382544536274,458.31162417919967
356.3501078806657,402.9516027268644
356.70125468068073,762.0481110940353
356.75333024734465,331.25625851352385
356.7622003948884,420.3278167101695
356.7831709407323,1280.377257014434
357.23637540573736,483.4696193029597
357.34594212338357,663.524999791451
357.479638168207,1185.0896369488325
357.50056949401295,607.6692420445224
357.5744089137524,2076.580733315741
357.732394328051,855.2869110094688
357.80745438026133,365.6413158126316
357.8746575481199,516.5252728598186
358.0173642055343,646.073414329394
358.0792079037149,859.1485587636707
358.1930356067368,471.2640198580498
358.2935131212319,1689.2895421234757
358.57882774437604,287.49346605567195
358.6858855269707,800.046027121833
358.83097911775235,620.173448271947
359.22955526486953,851.7052360831664
359.4304084233792,289.5525284358787
359.6594815299189,973.7828099906748
360.04154326477317,1879.1606783064253
360.37654186347504,660.4262573580982
360.4842426284147,338.8911741699031
360.5571126199056,2250.0007638515203
360.5845363248041,680.2075228886495
360.6093180251834,751.9932505804221
360.7177465742206,710.5935904092356
360.7214271547428,1659.366978191514
360.7670469689723,311.4295302906957
360.9408493303156,1022.873055235351
361.0987794012128,443.49444055793725
361.5178526076336,293.15409852388535
361.7751810949625,509.3623175705311
361.94189657433554,455.289132345025
362.20127708004816,474.2768913497489
362.2095331742735,326.27920621969565
362.34830203693383,376.07905842636126
362.4055625887015,572.9195069314999
362.4691104735757,570.4360749167536
362.77392696400585,1004.5447852912394
362.7959067405756,259.39509939591613
362.9860045901524,1068.7438165610934
363.05987093221967,270.1689444404078
363.0753977363186,579.197065953888
363.1263170791989,1345.0027318962707
363.2057549188497,679.0494915463182
363.2598539862398,815.5038178595261
363.6294750805589,1547.2035829859192
363.74215977910467,536.475963844553
363.789192368602,628.9727663509644
363.8699931756221,284.7666194072775
364.2460413211517,346.94322974298234
364.34020151310733,398.8672223832596
364.3897741489987,756.2523083544536
365.15555253129946,555.473505855291
365.21162191432313,630.3871206559179
365.9093912366923,530.8751733263653
366.097992097139,447.59778311862704
366.1971250587887,433.60994528696745
366.2123062337896,409.94829492729906
366.2960036146054,258.8729041521936
366.3634566850302,1083.98815381008
366.3925038895295,278.50864032025254
366.62383268342325,674.0940765233339
366.6371765344248,467.3741642830456
366.6476423732237,376.60282950215714
366.72189857570646,849.3162132248257
366.7786722499488,405.48507088240865
366.7981164029494,328.75940334858217
366.89868797978863,359.4353570429434
367.2558382583567,536.8099928243927
367.37327206619835,970.6787763640027
367.58616749414114,265.2585272129912
367.5915696159807,616.2440590025847
367.7640822937249,281.32031024944894
367.79858551122976,1298.3441423656018
367.86516810782433,699.5649752565852
367.93092524401516,1288.699320246453
368.0852189838635,604.7566260050311
368.22327194582346,259.49105227928
368.2629412833395,306.0429819551389
368.3117622789008,996.1113668555023
368.3688436470723,567.3165772028367
368.50890477115183,308.27065074015667
368.5181645028405,653.2506580551602
368.55891172373833,1646.6259121886692
368.62612062896216,962.3956204457226
368.68067293177774,551.0802076071768
368.83993348516526,495.86913421187563
368.8984546801438,493.24448051306825
368.9104773951441,942.0121469527706
368.95269093908064,442.66333078018613
369.09125300932016,2733.4036641287857
369.11584654441157,1220.6727666463132
369.14563150905894,431.21569066387434
369.20684760491713,395.55951293077277
369.4400640501192,623.8746704727623
369.5908712235748,348.91878108501845
369.8656990750714,457.37197869054813
369.9151675189213,547.8452820000693
369.9506680533808,269.091913143532
370.06889796891033,372.0434186781878
370.2350304152601,558.1052026296796
370.28486366513886,413.192385204519
370.4150440634048,345.9106997974459
370.47753862678104,598.8807523838047
370.49813074837596,740.9567456390569
370.6531778205888,459.77906433889757
370.7275398724071,867.0312644785557
370.9609220158098,444.6160036727212
371.1189759929954,515.569892599331
371.13964823987106,593.9232991123052
371.2621004183106,1358.9944031840948
371.2646224648179,563.5300385819462
371.63579971648426,670.351804620263
371.6943453382421,1259.356152010139
371.7570847584574,1074.1277462308308
371.923706166403,570.5710119333929
372.0984215767325,326.65796995570776
372.1338238804064,804.4365255843069
372.4152374961653,315.3109894235127
372.5694613318155,340.6776183236114
372.5781810510676,1312.7453222195268
372.6570930727894,434.62297620029995
372.6649959712734,598.2187193377059
372.75932110570153,1098.9079740896793
373.0132717124305,791.3987896429924
373.0302940508418,326.76906773694526
373.13370653347465,354.9129261061119
373.17617501140285,399.86070982786566
373.2350325221149,531.43682746653
373.32865159299416,514.8324623727052
373.66216000961793,753.372958043845
373.67747740666084,465.2627506009829
373.75350875108194,311.0490189634102
373.8032706060871,541.3784242794719
373.8761329856909,874.0952179303571
374.03656251363674,579.801417653035
374.16201847893484,629.4860334886723
374.1833158209991,290.9622851633483
374.188364012144,879.4249446493418
374.38652854001396,296.9877655061676
374.482899381794,381.38080892378423
374.5716229745785,3201.8726974709703
374.82222151959076,420.40632151856016
374.90633778188027,320.69280233823196
374.9132523221272,745.8855616546136
375.2389559087268,323.23928574763625
375.4318289344812,1683.0914759785603
375.46669169223964,450.55197182922694
375.5650087848481,734.6584515333607
375.57969350475116,364.0399630464317
375.63226259512356,316.4992333801772
375.6834960290176,1034.6677138454318
375.72166801825614,723.7506250084755
375.7514873739773,1197.7445702685757
375.7868899325589,340.013512538022
375.8207550246801,283.3260180498374
375.93035848413484,1065.2127714951755
376.1134755340479,348.0578386731885
376.32109328699914,758.9585133692843
376.3601234467162,272.0311789722421
376.54465290797657,315.65893020034724
376.80171833590515,333.1614355482158
376.9489273865924,673.7980163995005
377.0860584327515,1378.414241284641
377.17766181327846,338.2613636555065
377.1917831410002,587.4250952314386
377.2168841416574,806.936933676898
377.6132826391628,272.6029861103188
377.6362013562972,346.83298151607454
377.6976822895857,419.5303606433844
377.7114374396375,793.9355635067627
377.78239632796385,562.1525467499218
377.7848967997439,595.4771155217155
377.8007505367366,283.0605815485168
378.1487706176766,654.5470700274722
378.18875235136267,405.5456073024972
378.322437080883,349.5125537539913
378.3302685354159,515.0418559904655
378.35666571437037,412.31447408056704
378.37297805578845,352.2957216207414
378.6389061996037,369.3974256510468
378.6529742443779,317.8793830991997
378.71117396854265,1870.810679708081
378.7876640429676,254.49585455549885
379.01656258312863,1050.8374343677299
379.1022981201125,708.381074828806
379.20537485862627,779.7792312406451
379.221776228823,639.6014230784035
379.43637014358325,437.20436640600457
379.6149529265194,524.7146574679182
379.6727395313645,403.8144441798048
379.7369428069239,330.3829478145552
379.8291848381777,901.5152848388952
379.924027524734,269.2202540497156
380.0201407845173,488.6964914353268
380.0267626084423,635.2949686141998
380.1071901271681,671.7698016670645
380.19153852827355,1591.7132702397455
380.45047236749053,314.08641780233313
380.5764963685732,1161.8473612829118
380.6745748878343,453.74757254744856
380.7433607320761,411.0522530323799
380.77426661635747,427.22407595549777
381.08802237401557,472.311263669737
381.29127121099594,376.72543031417587
381.3646907820029,362.9042746646534
381.3964818784222,269.2479574385119
381.43927464392914,339.1953314535647
381.4450698031593,378.8576320183022
381.64442211776804,277.48258446423915
381.8720630876733,771.0301849280786
382.04600273948114,363.9182097797098
382.41265440250004,717.2875763127897
382.4396970200049,352.2413720525818
382.54205607461796,552.7057636234397
382.59158129437895,897.8088553749102
382.6288895190852,682.4647669627764
382.63261449654954,876.8742945473875
382.9365888775922,512.0671003598726
382.9523068138373,284.85720793758713
382.9976137520357,884.5508552733307
383.0821743452105,518.1962483605116
383.1714371591852,927.0476329783031
383.39749105136485,558.474632214553
383.4469295499736,380.2603375086544
383.45471704847193,284.3420676018484
383.72905581398857,636.6345511295001
383.829801327587,918.216116107309
383.8863382086612,1808.7915056848665
383.91096364259676,420.66425833352054
384.0394519734233,395.1728448905465
384.30534448570245,992.2662617363212
384.3750399343387,327.18601888194064
384.5047652056745,282.7395032541958
384.591117418948,747.6853062052987
384.6181137048891,318.18593830879104
384.79288777502046,387.30118386820595
384.93970414925104,538.5972476797466
384.98998622442735,918.8854980337995
385.31344938453265,787.1654185893032
385.32308633050866,563.052872489375
385.33698832213895,2335.2529656758543
385.3658325748172,902.34056928648
385.6621067592673,553.6987248887956
385.92373116267527,1310.8106877685386
385.9371664574933,1390.2125307451106
386.0938008344505,949.6798318013828
386.1169092650947,759.9287197432235
386.5446660101987,804.6573436130988
386.6184950966365,518.5537705285668
386.85301560697343,510.35415653036677
386.88474088055636,1221.7345892677745
387.0295865032653,382.59642271931386
387.1168790861106,260.07403893608654
387.4097525157377,591.4266824997271
387.7172392334572,384.4509622399936
387.7741753754079,497.30485549212017
387.8786567065521,704.8542886031926
388.1260948152616,488.7008943977159
388.24627509627175,2046.2151288156733
388.27305916099704,267.2948457611896
388.6750066729362,399.03729778005214
388.697907704112,354.95377196791355
388.7032529432647,348.924526319992
388.7113413505155,432.76760642144615
388.8364924513307,274.49281891297306
388.88039325938576,400.209946017304
388.9204181413153,382.15988048248886
388.92618156408787,817.752298748587
389.23431586682494,295.6054875813511
389.27346998587814,265.84620705022735
389.43782367395943,1177.6992512817326
389.7628655197059,332.8499445454972
389.8421676186308,561.0288743022708
389.91527298503024,911.0458480856979
390.0076556456911,391.4920975705154
390.2595516561396,302.0720431279204
390.35077436926025,785.0265994283214
390.5485632374493,877.9586762118497
390.8183720596125,1053.3330921885638
390.85610776515733,337.175978306611
390.9293741767154,309.5460049577837
390.99363047831116,593.3684292336187
391.01070452402337,329.4785390562741
391.1067663999205,251.21337178749303
391.1105812456506,1487.8147645286103
391.1456205287667,1083.1692156042138
391.1940163293011,508.63117286688765
391.23574273482336,512.3465238923582
391.2820135728423,612.1885716779137
391.29975505464625,335.297144508953
391.4748392959733,506.5481224220003
391.49080173984964,255.98519153694522
391.54287025593834,255.7370972129781
391.8931751862864,366.9101427808743
392.05020497444644,354.6996191219858
392.11159625168284,1395.1908740095716
392.2053305127143,252.81620931153057
392.3071691946772,1442.977833782243
392.70992222839175,2071.157554163525
392.7592697818645,1164.8778679468958
392.79012875288726,668.3897304928082
392.89135364404746,1140.7657780367545
392.90696617508814,371.6007611455377
392.98500856083314,314.12736107196275
393.07468619433166,458.2009408529491
393.11230913695715,1367.9704129301554
393.16374011945226,448.2154618188213
393.1868742620165,507.7049520011024
393.2980816381933,351.9632570964392
393.6196932362053,489.4470817364857
393.726133700585,2059.047173660451
393.8486783821041,961.1402378522922
393.9741474897829,296.1021178073101
394.03667466887407,490.0992419019611
394.05972312829385,1761.160107267964
394.10266862802763,766.7733214770815
394.1257303052044,1669.0869205569286
394.4654402400126,356.0262800395972
394.4684550135363,405.99443917030175
394.5003928945183,581.1093950389403
394.5032316230331,862.3606408270822
394.82790647177967,364.97954476803636
394.8468023445502,640.3856845580426
395.0682085923164,1376.2608140832688
395.1049978907561,272.45804989176037
395.20068971315226,258.71255477508873
395.3115512195784,440.97484178951123
395.4025975480807,1571.1914473751922
395.4581739919742,372.91663463047354
395.5577500718436,907.6375547238919
395.56776731672215,376.78267958658046
395.9208458768603,342.6409921926899
396.06601530794137,722.7776864628552
396.07482251352786,444.39715929873427
396.1548601911769,301.37234367086836
396.2194554405162,618.1369471511464
396.2285399608569,2517.6596395782567
396.29726811779705,338.7892371271604
396.35041155799735,412.73316108309837
396.38737760761126,326.2218583084191
396.4044232126206,954.594471975665
396.5177592759682,792.2866440344303
396.6603454326372,327.0940659416292
396.8128747752877,2921.3286391577503
396.8547403248283,1387.7897286030573
397.60246245720737,391.9544149755424
397.6507059775445,312.2884604566061
397.68434025874666,829.8104646755208
397.76598918278205,585.9638186662024
397.9099224202248,272.27226324532927
398.16555022967697,1641.4783086282328
398.3052020594739,1120.1559690686865
398.3540989654887,1053.8951897393408
398.44966931337217,851.3871108966221
398.47249906114064,368.5022818776205
398.5487318830613,443.62191636430964
398.62941036515076,681.2413524745195
398.8327473412798,828.3202669510695
398.87256705259915,2493.955035271425
398.9102000404447,267.4987534893147
398.94832841581473,588.515579125027
399.01721092762114,401.7865121410318
399.04232794012495,289.46468135629374
399.39779390190887,730.1440619143918
399.78152287450513,542.8924442353858
400.0199395795353,462.9174976209224
400.0533478040186,465.46167356901157
400.2056818193072,667.3312367658547
400.27435987916846,594.292499771387
400.4943965451497,313.61205205876314
400.7050782529803,595.5689437293498
400.71188683536093,359.2020682232683
400.74521286746676,1221.166257982571
400.8640068385689,845.4290314802496
400.87659226580683,511.419680483499
401.18204335462667,511.02197792635366
401.21054903554113,534.0380583918607
401.28272663624546,1086.6196589076028
401.41985012428194,958.9421379155066
401.5945375159562,745.2990882465073
401.60836634108273,402.2811207966081
401.83771949432776,519.8297120676766
401.91529855514494,1259.306692497325
402.1938255823196,801.0819999463396
402.2375794257098,318.7393697217515
402.4698591274898,343.0411724131695
402.5885205043219,1431.1157863797036
402.68369556096576,1000.5406511104087
402.86430681488747,677.8153952561455
402.9649863047965,280.6443911929585
403.0942583667987,5562.474574514549
403.21584058026497,411.38918290474703
403.2547504149039,597.7950132932291
403.27482726009833,1186.8567857259998
403.5628862222179,455.6494047980899
403.6186445435868,260.58210184232973
403.7072357767216,534.4735167805019
403.84623621035155,1119.7317274540462
403.87181143301893,685.1086430293661
403.90362250749047,373.1780633930306
404.171561710127,1008.38852244068
404.2143207382635,312.6574311932376
404.2421718594517,400.75185693310965
404.25506972885205,2868.216156698034
404.40324179293174,725.4671791507968
404.5594432836809,1480.9780467675373
404.58652126760444,515.9959369490156
404.58973713972205,473.016274182711
404.60378978148225,307.49812749510966
405.3140833567487,285.21039165164956
405.41190891940863,446.07942797671564
405.4584069023148,911.891103663404
405.5445092531219,288.91336323701887
405.59213016226937,368.25454265779155
405.6187811416625,1171.8568966211672
405.8159518018632,528.1396409483551
406.0192883426184,350.25826227712395
406.0745577403831,289.8856172023384
406.1058449920957,671.7893815229901
406.30254704477807,738.9068828929643
406.3383865274148,638.8296598617875
406.40108164698813,538.8306010201846
406.42743527131086,1589.3864833697428
406.46537268071296,707.1859684332292
406.5308790211285,585.9346152621581
406.681608072543,538.9071300606981
406.87370136706716,709.3738569797125
407.0201333942853,881.0002804883693
407.1196664699785,309.2516984007722
407.2897863367035,653.3273405427976
407.38690519785337,419.7630827023789
407.6963858111982,278.9903282291303
407.7873902213468,1344.4014791884128
408.1367015728267,728.1247235960104
408.3814352125429,884.8204016277482
408.4775508827744,816.1374230839511
408.50547276595637,1908.3372202423948
408.55149414503126,330.94113265148746
408.61451586835017,825.1521543654029
408.72345816572715,2342.3892895008275
408.7838338442453,2277.263348648712
408.8924980236244,1046.0251676995572
408.91807888834865,604.5147947523167
409.0742641371794,1152.8290393869252
409.46128387627607,1583.5352039373622
409.813791211172,537.8837148823831
409.8974094951463,598.4708245750804
410.0574005326561,938.3299545866976
410.0608998375471,300.92747441325866
410.1329485660079,413.5719938955286
410.65688479778214,722.449750165513
410.6772871127727,920.9026542532641
410.6840355154355,456.55870343173336
410.79398309743556,324.21519587482027
410.89622812487625,638.159635728554
410.90046192818187,667.2188187216793
411.13953387242196,711.6514437466545
411.17224238073584,1021.1257559831645
411.292936354091,339.63203753735996
411.42255540630015,893.7267479572399
411.70572224471664,312.314819750521
411.77752295715635,1703.340714726237
411.78554451562997,1195.0445130854903
411.9173429333095,523.9729555473405
411.9530720637506,1110.9683531446271
412.08580226348886,365.45319291247534
412.2520996017606,472.8046885567595
412.2966025058104,1426.5209488126918
412.3907679178419,1141.838748355195
412.48033204408836,779.979384425508
412.555190113701,393.57211592723917
412.58776065327,619.9561063302647
412.62615339045715,260.9632622491506
412.6848169929729,308.53894171383274
412.7335964795278,1776.3752618958008
412.8613960575155,328.96803523825633
413.18079377395543,279.2409133282882
413.3023531728329,376.08401801867507
413.3558165136004,472.55602993783134
413.38559233362673,911.7688017497751
413.46251789913117,1562.5320034560614
413.46950020049326,296.3472706848857
413.5607517966174,389.556218719909
413.63901033168736,825.8233299731248
413.66958758602834,277.27619204210015
414.0679331110609,594.1952299867427
414.19459060840876,388.17028413651866
414.684900103906,481.2001880812336
414.7252847536465,274.6841346261737
414.84621931756914,436.5817698682297
414.95148853291096,1665.8464024093264
415.34650629628595,409.78203204259216
415.39641381383933,340.26246242052684
415.4065052895758,2429.5064507870866
415.4289724304147,401.9754097356617
415.4832433518397,352.5852114117043
415.4871304755758,1042.93042353813
415.612576097561,357.53875612415135
415.63903622869026,2379.031078542941
415.6706494159114,315.2444470697796
415.89162359567774,306.74076515980346
416.2532285108314,544.8929078189759
416.38607196223,560.6889600712724
416.45689528589895,494.4574778974018
417.11861993282827,325.7646566044142
417.16015271065476,266.6105207526571
417.32260457552314,528.7658085770911
417.6728382959416,455.4757826078086
417.68150951807144,946.5450591316852
417.7815283036109,1104.0791934761428
418.59351917221744,298.9294682407911
418.7362461084571,1136.306127252046
419.07446604285553,574.4520131246567
419.10319583486125,703.0824952896404
419.13149623287103,458.74344082703635
419.25119298423783,306.8652450348004
419.26144970574296,287.7207321126479
419.35714729777203,1076.6719579234111
419.4947078740733,799.6720360532549
419.5373717575848,569.9329575169406
419.58564015646624,785.196374768849
419.6029945651472,330.9544219075569
419.62510756005366,257.35321650982075
419.88563800765985,1244.196168653301
419.91729632919845,284.2641682939304
420.199919432675,297.00538618208395
420.3042349605925,434.29193634657497
420.41067538780226,532.9390154043109
420.4524515751247,541.1087303611127
420.5946596590835,579.7186471533324
420.60918835149585,525.8023162589278
420.68668359296737,338.01581556724796
420.7661811570774,878.3068654040788
420.8004555730174,406.69260893449075
420.83216913122783,495.8622530906235
420.9725701343955,1000.9875414205062
421.0653424247188,938.5666048567952
421.17445014722773,1309.6508600411646
421.28174374149756,857.0571266443678
421.3103748134684,613.642000653301
421.33311364181,3107.9416540720363
421.40727367610225,1260.2177899761705
421.4161740807293,505.21410646839945
421.4810426123336,415.11493183395845
421.52284105382944,446.9463279950459
421.5269413720192,326.07056330899593
421.56606889929446,955.6662958836793
421.59526509328623,506.584030529722
421.6241894319244,760.667061020872
421.67627209984806,379.96180796955366
421.805347728117,330.0225778796388
421.840182524114,486.2610847278548
421.9394637579638,406.8245073166619
422.00864641011566,403.73660620504216
422.13387115748503,327.39483772538483
422.1830463984583,575.4811779097216
422.4082422436568,1122.9809716366349
422.57636022739933,618.4766172635724
422.7353747414073,1058.1222818396477
422.77592066215135,591.7090128608911
422.854060912542,331.9626442768727
423.04906233987936,646.2441362191655
423.0610571600272,878.6833705366618
423.1347674255942,295.31688098630775
423.14710393545346,445.92719865258954
423.2106772997102,1533.800026106491
423.2408185398883,315.14899965453725
423.243119399949,765.7262725624258
423.58058068378523,642.3819833138135
423.63207610083276,307.33657791925003
423.92124478614187,346.5211198353861
424.03192673097146,1044.4235281686683
424.3648821742453,452.4750613014972
424.4159166642532,437.52530469115385
424.4363007425419,258.3236657610981
424.49040710495285,295.96663462965995
424.5333662502314,565.3320214761769
424.72132456569494,699.3969210380276
424.75869706828087,401.6288502792261
424.7861580043357,424.73025180729974
424.8456442359005,331.0876451010497
424.87241567212305,1169.560093748691
425.013102905838,459.6721646128835
425.1755645989919,628.0827083697991
425.5823144585623,1695.3657924894055
425.66705586218535,808.1645702292193
425.80790896245816,548.7407665805913
426.0055622075659,859.2980989069735
426.3272753705308,503.12519533868976
426.5829804091127,830.6149196360452
426.59390317979836,310.64609500839276
426.61538477278367,2369.6357337439863
426.8402977141786,362.8334963461388
426.8436868986112,2092.9291928606854
426.8566102995352,713.7348262559112
426.92420101500727,821.5961811204229
426.9583337650636,268.1548714893498
427.2186176092856,618.9402239107025
427.22637490009447,464.09526266530037
427.34703162734115,299.75311169989726
427.529443094811,419.5740546597286
427.558938611255,339.8377136085413
427.96005085227165,592.4291358740732
428.1961038358132,1312.7709425302014
428.2991918060523,844.0388758427732
428.48728362520995,840.6538710692538
429.7259005490771,704.7561829511267
429.8824935088296,532.133527075424
429.98576389903656,511.5326427669285
429.9925600781317,391.3925364741257
430.0753183288112,740.4918107934482
430.20888957073146,375.8622907295425
430.8006295143405,659.1773851006127
430.8029180051419,771.2568839514383
430.98965697744757,399.8887757602048
431.1139760924321,1257.3188082591123
431.2764543045894,297.8307140910523
431.3656179808323,515.9728822738228
431.3683785344907,448.5838001800917
431.53940510081605,574.8017459214599
431.84077209484155,661.6848870644158
431.9104596578351,308.5912469823457
432.11401732486956,3278.603837941764
432.1921016089234,521.2031547223506
432.2218087531421,395.4507112471666
432.271570513475,526.3572705898983
432.3234221076032,2075.0334245311174
432.33283932434256,1440.4993128815315
432.51246236744834,460.70310734007626
432.7060351335891,474.3414717302839
432.85792821592815,302.2873863988387
432.9013764627297,399.1370723976626
432.98690410689255,998.6305874610443
433.0937828364382,904.169386575821
433.1514507383192,583.0505567457468
433.3316519429889,1618.8706377469252
433.6259572097446,267.93408385899187
433.8103506683565,1870.2862207841038
433.89429729828373,330.70028083183627
434.15662672887254,1546.5944255692607
434.23556062468674,1941.7534754225003
434.55877384211834,412.6587799612121
434.6975461037215,2012.2923352254745
434.93780154326384,1047.2406034368148
435.1274365260605,481.7150950427509
435.26358469811464,993.9362581226127
435.26914722898425,573.5920721125302
435.6633387687797,317.6702599412905
435.67012277258175,279.0547404793513
435.90225738886517,1175.85701224181
435.9943784451467,964.3975598031561
436.07143913052187,2432.045311266455
436.11248491608455,1006.3520026391642
436.21576089240625,483.9872760627553
436.3497297464307,319.20991544278553
436.35959762901655,299.76939884550615
436.4245916091771,327.2338158446649
436.6126751598611,995.0243123017129
436.6745000632726,419.6364131447548
436.7278097621432,2507.9842482865206
436.8676067471245,284.33113024933976
436.8948473256104,271.27994361009263
436.9998310349561,296.8966370523352
437.07003166635997,277.6733095301318
437.20682483870735,1184.9633896358937
437.22495005450367,515.2737715600297
437.39203621876885,479.53606767444955
437.9452137377792,971.6559031595469
438.17118219801887,325.40619695691424
438.28160404821267,478.29258956373496
438.56180682392744,281.9914479222625
438.6532303668527,675.8115512159179
438.6878559591133,525.0065013067973
439.0763971296027,554.1344788669595
439.2338711488535,259.39034067197093
439.2906111771345,890.89716036935
439.5748050144639,864.436196962732
439.65385006350175,1212.5606265294787
439.66000088354554,1111.6372797143588
439.7911590931432,721.5577719726534
439.90548562571007,462.4655924831077
440.2850810721424,824.1329534654726
440.29324100835754,1797.5058028497026
440.3297618188612,432.5044069909933
440.44336932457304,488.31572529337524
440.46784936863685,593.5734754985393
440.6982418862724,536.7434003107619
440.7963369236919,302.078723315098
441.03014037563366,284.8354869974382
441.0363839951647,581.8956898157462
441.10256486565413,1115.4917001194633
441.2370510547129,714.2436670398681
441.4793407229122,252.29809168078688
441.59209695821284,271.2501670142357
441.66727304394254,786.9025164364516
441.69687788695467,433.71728905024577
441.7608819977628,1609.98413718732
441.9758897846325,957.7135285272856
442.00625562358175,1227.4311914466205
442.0758731436689,557.7278844515066
442.1075733965463,258.8018226434663
442.12927787726835,1326.369198980826
442.2548108067004,741.0337608507645
442.34368380427634,1900.1241232925418
442.47395143066626,728.7613369755496
442.7775148566307,312.3305599942181
442.8412457947716,394.3954809583985
442.8845778981134,289.6695274528977
443.1087507615476,592.526406436162
443.1261456061036,506.2085276442263
443.19126897275055,583.6454150934496
443.2607541664358,730.9784160612378
443.3656693185378,583.6523448916771
443.371588158722,634.8246314411314
443.6311809345485,779.2952964966283
443.8914781865076,2203.223892869296
444.1235175453891,873.2390070190141
444.1282044965649,838.4732676257221
444.2225899184415,598.9905687228219
444.64081123887195,437.6477394477435
444.67227157908826,906.1727765931978
444.69092070863826,2336.9310163087625
444.7241109647964,268.38893896623466
444.9356274131226,396.6912527792888
445.1478690181355,1792.690672819608
445.3073394410232,1270.0118191812533
445.76113766482626,845.7786327957589
445.9105213254918,825.2135843457936
446.1458682944069,1028.745007729482
446.18674184373685,399.70218128344914
446.2181216003241,1586.6087593474892
446.28395585320953,1935.1753773472526
446.5827657718821,564.6606763941044
446.7103536801132,587.6892519344764
446.74306341828276,264.7317209640029
446.8990163338433,487.6480461966625
446.9557040726359,318.87272569413597
447.34988628727194,422.6341317430402
447.4538484960691,1350.2403085767844
447.4719799300238,266.4953053523822
447.4757918321878,562.9498326017539
447.57131738726713,484.1704458821972
447.81826640864074,326.40295970321165
447.85217772359334,688.056602290155
448.0548091684853,307.24960303917004
448.1049314016325,294.62371943775526
448.12658995424965,665.0852185822094
448.1322589446159,429.3487560577129
448.3731002923938,479.32207047947134
448.4079946546435,1226.5389697071487
448.44210996579915,482.72646432677374
448.455117401576,853.5030409427778
448.5335794303957,398.91148099641
448.5742450104849,390.40139818366816
448.63966571196124,1301.7514998530175
448.70856637236835,262.8925848398495
448.71201013432403,366.9144890141776
448.82648954216285,297.41695740198963
448.91532314020253,311.8479477507616
449.0638573607141,341.6047485843002
449.21091758675243,428.65673311823184
449.3392793763208,1095.363305827404
449.47000258976414,393.131415958456
449.8154721431422,406.697354688622
449.85977297289134,287.90155245613033
449.94195715530645,458.0689538026962
450.06345421874687,586.3597978110762
450.3620251238881,1195.0794157070543
450.5293384573368,3008.3979864061153
450.53593407743756,395.92047482192197
450.60906202819604,604.1754762060226
450.6747151158602,258.59026384020893
450.81944601105477,314.0744835758847
450.95286404972984,594.989058971141
451.15595693534016,354.58302770355135
451.31120846827264,401.697706421633
451.69588567567297,371.3992631759079
451.7800217056117,564.6419274225119
451.9570285204236,300.2381366767413
452.0144440043384,747.6928066325316
452.1863113789362,866.0451636606073
452.3552958903049,535.9469903317714
452.42050302028144,371.5389595728496
452.4436891403883,365.4962740146566
452.50269962909096,736.9111433231178
452.5828656552898,483.1279767154991
452.70711545539757,343.70692840946566
453.03964419699923,489.0105765148792
453.076235283914,621.1916873799611
453.14519381560115,442.83269734072115
453.14778978864797,446.8737298714279
453.3984836841836,399.6306685028883
454.7622372017866,330.64244329738716
454.78567173063016,797.4451033439484
455.11652953430416,456.2374911733568
455.13334846043017,521.115812729164
455.26128309184645,540.5371436610424
455.36384098203854,1379.2125419112608
455.37421217910673,745.7901634233556
455.56349668296883,871.6666873620275
455.58799894413636,672.0155791235452
455.6317736249514,314.26200999959195
455.84008774025756,853.4131544513834
456.05273432296855,284.9815329109693
456.0816258329001,644.4169184892785
456.0847284284456,407.1156351608147
456.30559043305345,469.60315105301214
456.3197682577606,1083.59020669218
456.57900757575334,300.56268627279206
456.58990139289386,445.3359200306562
456.6624492182398,396.996546978337
456.97800830541826,1354.7415996590303
457.2846934376653,284.86072128048033
457.40436817165846,362.14061149204264
457.52957593337885,415.40083256232816
457.5487327223119,537.7813871528584
457.6291775219482,332.6147258301191
457.71065051464575,371.15447692594717
457.8988013829888,876.9023547966439
457.9670567296818,806.6232717283677
458.0098165714377,1026.2864847376638
458.0807879037403,605.4926292321412
458.18500117720987,468.188970588081
458.28919096271795,703.1674916934078
458.38208388153356,933.2130911137069
458.75149304178285,891.3443578654752
458.8701035031032,659.7527431370785
458.9755623622621,339.22456701779777
459.0186628555995,548.7395034978989
459.02120051572894,413.9498108766585
459.13713050238323,261.4252154406561
459.30653550481,390.9261448623003
459.3218272978778,749.3748915970313
459.39333354393665,295.3875380878538
459.4662846710996,742.8562388766809
459.5329489695513,357.9644811894566
459.81946838001295,1131.9445299451677
460.52886189103845,252.47799734934205
460.86348988748347,750.2369844346332
460.8802875140145,340.9242215876945
460.96648592955256,1434.3705814383845
461.06095686626196,380.9002795411836
461.0639264698026,434.25489393126554
461.2338158746054,440.1867176689365
461.31479551271366,1616.3946034253402
461.50893623986883,567.3666290944392
461.6878860522728,364.8780016251684
461.85779065140946,560.1068969996512
462.02237745235635,819.8819406831389
462.18238972551103,312.274952656642
462.3944162398118,3326.502092272646
463.0099461795231,270.61595260055833
463.0285583295215,372.6344684312159
463.06380971879855,1264.7899608759078
463.0674516839388,899.3443438270695
463.21705746157375,598.6981617827676
463.3160126094971,688.9121997785595
463.5273311853511,1340.966983705309
463.7362646647445,1413.1044211591732
463.7970220486494,269.63218206049066
463.8631056424563,527.8659587723781
464.0067948622795,2076.2797943141786
464.1064374413633,297.25562491874234
464.30248615924404,265.59131083421863
464.5803777218355,1451.8311464360486
464.59289939901555,779.7043339568735
464.6099226117382,605.4797062005712
464.69586069027605,354.7434878409354
464.740364783935,1384.7493909212317
465.04190911122055,324.1269274869219
465.32571074277007,364.047155404651
465.33521847453073,450.66220469695423
465.39575132879645,303.43244410979094
465.50254627436334,1203.5658561766836
465.72678064146885,296.3328610865403
465.8948097512482,1100.0416230258081
465.9977667997817,431.17041558416145
466.13528813561345,689.1211144172116
466.14571908126715,587.7114741309413
466.25106760199304,1228.0064301421621
466.4469727995645,515.2147609835819
466.57729748526924,587.6306303605654
466.59692892530506,526.0378202166144
466.850067856252,1100.2739826024783
467.2332164611509,2620.967063538729
467.4932221953024,623.9354384261753
467.92260167170787,621.1808935461326
468.0396111637725,299.5948131275251
468.1139400763441,591.4139718427804
468.12478713575933,435.5539790293068
468.1630305547041,291.93622493592244
468.5321050155211,1414.6567159652418
468.5474825788117,686.3308260756265
468.570505652972,325.9086124728533
468.6555407886216,2257.1822646492324
469.0139651162601,551.401422635122
469.3779400129953,265.19598584274337
469.5360756610918,904.8739929413917
469.75119140682745,362.65307734826837
469.77315470045403,496.196948389789
469.86134715836187,592.0251309470293
469.97174302918853,387.65662612970823
470.01964343064094,255.90662759481134
470.1531919432226,555.4321047309097
470.24287251514494,359.06656786130094
470.2895619613739,812.9972579541144
470.43437488077785,2328.672301009517
470.69551321397574,280.77444017609236
471.0443894251314,1566.201406866223
471.24205990060875,843.4128330896776
471.4088617977135,517.1218008270233
471.4352869673513,524.0591634330377
471.6179277572259,613.6994356445889
472.10756032607276,625.0898524141393
472.1115738773285,664.313259658415
472.34792259173884,937.3720210811184
472.3747034702452,335.037270962163
472.40330036994794,760.6581835561364
472.42196589589616,449.4607785385846
472.5176795063789,1645.8576541580496
472.6058941857499,841.4214791315866
472.6100034743166,618.6885266156924
472.64746421046345,2751.6751561581477
472.90983778164417,301.62028453887507
472.9557991386875,555.8221091563124
473.0049688093766,613.8516210071632
473.01051190890564,536.4073174627744
473.03853274637424,265.4081635564703
473.0999948648642,337.8556384515508
473.15116579224275,254.3550578887435
473.43455095819775,1014.1069468073074
473.5665211314816,316.8804647245285
473.5717468854581,573.8908228516806
473.6817236372475,316.9624654508908
473.76567647983177,472.47627394668075
473.7982107350334,526.7524506595032
473.8215438755328,1000.0677676330329
473.8998792835969,270.5176321124088
473.90934422808584,331.58285481634476
474.08110891553065,317.76175808806903
474.12684087591276,284.7650532749155
474.2509490989735,935.1935878761618
474.70727367001894,319.4279671029913
474.76082330621205,508.80741918500075
474.7689192858439,273.3027792070188
474.84279107255986,436.6935138668477
474.91513034646175,983.4919291005515
474.9264249718364,713.1991049204945
475.0604379982812,427.9039594719772
475.13768124797855,972.7284369642833
475.2470767576762,524.3373171762732
475.27091585027296,1180.6174327116823
475.40679018266326,387.06672035483575
475.5040150678899,721.7398949949273
475.77610818006167,608.0787459776822
475.8490831386707,381.6252128340977
476.0662256135548,268.88085594488047
476.1084110046458,252.9862452238058
476.1753134762889,435.48879369865466
476.2870768195984,571.2161307912944
476.3928935863947,1187.0042904514723
476.4603432803599,396.93967214617606
476.73140002323726,352.09177778353256
476.87010451840683,684.5729418353986
477.19544465545385,832.4325601407126
477.32954151393835,799.8229668577942
477.44270416767745,421.0551262150675
477.46909374997597,1025.0240961325649
477.50548082427025,567.335429389746
477.5791323381638,277.4805266616403
477.6085296815678,411.61159658619897
477.78805872125685,576.4481185233982
477.8485072732741,632.9626696497438
478.21465283661263,530.7214516610757
478.3072781440786,470.0802927950159
478.324675084251,1899.217785454612
478.6408813146582,579.9392455597595
479.18930055713724,250.00660985094464
479.1961066021228,865.9009046936638
479.31974593140484,729.7174358389575
479.3482792123413,375.22541152963555
479.4165443165508,446.4603513055364
479.54755421173763,821.7818192976205
479.91253825097715,474.20039533812127
479.91945062432734,342.3043076926923
480.09247296732343,785.5490883384755
480.1786227150475,286.8060269988126
480.24048754081446,378.40347402888517
480.40128505330773,923.0591993919842
480.44881295071644,940.2711014586971
480.6442145162597,365.1762731937527
480.64799063596854,906.7920639245874
480.6933895192845,365.07381780933855
480.7607325298532,384.30874260618174
481.0083142440223,849.1022644721199
481.1577805623038,450.8991185822468
481.16537520887215,307.81258036660637
481.22087410535386,396.45772197619215
481.2484390059176,588.1991476112324
481.82265579953406,1213.5749084924685
481.8952176646479,351.3465214554355
481.9675173767836,957.7958638065501
481.99646951055075,290.29565524845896
482.00046056527356,767.0026300667795
482.1196277715851,547.8657933550919
482.21505524378176,439.5411166718792
482.44109486357974,338.992412283499
482.72978041778134,469.2947427754313
482.8145537144002,840.8150684000663
482.970025750168,560.0412614733851
483.2309148799005,782.4221264299323
483.3086639045043,318.5721722124962
483.4119563111449,483.88110222424626
483.4668202247575,500.26685097979845
483.48987096462247,1196.6770244652687
483.55138728178366,341.5946069178621
483.8374581892299,306.490828666323
483.8399923358914,1417.5106329673083
483.9133759848976,692.832871564803
484.21986943733907,524.9998851918056
484.23657638626827,560.2184867041714
484.30969373882346,254.38994867120897
484.4586155755087,318.68917933105706
484.5557032520591,1090.8593083302396
484.78326255773095,269.66429420148853
485.0379017174453,586.6684951437596
485.09861196934037,882.8702810755391
485.2666610489932,1895.5069948885357
485.52789134431663,264.4640997452824
485.7473900921792,737.6409090931635
485.87168400569186,305.1864191426922
485.9264734173054,559.1601761507172
485.9849786644487,589.3262105556114
486.0206346638957,577.7008872957284
486.06317794135236,348.7712124667449
486.11096859169623,1005.3249074763039
486.39628912366845,298.7501447616596
486.77561860283873,1304.3567918780213
486.9195212788346,378.7378993240694
486.9351887767406,628.5887944544867
487.0366257965998,629.2437201416551
487.0562811381185,716.8790835399464
487.212850434071,387.85012627110865
487.45438817875174,262.363891193281
487.4892612802567,651.6237808128717
487.52308991872496,652.8930828178774
487.7407441630169,558.2798296593871
487.9172819452996,339.9168938385359
487.9696295311827,415.8551788112968
488.4325196130965,289.7079385274568
488.6526095587247,638.4501463649444
488.92776381214685,524.4873303523242
488.94431752771425,912.9616082167571
489.0155726643418,334.0041328822979
489.314883848417,671.7438149333813
489.36993228193813,797.661920956505
489.40414231754653,599.6734928291421
489.40718148394296,1024.390207995559
489.4314817697564,427.55274763241965
489.4830120655842,405.2449260470904
489.5552309391306,1025.7637716985585
489.6189588230105,469.6785815503891
489.6344627375194,781.4587197282891
490.08539381019654,1294.9225483168336
490.59638338081066,607.3770820419275
490.63427740205367,341.9384025958899
490.6569350341277,741.6626108578297
490.68242454853544,378.79584418077167
491.39675053352,1094.467718574895
491.5562848263646,352.36366050905593
491.7091269066741,947.0415267498015
491.9997777607291,508.8100019782021
492.0211001598667,1555.2700456050816
492.165864073438,443.548361715831
492.20419702088793,421.9935148768299
492.21679436761457,544.416516491185
492.5220886353658,702.7341599355054
492.5271566415818,437.72285782280454
493.10206112957155,425.5190056846835
493.16602104616686,1871.5593148490857
493.1905556446628,622.7297384268443
493.2857932907276,1876.504690255009
493.36997132508117,294.5005788250743
493.4851564466511,361.28816317839414
493.4921306368426,893.0911439933676
493.5882644392493,360.17170915828024
493.69867059079206,1334.5287555001537
494.1122515532406,280.00139844842107
494.12474863810013,859.7161737235367
494.2342953912551,688.6198095739857
494.4598805936843,1833.7708648760129
494.5872946485561,561.479578697657
494.7004218869718,488.02150736597906
494.761178917761,1037.669861531614
494.8152133289742,700.5324043456784
494.9231593392183,380.96747667886785
495.1489373920879,277.4697717392396
495.34496994870614,605.0464129660847
495.3551670105812,668.3471467148931
495.45003228740296,460.1270949479087
495.5365507807453,381.58467145145124
495.637609984447,2180.2161562870297
495.7060778141158,507.5008936391966
495.74426917072935,710.6540783607281
495.93639033653403,1267.3203723412535
496.19799115669207,508.30655524539276
496.4037477173166,747.6966540941203
496.4655281647854,254.89689316504854
496.6268554375041,547.4919357908365
496.7067164190698,639.3073972337344
496.7835300914732,275.44294095725036
497.017372794105,762.3943550872865
497.08284042686864,434.0627242046976
497.09448074846114,532.852696279558
497.2092986278508,1628.3168302896313
497.49929268952343,1224.0362412682316
497.65871800970507,2148.3965408180875
497.9292060481952,475.9321177255878
497.94799439926885,264.4879477080496
497.9512122440126,266.4647508558808
498.15837872553703,548.5608685909478
498.34019143197247,466.7131237326369
498.5170107100648,986.1901541164067
498.6063935911553,544.5302903603862
498.9738101171189,397.2001855870777
499.2475110153267,263.62010021082045
499.2920438364398,708.1853522073296
499.6094998909753,373.73268045195266
499.99875319753426,499.1129337217586
500.04760375604275,370.28359604103184
500.4401096967746,410.66191650163785
500.5482776234577,431.79336456654494
500.5614818645257,784.8376850598484
500.64723782619853,1309.6224009664547
500.6609553929669,2877.481286083335
500.6939527727366,281.12208062130935
500.9149211908716,314.05224291186727
500.9239973709134,590.8971468427977
500.9802291312617,806.9198312313162
501.1064671532746,593.2853051273482
501.1264942336009,566.7052760535532
501.2527353079238,2116.6937325723907
501.30787382838065,339.6922406962864
501.4512958513586,266.97181072485546
502.2630902523803,516.7614691502787
502.64572782908044,338.17863460302675
502.7303344318089,1429.430689734172
502.97498285201516,1759.9257939417828
503.1534601456566,371.68404210731734
503.16463650058665,1028.3103320030543
503.2159410572406,586.2275514374462
503.26357262716755,603.4096995384881
503.3636908427531,1399.5640167106476
503.5737468424569,498.25060121579463
503.69107243065133,286.46983808815577
503.8564159794971,510.7098117751455
503.8939794962136,372.4239083333354
504.3555061809526,475.15511863878913
504.4231241870999,263.62046753504404
504.42598941169445,993.2008530858213
504.4675716994823,579.6078104514503
504.58644813847195,914.8795054487612
504.79962182822095,391.5443766137121
504.85618114738804,383.31220592078773
504.98402138457647,405.55118785461
505.03806390649265,1880.089080702406
505.4778222105702,3067.522919532234
505.63051867726045,369.54158176276246
505.73146712139106,543.8237442543297
505.8172686884759,461.2120432897117
505.86497853366444,443.3668853569128
505.87397730721284,451.5247554538163
505.9378123599107,508.61668551215047
506.0766582530397,298.4856629972086
506.1609647804412,581.437897849817
506.44403554629764,624.0160171255976
506.62931397582895,300.26088973552584
506.6701966310794,539.911799735964
506.820986458885,787.9449729793396
507.09443557867166,757.2502052382756
507.14029528580204,787.0044789138476
507.16055377967564,869.3959378100245
507.1771185152269,358.12726128421036
507.1848163182242,279.54698957500585
507.2001685502556,1740.652850995251
507.2876791569863,320.8632846954993
507.3380475981726,1028.304531581281
507.52207664580135,1025.702689167699
507.56041985090474,1006.4077791628788
507.5652430047014,1016.2776264616072
507.6641230932984,740.3199973445824
507.70604048475207,263.5963807683527
507.7829799026082,492.54833517272414
508.3103108179507,371.56502604533665
508.3149466463768,872.6678387969251
508.45928234792,495.26428459817436
508.5181963133305,416.02925076727695
508.5274994151335,535.187176555603
508.90275856742596,1368.7104614969646
508.9614176014892,934.1682536826926
509.32182167703473,795.9944993291961
509.3391202753475,477.4379113916173
509.51773136314785,1350.5285046518397
509.5594619110882,523.6746009863402
509.6159716466779,378.1853156514286
509.8624024987012,679.7765793514093
510.00111665396736,406.8082980191567
510.08772236675003,394.5187735200604
510.1071838075338,286.59816524303056
510.25399643894485,762.5194091839126
510.43712632524085,268.5235937162533
510.62673903753705,500.07814165282366
511.1289571510166,443.3947504326815
511.14597952037394,250.69105590052905
511.2147244961251,389.26916593408
511.39943459615336,293.33916789281903
511.410772257556,437.0531427253838
511.5040600946357,475.66012060563355
511.5606045362506,1811.5275630006863
511.78075717953607,696.3235119794087
511.78936603825224,673.6988558668845
511.87341780666975,433.04773891281246
512.0229909827837,619.9322717254109
512.3297979400674,445.722584936812
512.3444593947369,1613.0365211407054
512.399965388102,503.7269551994908
512.4989895284194,761.6298678711071
512.6271311285127,356.67395887043904
512.6847426044769,292.17422255231185
512.8024715435428,299.0157102216978
513.0366381353716,596.199608381898
513.1855797435844,315.57431510067175
513.5153122778952,609.9809741845007
513.5368982572433,362.1738131958666
513.9316365121551,1345.9148581147417
514.0845947078053,919.5857234307565
514.0997036848521,643.9977588332521
514.4817960319415,299.23630512111083
514.5050713419819,285.2365019973325
514.7601467265152,375.261001303981
514.9832846189004,306.4626845654853
515.0820694466174,976.4952126630383
515.4477301219517,522.6216522583039
515.4728839939432,548.2581046156982
515.6029738422965,1262.7523701973464
516.0075983508591,357.5641562239316
516.2255832800315,671.373323307168
516.5874651889795,860.0552804613033
516.5946372770737,606.812505148266
516.674805345584,355.09219059140025
516.7479812614129,334.1920399779502
516.8903220632865,270.0665062411913
517.1224841457162,395.24234699932424
517.1497497157901,284.2969974021829
517.2907064393437,374.66872983415095
517.2982137450576,380.6214771263638
517.446798445018,266.5372187927589
517.4737322852693,413.83733011815485
517.9403524879281,1669.3023233969373
517.955768599815,472.85576797647093
518.003896714077,5305.332892181811
518.0295131237858,907.0470930085409
518.0849918347012,417.69365604760833
518.1249162794649,399.89149681738047
518.3985641911707,605.4857237423861
518.6144642877421,674.2697477639364
518.751967432286,344.8123624158811
518.8460249668099,753.5046109878583
519.0779622669708,334.62883526754985
519.2715420495083,329.86828413791477
519.3019651864798,306.5556315327905
519.4582071009839,395.49312088714277
519.4770286174262,665.8809853710909
519.5360304214461,1298.4085140835641
519.5955700897293,480.47012071546106
519.7289420347873,1116.7386566216278
519.954929828219,759.9404062807112
520.2743842743811,278.7406363705053
520.3132471222062,537.199175335462
520.4690272854278,1482.7177110282007
520.6946340871983,332.56807242677286
521.1994614169215,420.67773030604536
521.2060160534074,261.07700219298954
521.2754928083893,540.9478956369719
521.3480417688486,502.89812120322716
521.4334711781103,453.1780490222821
521.4683224882291,411.377132366908
521.7751562338524,1416.9406201405427
522.0223519752822,808.8893110445931
522.0447089155372,268.09172124306355
522.2631224319749,879.7409079183992
522.5061124286166,1229.272456658359
522.5675298685037,1705.554523543388
522.756416154769,1302.5292735074352
522.8416387299105,344.4232565120793
523.0496595848817,792.9085534725848
523.1930640364156,561.894014181804
523.2444855440476,301.27482141814033
523.6141023015653,575.3726514010023
523.8038545815622,255.41555095349233
524.0506840661074,749.3768597846044
524.0738899050741,546.2184195247743
524.2599344769744,1843.0881939610322
524.3172357428557,475.83593518566767
524.3209245032839,1461.8268451042482
524.3930177022985,657.6630859682452
524.4012992336296,890.2892407847557
524.69541706469,287.5034419562237
525.0205084448003,1727.7802647219028
525.0466130206357,305.3546082865225
525.0918756285467,391.85536955188024
525.1004737898178,1823.3549538914301
525.1262967558824,331.9568549145724
525.2143031492512,413.80302536747297
525.2952693264847,1032.4919871978618
525.3175465630239,2132.90752536686
525.5901875422245,258.5706688233487
525.6243933512741,1008.919127585703
525.7550381805765,288.04672491534546
525.8281224933546,695.405345936126
525.8336879952674,472.11364717318486
526.1458772358219,737.2811225270007
526.4183561069029,2430.96117912966
526.6930354999017,304.581452984456
526.7578533978601,1463.4157081434805
526.9185129433014,1037.616120079129
527.1045427587818,1331.2347405841938
527.1556912668066,353.54374139327575
527.3743657776856,2141.4491235580235
527.504495388557,577.0136899105555
527.8846945060677,431.7933443352467
527.8961916246494,1472.9118735352638
527.9811083253973,1045.5913375098064
528.0281884440853,698.1811390553887
528.1527413679379,429.4620960082695
528.1964639445824,283.71467504963607
528.2164874831017,713.6622124206766
528.377177813929,782.9379889604102
528.4752092361507,267.77682758241457
528.5363297751021,352.70829008270584
528.5501619031455,1047.1232771368861
528.648547230801,628.7113948755702
528.7195109632228,878.5213853513475
528.8846038780989,308.29303285544626
529.0496446322849,287.65657291461355
529.2891350286609,1150.0014504627006
529.4323788717691,757.1899993391711
529.511335779584,811.8860085284306
529.5488010339775,1376.5403818540149
529.6981237631096,693.3693989842828
529.8876551175588,357.6652276101667
530.155737385455,294.3548830189531
530.7452315521222,828.5025353308542
530.9685458078659,293.7599189672348
531.1646389281635,542.43025255412
531.4051948314905,490.62411580997514
531.5995285811597,307.7950491624878
531.6403021656356,719.8093289198833
531.7605688074628,362.1228617826465
531.7772259335526,800.26636415474
531.7898248342249,500.85379316922626
531.8137324408243,256.2130234894634
531.8181975356158,484.8908286439711
532.2449508499985,272.676770335389
532.6782239811512,657.3738842226393
532.8539613552368,658.6276369901469
532.9211846123653,288.56477606366974
532.9332196771115,480.22913580328753
533.0680236696076,603.3409386296105
533.1466983231917,414.5824100492792
533.3644405144767,409.4897358223476
533.5312626964991,381.27024358943595
533.5836613592322,314.0912096576958
533.5995989178454,1225.2648569876126
533.7243486933844,681.0645618150711
533.8092480368437,292.9914517950486
533.8659007480486,261.97863237295974
534.1473808246808,801.0267728398279
534.2899613157527,1862.697121674479
534.3281946778915,1871.6558397674187
534.3713131259035,685.8032440941571
534.5235495477766,2691.7100630875466
534.6781290396785,759.4291202360699
534.8030814822523,895.0047125023013
534.8501141668837,408.9562475275521
534.8639415623634,736.3160627021766
535.0039404143357,508.4070454224876
535.2785856354477,591.5930670707858
535.3430015576719,270.0950393532567
535.8095678957745,276.28797841471675
535.9759660185974,2097.0365628807717
536.010812642189,1181.6493369738857
536.1068344354613,661.69196885945
536.1165889567917,316.9999140638725
536.1575878977,416.147678849912
536.2159747702061,618.0207133175318
536.2225338010637,384.8355983620278
536.4911620251629,260.137783668582
536.5406929179773,998.524613789802
536.6683955532196,276.4293960124958
536.7675127010529,1554.6051411005367
536.7984164689298,445.41335200706095
536.8788093065331,306.80483776682945
537.3448477509455,265.11216534463034
537.5131625847423,253.90877747910497
537.5275719966965,409.9161590242544
537.6525825311347,425.15145010257913
537.782857677484,384.49339916399697
537.8463614616877,427.3941400266312
537.8613942252662,2142.012154057229
537.8795539079591,960.8479885702263
537.884730883787,4074.313438748634
537.915151868269,457.3931397258471
538.4914130241432,444.8081207188022
538.7027159858126,724.0442329584052
538.8273791221269,327.09809375928484
538.89911082496,1033.34568586274
538.9108988766532,764.6820546120127
538.9230847322837,619.4116685477113
539.0125788963837,892.2156387466849
539.0749001434829,2913.2083287916907
539.1382943469325,1117.3505632891383
539.3861198383919,539.55958635054
539.6185784257347,321.2348341165338
539.6392164655231,887.4287724508878
539.7055236228039,371.95346837000966
539.7206770086265,952.143974435363
539.7474768821312,718.2259286961408
539.8481150832913,385.5108649587119
539.9160840059202,460.93426833859667
539.9424510357958,867.2349885390076
539.9993641992054,540.9612198993377
540.077461740108,304.80871335943823
540.2156753544157,402.0404010575575
540.2875686356645,269.2284385771134
540.3144342477817,1208.728475259742
540.3662467307411,919.1543653822662
540.467577800064,538.3844587142248
540.4843860294151,513.3853650858598
540.7552477216192,600.5840583401751
540.7959036046935,1550.0992629002553
540.8429933564704,1162.993652550019
540.846968685791,479.37334986169594
540.8540099546855,288.03709658171334
540.8734910366031,542.8621746533083
540.8804484805892,525.228675448319
540.9136164094189,1442.797049902252
540.9717079123582,259.8218243467879
541.1137353009458,680.6530643992115
541.2320060132271,376.0108293360118
541.4912147236138,378.6459984120022
541.5070575955142,372.4033871515798
541.7804736855753,269.143806020314
541.9220770054123,553.2174859183194
542.1433642267659,299.76208479384314
542.3771418846299,3202.249142225757
542.4281949256653,531.9627062067161
542.4593056874855,711.2966040478519
542.4940114267924,1203.781439157185
542.5059213144333,279.1559520865836
542.9264882872438,319.81877789410527
543.1063367298952,768.1592494396291
543.2785025699895,491.761402668636
543.4857089116259,300.09653822330756
543.5210976389702,515.6883237649087
543.6653066662699,805.0403455020486
543.7918159836315,385.8021234251344
543.8837343726888,612.5047774191808
543.9952764268157,349.2376116021948
544.2571528187306,415.2226488603833
544.3721860698988,450.9647322590528
544.4389157831724,375.2242273726855
544.7685460503101,434.33758596835327
544.7983191717533,861.081315051329
545.1035634255904,1630.5674270700883
545.1300156670238,592.2999549035633
545.1854565591334,400.75621978646615
545.5714715477027,273.1878473741911
545.7594224149506,1998.4542255082658
545.8093699653648,952.2593266864621
545.9313120355587,266.02353167273134
545.9526599681076,1332.130526304765
546.5616054244923,526.3949741937131
546.6480728579509,721.2528831051086
546.6932108793633,349.9880284062436
546.7885547650349,601.9907103003876
546.805801461602,304.1015539782028
546.8501618317512,381.5785463217609
546.861123504663,964.9369081581854
546.9523160336046,428.76860734756673
546.9864424612063,585.959770535261
547.3781083514899,1130.0950895080257
547.422245052001,274.86485478714786
547.6803806502829,389.46202121242686
547.7686000092482,255.04012291575552
547.9164136117374,324.43624955733515
548.1575322848462,659.4640990456891
548.1730339512767,1057.8224922154648
548.3346536931135,619.3211418503543
548.4747684542759,613.6864906031338
548.4808202346977,547.3645461621858
548.5763198273507,474.80008599091855
548.5844560625393,826.4768174253809
548.6672706194654,1691.4802034999038
548.7232619914422,596.6692272132699
549.5212589709461,1090.2301209528182
549.5807175551479,372.39255614020146
549.7509141623141,1323.1380883982781
549.967520250025,973.673379316513
550.0534368725673,356.5980935713574
550.1984504841835,1037.0908915125597
550.3412253811043,373.2645276970597
550.4125673801648,396.0168903731597
550.461966480066,292.44302386151435
550.4869744713669,603.2180792694435
550.7104347250968,1008.1509003549
550.9408204785855,1500.7768310402207
550.9502855673315,888.2907408828562
551.1457541384943,714.4410774874541
551.1959729671337,255.5314709098438
551.7599510891691,1717.6359089440248
551.9267914681941,590.501838222746
551.947188476818,258.1178051815784
552.6695671019891,379.08496779132236
552.798391336517,490.4741060955583
552.810051854613,254.2543663599526
552.9549265684566,325.7211820693127
553.1546324196141,433.3479301113941
553.2078861587022,334.6182868574366
553.2359107785406,631.4270789042787
553.360823607945,627.9345440140889
553.4215582394831,389.329569220069
553.4813558129651,409.9527890271486
553.9023252712461,367.19615446182553
554.2828437981826,307.474743214488
554.4633939891307,287.8323505549999
554.5426929891295,446.74372785407024
554.9240872840498,289.60387227757155
554.9400705235458,798.8876130170511
554.9478751186479,306.77396662446074
555.1454655841644,929.7066975058501
555.2722250418178,1218.3732869751798
555.3888888741566,364.2331083975995
555.5022678469863,251.21832731831435
555.5708705987618,889.9335454909852
555.6092628516863,912.363938956081
555.710820539786,449.2901346045279
556.0138555694155,382.11154541644476
556.1211463242116,384.7295744613021
556.1295021752987,2206.7558112910506
556.4755309432123,369.92804752856614
556.5010630528986,292.1200280735112
556.6510204620506,336.15115925480035
556.9963942379222,392.2377204605715
557.082605192006,282.97020216899404
557.1212986830986,297.22487945769194
557.5216517799824,287.82731101228495
557.6111881596157,615.4606165802938
557.6905729614573,2182.5248716890214
557.895768050844,307.3411146125399
558.0357219227824,450.34971204840946
558.1195803820856,326.15592222422595
558.2407884018442,343.3825787444344
558.4250267995675,661.7580446617686
558.7483327967093,594.4998640146359
558.8275380764766,504.43791814260703
558.8551931003881,969.7151278782342
559.1289508261855,818.2664270584675
559.1654408258596,319.72811968400634
559.326961784401,567.9354934296226
559.342993958651,1138.261783951849
559.5319923779572,370.381555925315
559.5381811296761,364.94638839477466
559.5691336898767,437.4117611381717
559.7393572473208,351.84793096518246
560.436427327511,457.3713266307427
560.5189288266622,2392.4689488391564
560.5702440350997,738.9341538251383
560.6322805755655,511.8108873803636
560.7142180863967,276.7223838213544
560.7349040470377,612.4109724744251
560.8645630707367,842.2947262010491
560.9111357297027,492.40026140298426
561.0545843790209,559.4922160026094
561.0656096892382,295.06522035149544
561.1387903828704,1868.0170946024489
561.2018252657517,351.5702503054525
561.2297889307007,571.4250794695799
561.2696654495955,3391.0266129833594
561.2724990031891,330.03459702783397
561.2955736446022,314.3903065797792
561.3473218175628,1400.0158104779232
561.3621596954504,1018.7475577561427
561.4645749474188,615.0661134723106
562.1054001886897,262.7145560687785
562.523789727346,251.92042019587925
562.6525695760521,662.296700723008
562.8160595542518,716.1366794397786
563.0257727375044,2594.536023629473
563.1266100076926,962.4554319694338
563.1348628324006,804.1777322682581
563.1550928129338,1555.37896039906
563.2226584045966,746.4742444226372
563.2762852939996,629.9614674082468
563.56821892267,367.56212523488557
563.877284701818,435.99241200986233
563.9569260070855,2630.0917168791993
564.0421219957841,1116.8314210831873
564.1314630410982,463.395797817304
564.1348418239954,1634.7101009733797
564.2103974549455,1616.2563218111827
564.2912643476986,403.16708292387295
564.6427242874275,1003.2032282163536
564.7436193398429,945.6078021253021
564.8674766241916,679.490890710602
564.9538563348582,611.2661481085262
565.111096091546,526.7534064570632
565.1480351115777,1372.9530759011668
565.7553078436686,684.323895380817
565.9877016125342,1163.6730884037152
565.9908981699598,565.3523123857678
566.2452520571495,346.1989906727329
566.3502126427879,1096.040510499012
566.394677751568,448.17136890195644
566.5854052581782,251.77404184004567
566.7922077897813,808.0306572451999
567.0176431072642,658.2346444517518
567.026410564171,524.7783637092635
567.1055959251607,769.9754607683772
567.1513397915351,692.9734190269617
567.2186729163213,3753.718507868577
567.3400936276629,594.0531445798457
567.5879886194832,882.0170360796088
567.6467546910824,619.4769218777735
567.7282433665392,951.4085925513137
567.8709053637514,1592.2966128089365
567.893791448093,737.8716459931387
568.0147373544746,849.9163203911385
568.0776696202967,438.58969427826463
568.5331515744093,1865.823717222517
568.5723637962601,406.888196796474
568.647607061319,810.0816308262134
568.6646280376017,422.603396347663
568.8726546985638,792.4700981827926
569.0163740783092,898.6390989579722
569.1592023551799,252.05627823142353
569.318093336428,309.5097364011276
569.3773596511082,364.58892029076856
569.406157279939,461.234197642255
569.5814241297068,529.4279115643185
569.6425269553195,1437.8916617001305
569.7668291336227,262.979629538437
569.9790287076638,427.93107533133895
569.9935338730745,810.7858171166582
570.2200286151449,806.26105568248
570.2697507854941,2802.6302896206084
570.5549182127111,1375.679577244101
570.5982173667207,826.9737635007548
570.6039002510238,596.4905385992411
570.7672284186755,283.07322339023364
570.831024680476,408.9883932697817
570.8692494931674,370.54066725261777
570.9027490069925,4361.292738861048
571.1777182404687,339.5134617802081
571.2315547048663,850.8076706410297
571.537966139788,998.9175371921547
571.6146223324458,850.9236425095827
571.6526364458931,4032.2126524546657
571.7063329086745,439.2131831509195
572.1000543119169,448.2127884412959
572.285935801304,566.2695324290477
572.3501498930832,334.3244271262546
572.7701922694314,287.2718555409421
572.7766992124127,652.0846529110634
572.7927374132646,378.407430383037
573.1304772969297,1133.3348612603984
573.3033466925151,741.0517866447403
573.3118020725581,483.7953682160404
573.3521436373713,451.6897179873333
573.4683005027648,323.25445501717775
573.4970807664029,904.0401316585761
573.7379350228066,778.7958540586798
573.7657292795408,944.4268320484092
573.9494086336945,772.995156569829
574.4757677707316,414.9408967914259
574.6222928797167,387.8914056560804
574.8912108029821,269.1973214709178
574.9113706438607,353.6374639916196
574.9405323953656,361.22783352451404
574.9747756802201,640.6127738832791
575.088539165914,687.542001861756
575.2049472324586,2241.704451747576
575.218025187933,904.5136969776123
575.9900301576093,646.0102318932986
576.0778747902441,1625.9338101030094
576.2081106176443,285.7061068736343
576.217470283056,1317.171533270173
576.4019666783795,409.6810086553458
576.4824298845172,398.32262030511583
576.4857440160602,324.80479125079086
576.5047070727915,450.3611800991049
576.5758594921193,514.0364685546967
576.6644028496596,719.9421747321642
576.6736247315099,639.30269113341
577.2542787117792,287.35184394352774
577.3586907859267,498.97118760108293
577.4006937029319,378.1001146658048
577.7664007055449,1292.5297555535144
577.8931033065073,1161.1737954125847
577.9431736798088,480.8530639561427
577.9462287951026,577.9466457758047
578.0802101903703,913.9443142683745
578.134819348583,1512.7848560844325
578.1785896825697,1027.1811428206752
578.4116336528288,442.3600476050682
578.4567039178421,1174.2375672236105
578.4673185753898,374.95854169171224
578.5500988502179,466.67908136426615
578.7593598428779,382.798563457263
578.8161321180756,327.03208854109255
579.0735821039732,312.7984111480129
579.1910845987787,291.9467232911149
579.3172581996287,786.4334676372916
579.4699067101471,838.6820470609388
579.7340623076997,791.2203268736232
579.9955475299513,277.7612175423705
580.3063758805914,1844.2068540376517
580.3797543440684,401.53972132690006
580.401070151082,754.7366927541132
580.4506617530689,2110.5605738265267
580.5845861743788,1187.7354512810637
580.5947295925521,1444.8953092816291
580.6251515007169,444.3546961495557
580.735783730551,254.28876041901555
580.7541087221742,416.97066850570224
580.9618510066696,585.8332643871431
581.1875857636638,514.0061713797223
581.4222585045123,763.6324363583343
581.726763482284,286.8921274959934
581.8687302765605,398.2328665851271
581.8796770974545,1103.8964142548732
582.0187410290591,557.6875750735006
582.034117893851,476.1560779659451
582.1067323685758,2167.8777946421533
582.1201507517051,1238.118987662004
582.1597853091575,905.8952851577111
582.1850244687353,808.3061263111103
582.4080435437259,506.65407715363733
582.6145707243638,252.30891780716752
582.8214429156789,318.0502936778783
582.8977946663463,652.8066840424929
582.9960683625212,285.1633480370777
583.1500089513568,872.6281197405268
583.17883674494,1517.0824491410333
583.2393929897844,277.0467840574493
583.2676552351081,325.60640628807613
583.3411815168373,1138.0655824084424
583.422323861038,674.7925047801261
583.5741967175248,468.72223290986847
583.6185279008982,426.7349507621266
583.6428565507509,275.7518819848709
583.7934647270578,382.59716341494374
583.9837212659297,1087.5151279475042
583.9886949077535,1704.4237859493014
584.0186049201801,1422.138278115843
584.1605263757124,649.0911567132966
584.3316135813608,478.962560940046
584.3979684729254,867.8624379147197
584.6561614780829,847.1599407017446
584.6630498203401,349.8778798913577
584.7190224326781,310.57377123164014
584.7411407632105,469.0518153350312
584.7445999265462,2109.431316788919
584.8303728089413,285.4532511691064
584.8542146525167,487.5261125574286
585.1441024913644,277.96855886449697
585.3254792054734,407.4386815973164
585.3489589718517,817.4342128524653
585.4233397884657,749.479810984578
585.4795371821228,336.20279226850744
585.6737614176982,413.2298466951134
585.7180464321987,406.3228216255272
585.8422888187567,1236.8306701716872
585.9275942367701,443.64990400948307
586.1490689631089,381.94496937576366
586.6148270541894,868.272533123334
586.6231181918035,848.3701870402136
586.6825274915566,594.392345476177
586.762477248569,719.328828891183
586.8333647390261,252.54541795691193
586.9377605944833,382.7314916640578
587.0271914187617,715.5084428972885
587.0693894546769,303.82339281087496
587.0962334613538,1855.4640496993766
587.2835855173126,422.8299948421083
587.399979571777,1859.347047489946
587.8738836205059,365.1075380361032
587.8783133216612,397.182394882582
587.8827814167581,916.869575672494
587.9129214419802,851.4136478446338
587.922051704485,771.0113894189712
588.3096707337371,136462.54321029008
588.4525807823578,312947.9871955058
588.4581780515996,309.66826443175546
588.5966303456729,377861.7653404194
588.678998797191,867.7159463984189
588.7396801820519,307794.5399857888
588.7929149672353,806.9546121475979
588.8830098399812,194743.16723363163
588.9586277774249,399.3873232012564
589.0256108970304,102511.42942323982
589.0744360541593,363.50060179259384
589.1695809079204,45885.73269770196
589.2024542427616,293.471364489364
589.2353074031112,318.1945685586114
589.3127874646217,17614.12749017018
589.3741306289244,695.4374661493302
589.4450670646821,308.84671778391703
589.4565310806239,5484.527606159834
589.64554364574,847.0372739353796
589.7775817804279,848.4935305309167
589.9863758605477,2150.141077149946
590.1896996525176,738.5759149235894
590.2043854451263,347.99633688714266
590.4827783280878,1922.0358880966728
590.5804370046483,385.36872780019473
590.594699446614,3363.0282944040628
590.7374959036099,8623.154069033762
590.7437295093649,1316.890562829988
590.7719812279979,1147.8556624607106
590.8811580420104,10590.982937124083
591.0246121893967,8126.295646671742
591.0378621399911,796.2489537601713
591.1680613176763,5146.036890433892
591.1825233787044,614.7773363627247
591.2087183290914,573.8387263720215
591.3116860972647,2359.7123573489475
591.3235555607424,280.2485649058348
591.5450040949181,1101.3391005541807
591.5887476240786,970.0994892104228
591.6498385796795,258.21687569983186
591.6748910345696,412.9841714913003
591.7074866272994,532.872843133174
591.774023897483,471.81270922661326
591.7892807807782,284.01534428154207
591.8886340432493,829.5563406583292
591.9164130926324,409.67159755808694
591.9598805544044,1196.845668010684
591.9866352065148,516.259783684928
592.1719184825914,577.2362312231835
592.3158019666884,375.9341966827304
592.6685039348577,829.8816341895291
592.7553037085457,362.36903830051546
592.8178776247328,739.9081632956467
592.9686023638433,319.15144756463286
593.1997528801171,350.59495959994956
593.2813818022912,435.36651253000576
593.4377942536713,1342.0339126417257
593.4508941203508,437.06902538994876
593.7985218920526,351.81782487451505
593.9580227080766,448.6002147098568
594.12037858388,567.6781013101236
594.2547081290472,395.75247714714857
594.2818691025292,875.5326743235005
594.3390902582447,268.76120084322065
594.5397839997131,448.64223445943895
594.6019177855267,281.72216704467144
594.6630883598148,414.5219182375844
594.695418566894,309.0645279463886
594.8293216802945,279.23759492682547
595.2020609547396,563.8544333029862
595.3193852054007,524.0415217190872
595.9648030473078,812.7158258678112
595.9966072937368,396.4623343352502
596.0525977675039,359.9896776650245
596.2902059115934,1627.762288453476
596.4203375217029,978.1083954359922
596.4416999197884,981.5306548325584
596.4609263532702,573.7425945501959
596.5089488214937,853.5898781234667
596.8616215614079,728.3277997571686
597.2211497300966,1443.044999344279
597.2704856132668,655.4996515929626
597.718694561014,448.13846310145357
597.7868111144235,555.0758006645369
597.8111104069885,1035.161165864086
597.8629478393532,762.4970829903168
598.0527580343318,365.8974894239248
598.1185531503434,272.1961988002594
598.3133182057887,567.9063981531178
598.323705169979,1618.1862454290276
598.464800977517,562.9411630370059
598.5632018542153,416.9885737881263
598.616263312258,906.0474119153598
598.662513372552,508.790981260791
598.8387354794295,1262.0907346927072
598.9081951665713,326.7853720090831
598.9780961657048,745.6849343441264
599.0557108847775,362.92134766857333
599.1191955873802,288.14478100355853
599.2852907354579,614.0518969484849
599.8596835208727,395.52903549831746
599.8871017929514,271.017463490972
599.9048112686736,1945.7674530837778
599.909070365012,261.16663426102866
599.9408349761692,275.78499549252433
600.1448825891969,351.40149030447753
600.2041729078509,1025.0946075155496
600.3642235497066,578.304929232541
600.4684076067472,1020.2415117381605
600.5420799980836,453.3438770628467
600.5466035658651,583.6440518529414
600.8588374743028,1962.2331416999841
600.9635238068153,584.2308094069789
601.1035232105728,262.43975806790263
601.1457299943555,1148.3427304122126
601.2229251247345,646.6026663523292
601.2409268759918,310.3738546056227
601.3408560053406,726.8953316025428
601.3621865849946,1576.2175305992027
601.5470946292569,257.22458423725874
601.5787424607882,646.8873480948747
601.6773444335545,605.1837424599324
601.7463755499302,541.4682635821455
601.8652561844427,365.13876670749244
601.9623845655448,353.5979413998454
602.0003018565455,747.8966286574869
602.1168470257394,1146.2165977739228
602.1626317853547,755.3840088183048
602.1987528161776,315.25457815957145
602.2518018709432,521.3366556553423
602.3982274932366,1548.0274293942268
602.504466142502,700.3951971838701
602.70268349119,937.3709489647782
603.1658883864498,279.3526196741599
603.250965700016,613.5282305985158
603.40443230644,584.0363375080193
603.5121047793301,382.78548804014537
603.5782812582445,284.77018711540074
603.5823540957601,2984.507163944649
603.7120012190269,305.95474164370296
603.7221841398766,317.4108591750441
603.7663616383294,465.3650846806956
603.8290481941541,286.55482632001195
604.1615381247514,260.1418642140494
604.2622593241334,1095.7648136550881
604.3639821761448,1056.753432405292
604.3755858949748,377.12292868698466
604.4308295531439,989.0834959536844
604.4529843888546,271.38786399099166
604.6231995649339,606.5170359536384
604.679858612626,353.82249177984585
604.9880168073596,272.60866286658404
605.0177365987022,324.5179453327262
605.0351568513693,425.6921220070448
605.1531180425641,641.7764027010812
605.3553022392446,1013.1252536205939
605.3736275381727,828.7271998404333
605.3909161976566,350.45728968791184
605.6967955047412,317.13530416125406
605.7816936130281,1749.3998372556305
605.8045415470926,1172.0673252526703
605.8611125817249,1316.778367129698
605.9005560549193,1612.3072189270238
605.9504497485923,479.4667557715361
605.9639486796877,278.5722656273458
606.055421992774,2507.158558433097
606.0632312341644,332.56887737804493
606.3555239196705,841.4053416072009
606.4981811465534,460.02388750165926
606.542894995657,419.96095778711503
606.5759265928878,307.3338703706361
606.6381186615215,389.87997354080875
606.7842825564865,257.37768146299584
606.8349271794191,293.5343426831625
607.000295590917,265.1009212596599
607.2742943741406,327.027716324432
607.5201018666421,1200.3627965883002
607.5799922781866,1065.6176864474235
607.6095097662824,318.8377423340481
607.8170628040647,428.1018394817356
608.0237216330202,487.2025778623485
608.3685996670223,333.90559952895404
608.7706421703294,1287.1728418784023
609.1443746272876,649.6449420889786
609.3575978831204,678.7136402617294
609.3767759841171,2637.9839965947285
609.6570657268131,251.74821376920747
610.350537850176,286.6497537636237
610.3551253753075,1709.0182934500165
610.4224706677776,504.8913426694802
610.4531167066023,1444.9403864396154
610.5534825184203,410.2554458966446
610.5882073279805,337.07032592160516
610.6027507179155,347.5189843736605
610.7031604609782,652.3772018926315
610.7140449798428,332.83597898463876
610.7177090143308,458.82533369512805
610.8206567651996,883.3677348151585
611.0674742010547,1616.6196823833636
611.141015891893,766.055765065976
611.1937873285435,320.1773103149094
611.374342021717,1408.5398403286881
611.58711233949,449.43622555953147
611.7733293738553,746.2368233020189
611.8112926401072,554.5174429362719
611.9130003993848,757.697565833737
611.9688689026475,732.4635731831773
612.0180561325643,1334.723674953902
612.1903708108186,353.7332653496805
612.3282792596019,3326.9481929348117
612.3347447061806,364.3337764093692
612.3625531536818,1753.2990298459774
612.4736011558086,919.8561424610294
613.1981716864441,523.7929003143704
613.2526896338584,326.7807254873446
613.4426547335001,1185.5577657145354
613.4705152485716,396.20807041222963
613.4828845388058,605.3589091560088
613.4999677127115,690.4667082037437
613.544307641216,1257.461162294721
613.7119497970887,337.67107709258096
613.8055036575195,515.4603696665939
613.857506776767,365.0572417518303
613.8733844373986,1128.6049157224118
613.895311387677,840.8975407840247
613.9135352695175,2547.4310558796583
614.0015339858115,700.4638040002475
614.3063550673868,542.650048260029
614.3317056740923,3295.008992144552
614.5267146673523,289.2567463156418
614.6672099775159,1004.3628074051209
614.7735013982119,366.89739727523926
614.9918931332783,358.6167519429028
615.0083376981124,782.0752350060247
615.1653959727113,425.1030545492728
615.3230115258834,471.91447810385216
615.3372314314353,1277.0992371663162
615.4777790926688,573.5622755805988
615.4914884778441,906.8311946603467
615.5416862659694,969.8383350783986
615.548488229623,347.4971511653174
615.6482279427287,435.6572451940867
615.6843466342746,1134.5878359839614
615.9836460035378,543.3704891984803
616.2973407198032,353.68411446693534
616.3308652235461,592.0545577834954
616.3708784503049,394.31550539241425
616.5146175423718,1015.1508729668435
616.601869093481,367.2897439984837
616.7904806117416,810.9107983689249
616.8634594143177,946.7729228296739
617.1224823664727,482.0256457922581
617.5054889558769,641.3372965327118
617.5232494604176,424.94576391443087
617.5729819446836,333.66845745354414
617.6635615191278,627.4640210850878
617.682920689318,307.72579469910175
617.7297887660634,591.7875222468568
617.84375372113,456.3757500635269
618.0113599316404,534.7758113167486
618.1078045353777,407.9850747999808
618.3393058045508,356.047172242491
618.3769585490683,671.4506770420606
618.516077352506,1229.6872975064482
618.527186463639,1151.8060209530806
618.5756705114231,1162.3082080101158
618.765404446883,1664.7984086663967
619.1930103989058,1845.14434391134
619.231116328865,355.53414633973233
619.5270726124334,378.5129366444621
619.6590615695698,2546.28593852005
619.7887884613908,4325.635440985683
619.8526438866691,618.8366926927083
620.1382045382386,593.806446461416
620.3529908464297,1129.5951196791523
620.3571510183483,389.0789315864672
620.5656197598639,407.65998329224436
620.5804175153073,305.2460136995592
620.7060667719452,783.1499601935797
620.7715895051822,1034.9036754569754
620.910840168945,809.1127171465056
621.018805041494,275.8826818396863
621.219474493964,687.3297183928094
621.4875464279045,947.0140970646704
621.9756191716737,873.5668242605017
621.9799518760447,455.67681825250446
622.1649374553102,846.0153939214781
622.2725208929669,1326.043456987741
622.293419794374,444.89381649708054
622.6068436185276,395.01469711700685
622.9529380078774,642.1413376602877
623.0201949566756,260.0820395870648
623.2350056949219,823.912826663176
623.2530865951796,5336.425805007244
623.3591604687103,1079.3494561553575
623.3775116003947,385.6380461243654
623.4361237584812,261.22805505690775
623.5743844069168,444.61238570836923
623.7578470211674,1021.4474209874433
623.767055472556,845.4504218140617
623.8844683566294,626.3322029724732
623.956119597857,543.3194356915427
624.3451675016621,2039.5400151435992
624.3745438972788,808.9915832256426
624.4580369334246,380.4188760823348
624.7426370344963,568.6317528441657
624.8665544312962,1751.5561880945363
624.8977325527331,497.5880354010263
625.0049481163264,322.99548445528967
625.1045032916909,463.768455500189
625.2504301910767,616.9218551089195
625.363876967755,612.7133398626481
625.395382009327,683.2837108165588
625.5995539056391,291.9281469094912
625.7418403563778,1149.5029147859962
625.778243872081,358.9847628219617
625.9722291055614,1129.768280925581
625.9756325332123,994.0732823967178
626.2312482825976,340.9620931944235
626.3781909974919,682.8095248321313
626.3959986288164,389.5928800467362
626.8829297656745,1739.1040140727978
627.0938485951492,547.1319163287293
627.2322544360208,569.6017061666835
627.4449412464879,550.2873597520378
627.5313708424321,699.0952319490077
627.537339531978,329.72747263777336
627.7217663921958,709.9160644855506
627.9464459688061,427.281599039482
627.9762865811964,271.06765298919345
628.0410361604846,331.22004395648503
628.0781242930607,531.5204154613447
628.4338072871446,640.1493968863573
628.4999809274019,1777.345196641889
628.6063035720754,362.373462639342
628.8417519381836,948.2928262684537
629.2238526063561,881.5501471673365
629.2778922324109,1140.0213464370138
629.6930228956157,294.93805182928264
629.7273455993634,275.89870632156766
629.8778896397882,431.5688201880076
630.1224162031374,298.1587164456008
630.1305129265261,532.5601075929335
630.1949651031268,278.29994995644313
630.2029619487516,506.75706203698223
630.5644734241139,763.8962958482225
630.6094540627159,253.6636517024447
630.6719999077945,542.6032005150669
630.7605443168402,1012.2655291496393
630.866050317306,335.758993744064
631.1981180030612,592.1007801542604
631.2572146283088,654.9980033737987
631.302370110811,425.642602802856
631.4791880088039,740.5468798490201
631.5533208354484,315.0679392684306
632.060135496802,1431.150646688245
632.1651959842616,1339.8649140037273
632.409344443895,599.9141103896886
632.4374910363288,476.7545232656958
632.6168160334985,285.42431799999423
632.6290813723358,411.81901474556076
632.8925295153608,324.5543100416114
632.9612802160874,691.6372134374544
633.2035161558033,452.22128882798603
633.2220548475407,282.09165318271044
633.3788366581157,753.5273812912717
633.4155825481835,2252.1351227086825
633.5704168381907,661.6923943546439
633.859249340987,1062.895019982192
633.9265975763722,302.737030692783
633.9844963891811,325.06159482358635
633.9936154782158,346.21196097643264
634.0381715588862,967.3870211301629
634.0939609961413,316.813989916319
634.6645941016707,255.92246382879514
634.8659255172223,724.6724931341312
634.8692818753477,326.33211969326646
634.9520167531751,270.9751090430468
634.9842526151735,477.2347792083857
635.0460422752898,534.954752996741
635.0654332199965,1424.0778755966614
635.0811557502454,655.4740058583635
635.1848811482741,383.9495177014666
635.232515897168,401.7267029506385
635.5077413797842,368.48474235294435
635.5600638939408,373.9820417715253
635.7988804502991,399.87386843367375
635.9615531597726,853.1614697717841
636.0838796500644,427.97960810056105
636.3160471154449,2175.231470899064
636.3832524783754,799.8067937231224
636.4779558048582,700.9440162224403
636.5318104833448,504.15334879591705
636.7738662626768,754.100733819196
637.042432009848,347.0638854950897
637.0640089014383,3029.770787395285
637.3890648882916,812.3857864263731
637.4397564199751,274.50585962865256
637.5299500967053,1334.7039257463923
637.5641019388886,438.40113147611015
637.6345250833788,644.7001149803785
637.644644410017,465.3325384214909
637.8082816380594,389.4595369949174
637.8342530900516,309.43052337926
637.9237972171611,631.8231682479131
637.9646292568275,568.7180754589837
638.4840659308213,326.0023483502559
638.4908681846641,496.7541484601925
638.5692012188455,3075.403580796286
638.692729455745,444.36239075155373
638.8065129872845,465.41956485926937
638.8885635939819,395.5669045471906
638.9670750963558,531.1646457111144
639.0510979854147,1442.8505993810797
639.1166520807151,578.2304783663137
639.2266790326037,563.9988881102292
639.3539036962989,351.57341918532694
639.4014300657142,381.73330840873547
639.6525270666718,437.61180880992345
640.0327692154284,820.8338856504091
640.5724167384192,387.3061399285531
640.6434592261638,1626.7856118173088
640.7117461043313,929.4060481725752
640.8729711686159,361.11986127454526
640.8778890048579,1125.7520621890053
641.0564936510066,455.9567424422188
641.3164529612185,624.1858141862033
641.3511960795763,609.1629813979465
641.7854917013068,358.93197273260176
641.9358365441774,440.5143848248938
642.0468598425407,526.0291213037701
642.2536630323968,878.6691393706404
642.3103532369472,482.54825786992296
642.4959689020941,725.3682359404867
642.7804778128224,487.43298109650345
642.8227714918426,531.5312201518617
642.8324903980889,511.7687844383321
642.8710288950447,329.6546182591675
642.9098727469868,696.1338186043344
643.0681416589471,1352.361965840128
643.0979832775062,1435.7405973628468
643.2455193382095,471.0972128411119
643.2728553659963,252.94844996967225
643.3752436580095,356.5398052872818
643.4467254765118,480.2663195193308
643.6848304903373,430.8340164661476
643.8174830717223,1208.291643877908
643.9259204441803,2226.4964494013734
644.065250823501,374.3768666273356
644.0719948669366,493.5207725489255
644.1857981893911,380.03501744521463
644.2172243771456,671.183703913609
644.3627041295338,1861.7047048211136
644.5164964166527,250.48818082161807
645.002874760387,305.80234433750684
645.1657618025432,386.38491612488946
645.5911958035734,378.4463309235631
645.8947830846505,502.5735522303822
646.5177327867216,276.60362431763485
646.587883659736,325.7151521760381
646.6142704355827,309.6202620521475
646.6669179519718,870.4700871955533
646.7240951599151,641.1403498313954
646.9335527974192,430.78198619798275
647.0281274098959,1283.9193120469677
647.2725143340167,370.5001909385051
647.5083832934718,533.9115859961064
647.6066391526532,397.1486918733326
648.3946596130351,400.0335308123659
648.6141954021575,561.6386803570832
648.622576793869,461.2230717703668
648.8657289417823,478.17982462491324
648.8838986984739,1076.3286456239255
648.9469046584359,401.9961804092629
649.0321532149878,803.7543763099624
649.067171545571,252.62166710217846
649.1173366061556,1000.7274040219736
649.2736611741823,350.5176417122783
649.497184721434,453.94064167403684
649.5908315937061,866.061115244996
649.8174443764517,1046.8245759646616
649.8765991064442,1407.1740468370863
649.9183222618201,3010.1297791041216
650.028245463882,1015.4624833235664
650.102254264043,1729.943606081686
650.345141917805,424.3528772146112
650.3806030929645,282.83217185000285
650.4983739404352,816.9902029979602
650.6883997792827,363.6912288578796
650.7427477191072,421.9537968208986
650.915290107278,339.1693630941045
651.2825299749627,1572.8225586888677
651.322147432254,529.9879745434073
651.3298200768465,382.22239418609126
651.3428171551586,823.4377863556684
651.3882131925229,603.8382008251729
651.4866020203704,445.16891255052064
651.5000252523853,419.33279444535316
651.5212032682896,506.486486668167
651.5978077466374,472.2845164186808
651.6366603278736,277.5413113046857
651.718245686106,1457.7991751028896
651.9558253884238,1125.851568977108
652.0030068328156,426.91698243728354
652.0104252440165,419.44503591737504
652.3093384671624,1054.5728198267157
652.350620959738,705.4027466706235
652.397141569772,807.6287455175054
652.6881327560491,262.4920586291111
652.8298334504523,650.7518040130313
652.8501832389525,263.94934403762335
653.0941926493994,853.6806286094867
653.1274676972371,518.7509830572661
653.1601372166452,1034.9411548370085
653.1823234691842,438.14058838550545
653.4931418120451,455.14504848809173
653.5817588577956,611.8004814122339
653.6583875731146,719.1102151347237
653.6944903508543,294.480568498492
653.740023197789,390.8782756945063
653.8078587184879,480.17180699892396
653.9972565666816,333.7427142418813
654.1650410349807,696.8250074339054
654.1951073266216,339.7252170860587
654.3167582054555,930.7080429363039
654.4245447100175,482.9690209989715
654.6490581900189,357.01135860560703
654.6588745228636,1822.9616792527536
655.1607960525271,535.4169129719472
655.3405714531767,384.37547292647486
655.753413133709,378.9509816217669
655.8212139837674,1467.8432678308566
655.9776903786642,812.7163888259953
656.056916915953,437.3713488621323
656.143468564029,2682.8073622795155
656.2048855986022,1591.9029563357133
656.2394310303948,260.3258142093558
656.4083649530668,740.2469035405243
656.4577770845813,520.5923841836805
657.0485291603179,389.74655291346164
657.0545759565449,311.40358533705495
657.1101119655603,348.2952769059223
657.2026962535897,738.6797858021898
657.3067280030338,1758.2764527626987
657.4893767650624,617.1765307575939
657.666578909023,710.8123423775138
657.6825248134132,287.13098143233333
657.8184105016254,1844.0604385847325
657.9685428135743,1076.5976508456545
657.9973400626636,1337.5754358706724
658.2029750345885,395.4563228485499
658.2561286278869,253.76675205941447
658.4823719675493,567.0233042444829
658.5876203174747,343.0038422183342
658.6751530714721,778.9246013042688
658.8084769050679,553.5613991218926
658.8521727130726,541.7183458088467
658.9189215902696,906.678091025712
659.0410313839809,395.0442454034014
659.0803496563132,774.2536738397729
659.1366161916328,402.93093688042137
659.6062583416453,430.92644473261004
659.6862107872976,803.477290335076
659.7389302439857,694.9934080309456
660.2451166818837,348.3162922512912
660.2811638930276,970.4181439322456
660.2989912462633,2799.5810829046754
660.4469291254491,523.93796688983
660.5042041825459,480.7051580758371
660.5191673751609,394.31081145268024
660.6270577654429,723.005578632506
660.6494303426584,528.588374219706
660.7559760949523,556.5635341825686
660.7748943668755,306.168838711392
660.9996360858411,706.3900826683056
661.3070705832358,434.76427654840586
661.3169916776703,335.5044835752815
661.4512033818742,425.3624534980323
662.014110753335,4410.399862052301
662.0868739127823,687.6006143884312
662.17139994211,608.3027659825082
662.1810268665173,10266.111418371494
662.3485277918301,11706.445233183105
662.3737488998722,774.7321181519542
662.3818772094793,415.4148926276761
662.515842923944,9216.972078172852
662.5499546472972,584.5387036474481
662.6824838749849,5165.217240394266
662.7159865889761,615.0755190380742
662.7521249664916,374.7820173646459
662.7965606811554,347.93617079122015
662.8508931732943,2164.003993630116
662.9767876521585,659.7284685388688
663.3496496570532,3360.4918593302054
663.4195905757847,479.7465592786936
663.5178649113856,7600.403336955137
663.6844654261969,9091.904651293322
663.8521132162325,7020.149026289864
663.9474929336998,303.6686881253112
663.9668401822443,625.5863707218807
663.9827509692286,1989.6915969450315
664.0181819103466,4641.114617885159
664.1192908560024,273.12181044110775
664.1866880884738,1805.1717167825864
664.2290465788811,611.3544018099615
664.4226233215314,751.9047655496134
664.9181412369218,435.8917384589716
665.1687367581443,960.5539859816577
665.2120682221862,697.7149149784267
665.365758785847,1552.583914684991
665.3920736000539,1472.2497480247912
665.4362369431256,473.9305680801735
665.6827757079673,520.0245222986127
665.7200011685163,316.5068173772243
665.8025563986462,2446.5525771060375
666.0148098313127,287.88501858120554
666.1574014542682,426.6163304337952
666.3088106193886,325.7685098310224
666.366444306936,264.8774638124524
666.4637466135907,1485.4130472056465
666.5881897844558,2496.1706470504205
666.6630912546772,970.7043942687594
666.6786721545961,578.7573669497865
666.7356077724403,669.9288394082813
666.8601437630589,533.2445739941209
666.8733598182018,4520.375830299721
666.920509430008,570.6559963334003
666.9755910411959,618.7007155967586
666.9865843433703,288.46402292194256
667.0382735947628,591.224341098386
667.0889815000066,348.42163997832205
667.1069362001324,268.7679674746736
667.3018655271109,284.70521596907105
667.4988977948353,267.47634366438336
667.5208477035197,258.5608694139177
667.5866962870284,653.5947697766976
667.6190986736099,301.5715235026452
667.8348286974967,753.6696152159483
667.8445789322985,376.569325149206
667.9419485653507,809.4417691729
667.9756181606197,890.4883857698268
668.2663345504798,565.4647443705983
668.5002569567291,895.9185813464295
668.6456694456256,1606.1051434373342
668.8525827582499,439.21369608706436
669.0990739009103,415.8287273753779
669.1134417385158,3910.8536297390924
669.1187895468988,1150.2887168663713
669.1919527345218,1496.351788679709
669.2850965501706,265.5710733210184
669.4159923376899,2312.1849133933392
669.4345316635297,852.508144103155
669.4740625245101,522.3929195382482
669.5212959296451,3633.684403925655
669.7499352401858,1389.9824725300746
669.777500993696,435.1867329714953
670.2704539655967,409.31860795811684
670.4258751581236,577.9179804572336
670.4667505034381,413.12118283795843
670.7007130028694,977.5809064854766
670.7282003621979,1153.2362228978097
670.7669739348896,965.2061193509679
670.7910908060758,389.9029884462155
670.8559782000602,1108.4518243845735
670.9216674325676,733.9284141858694
670.9270430210236,340.17084946181063
670.938507500707,508.0650522184703
671.1358188082354,367.5246744965891
671.2931355891421,415.25915593940766
671.4536569730576,753.0802455792744
671.486416196166,346.63750864346565
671.6708565091888,415.2343666794296
671.8275972853746,391.911463739216
671.8866171377772,563.8292646902238
671.9253812992447,516.48729214664
671.9389581847075,251.3835940742814
672.0762362780575,1061.828561491998
672.1745535602475,588.7503233986707
672.6052963199218,1036.634399867394
672.6212622972396,574.2335939140959
672.6674362185636,761.2871650157749
672.6849376084797,275.95128716999596
672.7356399792658,669.4930748525588
672.7647733425235,537.4063644439309
672.8003769739951,561.4925520594263
672.8074199223639,461.2444005012227
672.9371276714531,314.1525081932048
673.6568557789913,291.90197782597966
673.7470004612321,1110.4472966332028
673.8208669784585,2600.5874034240323
673.9628243381826,455.2885160292022
673.9847580328274,1224.134176411095
674.0115943350909,1190.2788412386897
674.2072541391103,848.5434341498626
674.2218973731817,815.4878744547641
674.3781000785468,643.1435779330486
674.4428496831326,746.8383121127713
674.4854684012558,896.7099342778276
675.1719914409314,646.7889740112419
675.254618392631,1903.9159054117595
675.2583908728886,810.1755629038353
675.278155037516,334.0829796424716
675.42592697802,764.9670770141346
675.436248562366,543.5835541267212
675.5765328372543,717.0687678853088
675.7531328278094,784.6667120053985
675.8176578313456,327.3268323240496
675.9376985074377,269.9727098532235
675.9833102113032,279.65092031481856
675.9985230739229,749.6026434346471
676.047363574359,408.34332411657317
676.0520018607094,417.53770415707584
676.0571498606155,333.99195603484117
676.1280267413824,358.23361799083017
676.2356305332826,325.1867010258888
676.276919526712,829.2117915045972
676.4708960686714,578.4579894602422
676.5148732297018,1043.749084468935
676.5340649550325,524.1727107489294
676.6898585662359,5870.781323618575
676.8570870447851,13629.568915676678
677.0240770303806,15744.454067039209
677.1259467457364,957.3418284659914
677.1910479810539,12430.271007736432
677.3592117693101,7494.849316015212
677.5258166929194,3652.631402954088
677.5342987848659,613.66424297966
677.539458067883,2864.4076517514814
677.5819694780371,470.31899324995806
677.6930205844611,905.4533829693952
677.6978870035141,690.5373978910181
677.8487051153215,521.3268698892531
677.9203861359188,1785.5146721327344
678.2822069778039,302.45115015628085
678.302876785873,267.6701090018674
678.5381607030365,407.09004860578597
678.5926593245141,252.7985004502573
678.6197442451569,1172.0581418024242
678.6553174076573,517.9580989340428
678.6960020675698,1596.449635194801
678.9791653887637,298.00480712810975
679.2675301308416,401.60485219231856
679.4072219261327,955.2530205356618
679.7148072598258,393.3358157949442
679.7671319317886,766.302856921226
680.0013508963935,464.865441626405
680.5282730401559,287.209578877612
680.5733980584006,1174.9840460412386
680.7242582674871,947.5267337233022
680.9835302492636,371.38567354041277
681.0076792797511,383.0785733063822
681.077499393085,737.4928235755003
681.1339703210888,799.7876881480578
681.2682845510146,1947.861387782603
681.4884354212147,598.256660844114
682.9049054826892,744.9952646087798
683.2618910505159,286.0300132075114
683.3817812725529,544.1671482574121
683.3969743425059,336.0016817089888
683.5124029139733,416.9832816335106
683.5380498374057,1411.0690359784953
683.5617364416157,700.7777013400964
683.577756657531,506.44254895049085
683.6368132179537,340.3723309812991
683.8721519335286,5547.428407157051
683.9135237059498,265.9477180194722
683.9500077101893,266.82688777049697
683.9889868652895,574.9068199540204
684.0226006895977,706.1172846230871
684.1711950603997,420.489084714172
684.2242426227145,425.40297903890877
684.2280409527931,1276.831518390655
684.3025900130315,1254.2616337433094
684.4735870115235,262.3058400351634
684.5296746575069,1060.6166876411237
684.6818938688147,562.7417933141144
684.7332745523611,754.1207759644606
684.8426265252559,399.8655222656851
684.9192121339925,413.4372164324191
684.927109109691,338.1036495775527
685.7311890043031,523.9314087393399
685.7795450553824,833.4698294854632
686.0114034446162,418.8793825081557
686.0437531720905,677.9645292548853
686.1023477800372,921.4836705141762
686.1931708714181,774144.6649829958
686.2828831551583,341.2272519443513
686.3600449426959,1770985.8191719048
686.5276809277098,2108314.966130752
686.5330581021121,681.8336151246427
686.6136258284192,2539.9558186322515
686.6946103716851,1727794.6104717113
686.861843358181,1101206.6566228366
687.0292682932898,575919.5422770579
687.0729154511453,834.4299272012533
687.1966279156201,257840.85896897907
687.3633744824283,101941.77383744692
687.3868901701621,2931.4145674240526
687.3994285398451,941.4491077607756
687.494085509061,487.27632769224414
687.5309055447544,35843.65678735517
687.7043468614698,363.04064541483785
687.8472805199883,358.1205608806335
687.8658289631816,465.7526733123466
687.8916721657531,1527.7200258681378
688.1352407154263,527.8986216384571
688.1549493078244,873.776107395122
688.1689197604155,853.3086656068713
688.2308947923607,1574.8380324812379
688.3997387939828,417.91735467294734
688.4971253275027,1260.0294340077078
688.5232016663495,1525.1561967982016
688.8420227494411,1764.35831469514
688.8592290203213,22767.09504860982
689.0264182107502,51853.13489065968
689.1933527643738,60593.07670073206
689.2379372142248,908.5474171055469
689.3609841419836,49367.07065906112
689.3979307775028,1807.815244385169
689.5276606929857,30965.864498036754
689.6951100753207,15782.824060551256
689.704516250096,529.6268533761885
689.7843667840347,1301.5734015887178
689.8197001236194,369.93372244876315
689.8619265247906,6638.5617558181075
690.0295331787185,2317.0380993276704
690.0748436150484,443.2748535905536
690.2098762916808,1110.4744589112763
690.2259764510372,318.7461871789744
690.2947057812958,726.501155029795
690.4223815643549,1523.4894598021392
690.5231795052878,643.5619929990202
690.6097113879126,1727.2441990087705
690.6591447666088,815.6784114943599
690.6824095648694,1745.220562358019
690.8516878176847,631.9369971006923
691.1558437210026,3078.0726358807683
691.2713577819972,291.1874135730102
691.331956133577,457.7771895630121
691.3670240980036,288.6917256759401
691.4295824408615,506.83484103111664
691.5292305790929,1239.4780965384539
691.5795061634308,751.6908545650818
691.5980788097038,1577.0605579624105
691.6648215647542,534.0466788806663
691.7447768176085,270.5943837344829
691.8191091737722,502.48275220387967
691.8437524349949,378.16043221755024
691.9625452174704,424.0771160249406
692.0559695210999,395.99010249711773
692.1263303412557,290.1051790366951
692.3586900930402,355.87941739992453
692.3703851310626,347.46976820886044
692.4644154100224,3104.8924672760522
692.665570812977,869.5299554143804
692.8825202997948,381.354477265537
692.8874485716606,332.1883321766649
692.9916127819964,612.3362618056082
693.0951739738891,439.3351773757533
693.5114874027197,355.9842894543558
693.8468603546853,530.1285745342224
694.0002939073795,484.6878342079942
694.0483018676607,435.9932449748377
694.3086089282843,270.1799382312138
694.3220784133957,314.97549201126395
694.5081879619612,896.5894318029779
694.5696595635515,409.9097250343699
694.8559306659752,666.1967316151597
694.9253787440354,803.4893521285451
695.141113836974,1678.4504077413635
695.4475201037471,902.0048005897044
695.4602336049333,294.6487383858028
695.5265526047382,437.75329431411006
695.5766656088532,3832.4202530618622
695.9546583188744,257.58908054891526
695.9701725815999,500.9194160668577
696.153858352295,695.8915605393295
696.3075777787984,456.5849520733664
696.4481170210174,334.7438996134559
696.4852549449777,3377.7325631188874
696.7578796604453,350.08402075317883
696.8436024805037,934.6146581034508
696.906081205299,364.2728088757152
697.1923385664973,437.3365214451186
697.2249992045702,353.2847138592795
697.4582607890583,417.8215975707463
697.8507740045654,330.7692977376877
698.066848465123,273.98378311094154
698.1866904920784,397.5855392634712
698.4288951586541,566.0816522162311
698.725978789274,365.6225430585601
698.9947799263448,302.02371744622604
699.1104304849096,267.41583602542
699.3278609493307,379.30184913306056
699.4132074324662,273.56729582680055
699.5736645326034,1196.9768461545332
699.6879209298888,368.6032551025377
699.7073347427215,347.9040411964985
699.898337269321,1261.521267769282
699.9060747015109,1528.5744179657302
699.9358515308522,524.6670679586816
700.0440542837748,689.61777271595
700.3554549404465,511.5212757629735
700.4472764637039,488.14754224681127
700.8642066593131,660.1306549840277
700.9384058630949,970.9323617845299
701.1544749861062,380.00046252628636
701.2386566192372,931.7356270624724
701.4466499198628,710.3348673302008
701.4569088353486,1212.569814750651
701.6462898982606,626.3164939702102
701.8472416514401,316.4477960890321
701.8849075896732,533.7825054022045
702.193967992143,440.4395591114904
702.2124529688192,552.0218421607731
702.2287257954049,261.13141587129144
702.2548012268448,832.4270504057922
702.2709865053877,276.5187493972899
702.284930715502,447.4660900590578
702.5232609365369,361.81926396114494
703.017359976561,434.58381194373027
703.2432726677059,1099.4885446908868
703.3199137065487,267.37928583198703
703.6321924618117,260.2538228172619
703.6551943784065,2372.0984731888275
703.6662308143461,400.2772010480396
703.6771230453888,706.898058383845
703.803376505326,503.69059885177535
703.8129097211222,417.76192845260863
704.2396636691274,467.14272096097676
704.4087377552821,286.5266994541575
704.5253135581486,548.6205795596284
704.5532692288609,524.60918874029
704.6237478070366,1243.2743994048014
704.6778091322399,268.7056904765497
704.7735337258605,644.7386015074359
704.7773446679998,317.7905514038815
704.863551941416,506.2030346218042
704.8896997723136,261.40310244920653
705.0471134667963,727.876081511214
705.2075874319571,744.2092219254221
705.2391326036266,273.3457541474851
705.3123011394744,1562.9556474501676
705.637401756476,660.7961290808589
705.6737635365071,277.54631672653113
705.7229548274686,319.235392919825
705.8404359872068,1407.3918939937087
705.9519382347994,717.2265305679269
706.01012723842,298.9554109538462
706.0436360247037,2181.192418450376
706.1494322177462,467.2779074435683
706.244765101704,385.5677934974722
706.3071767680749,543.9576020403689
706.318527197431,289.5733656629236
706.7501390950156,694.3348752944739
706.8065566526648,1073.2186259081013
707.2535908714874,502.5610018073204
707.2793377414962,579.3128926891396
707.3874072153341,301.26747774262935
707.4513841671599,1559.8324628345727
707.5285538164189,1283.493507365744
707.5458961163783,355.01761340192587
707.6577907136518,514.2224856228376
707.7558673972617,274.75285471298287
707.7610729284639,419.0502979505934
707.8858018169219,825.279926703259
707.9117520690282,1618.9970380150376
707.9460326770545,1516.515413770104
707.9850981930339,388.5989950227072
708.1886982775394,323.63526046230993
708.1983277197041,1131.1119419350118
708.2223226186843,411.0991117329285
708.3040172876742,467.69203321361243
708.459521110904,549.334649797066
708.6765803372132,642.9102095408595
708.7350538416844,287.98867100853926
708.9501138186865,654.486026090788
708.9742545599569,863.5223113074071
709.2171833768492,339.9181620978174
709.253989385174,327.4575777265516
709.2968102995188,623.521963032105
709.3113268562925,359.41428179551366
709.3464369174374,496.1885812612849
709.3770466832589,1318.70771226735
709.425445621869,533.4002677905005
709.8120397062717,1557.486137862217
709.8157759405722,781.2649677807955
709.8369126516895,996.4581807634047
710.031836585993,357.3520311848383
710.270669416364,403.85832238968055
710.291085642616,996.1633574153747
710.3448286647294,578.8225267211416
710.3536857318771,386.5823676387122
710.6755388143238,292.52362981309585
710.903933229232,545.9644415914139
710.9788292014339,2051.1153369432805
711.0564631265765,332.9892531977878
711.1393316740958,502.0830400454689
711.182317747853,258.0361504909671
711.4139514358341,317.0321347782328
711.5713605531852,473.3685648746899
711.6401499418754,293.540512907592
711.6981591737322,626.9457416703871
711.7054899656265,1218.5345378990673
711.8519136806658,399.0452014255367
711.8896503916507,758.5883157920226
711.9428050532837,435.5728193232375
712.0688231958156,1150.8528253483012
712.3795738784144,405.3824525615029
712.4404588445188,389.57913975772897
712.5236386656766,312.79298450766044
712.7669483980626,324.49886767214315
712.8090106056179,1432.8265123268807
712.8456190758684,257.9605749523874
712.9299767396052,270.2198314573395
712.9996038685538,282.58423129998624
713.1610783617876,1061.7202960249554
713.214100867044,949.1729807263766
713.5518277804974,304.1872843368429
713.8023990076535,332.94941836271045
713.8675062764722,813.0856823132799
714.0734667641439,1553.992606419532
714.2443467563485,480.6811117461249
714.5066139775163,1387.8414461609914
714.5402490696873,271.8758684390824
714.6308610089477,577.2373438937075
714.6387469913109,406.69364796879427
714.7407819477473,424.72921691205914
714.7526259085073,774.1794239189634
715.2598027417521,308.6458825029539
715.2767106716806,774.9915252938991
715.287427624586,380.42563784436766
715.323709310773,555.2378193986093
715.3848997419339,572.979969292184
715.5897687787516,317.00430533896173
715.8938308522892,3222.4126810842586
716.1572261063329,467.6082069500698
716.6869714279059,402.1573381545991
716.72125867087,1683.8075087372843
717.049465338828,397.15683786115034
717.0727088684637,722.7980111070559
717.2105721522739,543.484398644718
717.5346908946428,492.0423652620809
717.5640517003734,363.52500644462174
717.697610697421,425.20184324829955
717.7261832671896,1370.7914091701734
717.8262135726515,1366.0462990604592
717.8951340519079,326.99858014704836
717.9125141015757,279.02167352805344
718.2232313841854,853.0837701160021
718.2402442735587,774.4352361730455
718.3150266939516,364.59919063726585
718.5193789201319,494.2939290725622
718.5381435418972,819.9638677645754
718.8994097195994,568.3132998189873
719.0762023665634,576.0412829807348
719.1461297278931,308.54345523431226
719.2674358760526,283.8314864747239
719.3088979301759,572.70081750474
719.342804258142,736.0890629020015
719.5868601409146,620.7909652211596
719.7193670668618,584.5236994803914
719.7793410893485,352.9857151128174
719.7900295345257,383.2920440369085
719.9399025483765,493.0120969126505
720.2230821454575,1076.3344535471851
720.2787726668241,1033.138790472802
720.297243274083,483.15345126047447
720.448794665664,392.35164280545615
720.6287300833383,313.67486625047025
720.8202092372562,512.2214415565869
720.8883825836444,883.3129320852522
720.9025962485874,328.3667462576356
721.1293929897056,1470.1440997679053
721.4879356977486,369.6691211675545
721.6426701412194,314.1201655882861
721.9057095320146,321.32486001387787
721.9098739612597,413.630951958289
721.9886014806284,540.6399527223092
722.2408650460693,429.73158136173004
722.2924102620392,394.485837419844
722.4490160201867,268.80281970673707
722.5285173206912,3191.0723713360994
722.5812687053782,262.82402627880845
722.6016480244871,704.3359791396088
722.6947597044496,347.60091878572564
722.8289374921825,2183.4214095265297
723.0466418533249,258.0808794165651
723.1475820512638,1118.199897073086
723.1788890289602,316.2893648664263
723.2253484049118,266.3172800727109
723.2452750590833,458.98806680689603
723.2608496407199,1475.422965147311
723.424135455029,530.8257770134329
723.610913816016,800.6033940217727
723.6741348419811,701.6347033833961
723.9520968537568,1660.5426514296228
724.2283960988511,400.4457702435232
724.2717868281641,849.3321600611876
724.3475314458649,544.4723746436922
724.8841882288436,451.2754539071831
724.9657368534309,838.2583624623815
724.9762848529735,457.3093086746407
725.2892855343426,474.70639139653025
725.3751446965019,289.0769664503586
725.5988055475035,729.494507034927
725.7210413455462,341.0879189275927
725.8751014208724,1008.6313437384866
726.0805777754501,495.26830716232735
726.1211039232775,899.6545906960371
726.1250763081764,2874.0351989737496
726.2650223715937,952.3278844031814
726.3492708573648,1475.303205010012
726.4517956028437,508.47516990260993
726.4830780948563,298.78023682835584
726.5927967933133,1225.4012783713179
726.6285668264613,1010.1163872917857
726.6411904082336,569.2206423207696
726.6761949858987,388.1246631237745
726.7447896483014,489.120488326959
726.786085001617,305.18462880409555
726.8448342575243,2028.505475876507
726.9461136044621,615.7253085796868
726.9881177613829,271.43637999820385
727.1317334486305,405.5463444492879
727.1738323541466,306.94514890007025
727.6216919025436,1116.1604969367634
727.6326408975713,927.612397108193
727.7127282997163,1214.0290146229265
727.81498458981,472.963803382118
727.827751761151,2156.9010322180934
727.8648539392536,327.7957636464286
728.1087199259575,439.02112442055017
728.1599616907318,890.4867691227563
728.2874176462312,255.69036784585154
728.3304574508898,370.8452350980967
728.7025720992124,1197.3247974094472
728.878426874568,623.814173501709
728.9594208500812,537.609697189328
728.9675515502029,649.299983359798
729.2277059757447,3928.134852484349
729.2868628006494,480.15453082273467
729.3432306264361,1171.0745891261413
729.4069174507903,374.41910107984893
729.4721146502004,397.66772956802185
729.6080724434039,298.6603215289621
729.7318816398151,604.524619967591
729.7634005725141,523.2755661722861
729.7925869616059,488.0670383085348
730.1491473677911,731.1877876630886
730.2187270023015,1611.934838490617
730.3080665458551,907.4864936091423
730.3807784702651,393.79774496588385
730.438334432562,896.980299466597
730.4632440139117,670.938484272765
730.4834832502977,341.2132179605739
730.5175179075268,941.7292707261627
730.6274357114268,288.26343915755774
730.6410846607256,285.0579798973236
730.6788224837783,271.36007832264426
730.8593493758285,445.0102058589203
731.1303895152303,312.77550335753153
731.234723451318,425.7231119048081
731.3328146838865,435.87969040765387
731.340592700966,1060.4400934819655
731.3754556143144,255.05009368625917
731.4211257405024,803.0089889705624
731.4562044953761,526.3299048162497
731.4676169789486,916.4471486908474
731.478459664962,373.27936867812093
731.9577068580968,823.3940055248786
732.5180065323635,307.04164800727784
732.736889936093,492.76375530411303
732.7420995033499,732.7427057286117
732.7937356772628,574.1427804842328
732.8726048397789,324.7905772618027
733.0021071601313,1125.3189753585345
733.0689787090901,266.3013044458865
733.1078866295632,310.6955445687022
733.3937416236608,812.2659356149226
733.5795454974942,600.8096660307154
733.6885017571765,1026.0012203519752
733.7478897093292,426.23081135659146
733.943175791122,274.1845302245925
734.2250095320047,617.4651400586166
734.5840718872354,715.2375914286487
734.6099401510878,298.310284033441
734.711449231071,468.6319078497239
734.8364155536241,374.07678131547823
734.9690380846748,1085.1100941519917
735.0326700178655,1042.6147359563765
735.246237707054,410.0401367995591
735.2988467996977,1001.6037823128731
735.4461942010964,824.0638151940576
735.5105193680469,1723.844187100842
735.5704255924092,416.40236255982336
735.6164075132474,490.7361287712681
735.6549436917121,830.6151598150811
735.8155099651792,673.7932068170326
735.9792496579024,892.0287473659979
736.3794498783404,325.0275401610991
736.444347599532,299.643254027374
736.688194022485,279.18686523215644
736.6944981792776,934.8372831801286
736.7482424746802,731.4521964773853
736.9500772015242,362.70746237688576
737.2023389700504,504.68661771715864
737.2890461013945,324.71513598212545
737.5239624319892,293.5664367198296
737.6886241484108,354.1558397305315
737.9532080848523,847.3440083357431
737.9605613253229,321.10712445500536
738.2271351722275,1269.8959277464135
738.2347746184431,432.7425109784495
738.293756757565,1162.6931047666774
738.4161841239928,471.86661734085186
738.5973534992444,1870.4405651267741
738.615843642888,982.1901586694395
738.7459123997537,513.020021814519
738.8937243620144,478.9958456513492
739.0805059760339,670.2581290386371
739.2413065314711,953.6102958916038
739.2920321942308,674.5261398580074
739.3362402887399,1244.4076541512286
739.4235905125148,336.64555782835197
739.4944221634898,430.47497654472375
739.5015907412462,452.862326118764
739.5294457761984,526.063285155056
739.65251987632,728.0906619389373
739.7340453912565,465.26101359673606
739.8002610289441,294.826118890851
739.8938353049325,1420.7935666098865
739.8999284654216,416.393132670618
740.0327607857158,642.0873814185671
740.2336174194145,654.0205967669383
740.3238145603998,1233.0459672798243
740.8516477347388,712.3426588900344
740.874068608075,659.4505647798086
741.1983407465109,330.18856558489466
741.3048813213252,492.003359972626
741.439491148755,712.5151264191649
741.5796091470875,1469.024842485551
741.6355983079847,395.0284662688494
741.6764294216699,312.9663990196395
741.7459346316848,531.0464825112851
741.7845192148002,582.1602333995438
741.8381307653514,817.8754632077236
741.8858690907296,712.88471772867
741.9907626362523,632.2487206619829
742.019503617269,1538.2456449180552
742.2179280615139,420.3692017384656
742.3436618069211,346.37960015101305
742.3859560301598,620.466044094416
742.436562662088,308.1257516760874
742.6557778925599,401.64147996436253
742.8295683125383,735.146332752083
743.2895874003127,942.1796331543247
743.3299914423797,587.044680306208
743.7439701582875,695.8777768547354
744.5159097797127,324.7305701144309
744.8853540442467,342.6721199511092
745.1056118086824,597.3319329479052
745.2290400234074,338.292475357909
745.2594344710614,488.1970868485524
745.2924491480874,397.3776696099172
745.408816512083,1437.3481851528104
745.4491418811763,924.1059621605867
745.4703596816274,305.77936367525155
745.507061353255,1113.2346326182046
745.5700196120639,1108.2692848225345
745.6782794306798,949.677938504725
745.6943243443268,450.546701064489
745.7000916846673,498.1228112386508
745.7576937082135,447.512421519646
745.8888922068329,368.9745530548997
746.0225613738978,696.9442384336763
746.174815574056,625.6818705931303
746.1893002072075,682.832958149733
746.2197849291949,1619.3600961264262
746.5413815504671,278.58373615440155
746.5459735948098,266.1519374323859
746.5644514766968,7216.552665371534
746.9453274664588,344.8070654102036
747.0264423823483,250.06689687585708
747.0489903519957,874.9110128854674
747.0547974444175,344.9079513704792
747.0627238396266,643.9501233869183
747.0879272735332,1061.6543850362693
747.1026143526847,516.9743492422632
747.1813973071921,581.0463048085426
747.287056244993,1273.3984571139408
747.3764098218046,456.0596966590403
747.4781604787923,476.08654883331934
747.4987329191648,1147.741488690822
747.657062578226,263.8809275261066
747.6616266524491,1222.4047353658077
748.1000616302166,1009.6403774830294
748.1375619599105,1524.3655781151176
748.1521455813895,1139.8065423096828
748.1583832316409,567.1714405993606
748.330006101698,984.3712335915469
748.7586544315582,363.90696582083086
748.7834211865584,304.09022610855897
749.0245697031768,483.7077636972638
749.0886104064416,419.13208396971385
749.1888595878859,397.40650914072916
749.2131708716447,374.19161950770877
749.3660747505339,396.1326509097988
749.3845524135518,393.7131586436131
749.3893901324277,934.0728934221539
749.4025328919834,837.5631059233485
749.5363250752082,417.5087216138488
749.7015441931204,601.7643333741559
749.7321531984544,477.2472000335286
749.8192875301013,740.7652074047916
749.9787782341139,605.371254506455
750.057028715564,1521.4521798451622
750.1163076253009,452.01455953469576
750.3291646344926,341.46337238110794
750.4342695942069,383.05822612466665
750.5591210096376,359.92701785001947
750.7583351487846,275.46322533236025
750.7648927849602,1950.5889211299723
750.8262888319293,1383.6299171485405
750.8345999247549,2750.6407023815063
750.9148143849567,662.8138482035916
751.0330642760239,1339.8153931623413
751.1921313679977,566.7791285606336
751.2071222674354,803.1427878734979
751.4655277569741,252.3083333548563
751.6709954446421,431.1611817508461
751.7224873502386,523.8712688009067
751.7386876891553,1194.6334689197201
751.8144879353927,737.1754559797066
751.8246213120518,277.1854498914079
751.9709942405448,435.96691966875863
752.2756059367895,367.9777396750841
752.3384972298227,344.4270447719004
752.3546280805513,2946.8466921240442
752.3773593748599,518.1053935445051
752.9281683147947,569.3709810133407
752.9976977323829,543.3671923993757
753.1001202561445,929.5908388895177
753.2208176713916,586.6784973424558
753.4520393687733,515.9129679222959
753.5472498912745,322.66165616490287
753.5956071177498,1041.4680284472045
753.6416144934528,776.9816004745819
753.8706863682937,572.8325632721206
754.2612694357213,361.2111438729149
754.3028284631182,1088.2584308774938
754.7373676491505,2194.7867664403316
754.8266886731931,484.66842047110396
754.9343015024483,1447.7054700155466
754.950365982062,426.24872862199186
755.1593309913021,1249.745776724496
755.2033684326005,473.6355877362827
755.2524358598284,1103.6485797798466
755.414083478156,526.3350363333924
755.6644174304693,838.2177406607462
755.9261224801145,558.9722953914214
755.9371704300288,609.1067103450836
756.1482599356023,289.31886117850013
756.2544705849252,642.1547977374051
756.2758515415203,359.1207973413778
756.3405249119529,258.16554260357685
756.819938866181,317.9257192412293
757.2343991909281,291.5058775688772
757.3166214306247,405.5630876865379
757.4131583617825,500.07842505049393
757.4297848266281,319.74454745749983
757.4860709732177,440.8166690503056
757.5274294276145,2115.406326934117
757.5318699229081,287.2130882111278
757.7409214995536,1667.8556402484257
757.7926146593886,343.1873222895613
757.8216194338095,864.5797876730719
758.0063629047045,419.0884434503135
758.2559931849601,820.024491545836
758.278988635613,596.5224383751065
758.4851638149827,641.330519143108
758.4941737973264,767.0773179717814
758.634427898151,588.2683835256535
758.7415864395524,710.31806936764
758.8137163941763,767.464088037818
758.8530563701911,429.01557631561514
758.9598662689674,1524.181334503143
759.2080060850697,969.4494969005135
759.6547458551772,434.1499092329725
759.786331479024,422.7863587674306
760.1264652631398,1127.262294552598
760.2001437003867,1427.6388679774716
760.3029476515512,1095.2978417578083
760.4462626320349,729.8970875438029
760.7067743448736,1055.3257874129993
760.7390895818044,371.2622586810639
761.0097648839978,1734.920787676305
761.0693343719987,421.6502863944912
761.1400672810954,765.1459432484073
761.2781406423857,372.2598265038146
761.2999785968519,1494.459918437359
761.4602126388132,377.8909452955682
761.6608455843493,604.636953698908
761.6882755346916,325.8311687855151
761.7126939389067,255.93478786757902
761.9515384728494,269.4885495822661
762.0555179479447,276.74799552368967
762.0857049057768,612.3238873695207
762.3318067140176,304.9386046609511
762.692226086563,464.01340517586345
762.7364803533752,2688.9366194731883
762.8231861846627,297.9980161506472
762.8292381818557,1574.609477349498
763.0728359999528,365.8846056868127
763.1358027987621,604.7162181539188
763.2783816824971,274.4534129111808
763.3097610876416,2959.3858809394915
763.3176732610173,445.93591540722224
763.4420119146198,470.89834744627694
763.5501070664909,916.495204980832
763.8912695233389,892.7164136914353
763.956451354549,471.126042917689
764.3507168165008,1029.537212091483
764.41491324462,296.97209886676666
764.4612957722497,1184.1822728881355
764.611401740726,764.5490889853963
764.709848294514,687.5746436453317
764.7718798367782,705.9862254716465
765.0813207615679,335.57699117948255
765.1379409058325,439.550848557031
765.7355798449848,628.8245945571094
765.7471320660947,1262.4656430118969
766.0036723737289,735.347521423867
766.3572710199849,566.8130769400292
766.3711487343617,615.616851356517
766.5144512677248,814.1156770983084
766.5757711529943,833.4695400172884
766.5823644559052,513.6922402384942
766.5921268492916,260.9986713628697
766.652664599166,849.5092120851327
766.8612821215811,641.8475543842865
766.8729477108782,601.1072566977375
766.9589951178936,287.40450390768416
767.0877021213785,983.0668533855608
767.1075136257402,448.87885909017297
767.184688661539,251.06852813518958
767.2721676208989,437.9049079380542
767.3390275271902,825.4318288177886
767.4423026096083,1490.65861825941
767.449007661456,863.9962370652539
767.6030896757613,797.7785663158663
767.6154150850559,369.88069552248487
767.7006400405844,267.3296361485856
767.7638855502514,1170.0592138485918
767.7793536922095,3554.98148430593
767.8840349953132,664.1009493726997
768.135414029738,368.7636276619852
768.2567798153244,807.3554739274579
768.2866848885176,1594.721610051792
768.2929212860322,321.88887743085775
768.5344381969783,665.7936127039858
768.5796916089575,257.0322522094677
768.6409235914318,1068.4793857036534
768.6700948941107,479.8435389056
768.8381286900346,1048.0942730992854
768.92023123605,381.9011122695886
769.0417487389111,770.5111113576323
769.1418244546128,672.262742278746
769.2216442376605,589.1558916265448
769.2274386468873,347.94874702529324
769.3799765820906,1491.547766470247
769.5005584440428,606.0055508858123
769.7037563899934,2239.751184590641
769.7121673347231,332.47531307286977
769.814828638398,458.0064427982971
769.911893463778,882.5144125726329
770.3025456169721,942.2059763539386
770.4137288900896,635.0250270773331
770.4801290666453,2174.8314076856577
770.4884973616088,376.74753200392746
770.5212416497816,493.93059900429154
770.5335013547702,335.1931853235322
770.5457835579203,2633.178400235358
770.6878480203386,469.437671846041
770.7219739856914,1199.9307239098814
770.8339246982334,318.2503624205782
770.9269600240458,1681.0289378181367
770.990327831249,313.9513229570087
771.1921633291701,378.76081280790885
771.3420267863507,433.6126766425333
771.4485753424285,1109.538090001532
771.6559843524567,567.3078359624441
771.8232447522521,1396.5363970732462
771.8301698158349,749.9339489097052
771.8706333146043,283.2792491530605
771.8946825493597,2326.1374577369434
771.920928855532,2119.558291940549
772.063355936931,2278.58961023091
772.1213498572663,265.52515600227304
772.3290535828371,520.6213339384103
772.4348693655099,598.487383064023
772.4439781886849,293.6432261007305
772.4528225061658,319.96559806407697
772.5368679764525,486.8763307728356
772.5694429401714,439.34659625614637
772.5799468180696,309.0683507680244
772.6022058715852,453.72460619872015
772.7349639315195,418.8259460659562
772.8046581632827,396.06260049758515
772.8854434366813,607.5998841734074
772.9729444723991,308.69095571884014
772.9834596099549,931.6090311860248
773.1167944509552,527.3866850810624
773.2669622519227,301.1248724699405
773.3113184491204,350.2054632280839
773.4982371143849,617.1704818870944
773.6538842321391,380.5518107636794
773.7320167644523,687.6869036794693
773.982047326679,740.201671064011
774.0694630066788,383.0629072594712
774.1211468425346,850.3151020934446
774.1686408268807,822.2241552339514
774.1864939871127,618.462204817575
774.4566103700051,476.1968234315292
774.4929592211656,708.6385655812137
774.5415727690331,331.7002907841912
774.560364167835,933.6429002525654
774.9041762847376,322.7828157827331
774.9308905465484,335.4762940664232
775.2664261719241,360.5870752127605
775.3539939787368,352.87104988040403
775.4225863188275,1053.8354761569808
775.547766454144,915.4543833637935
775.5625627543217,535.0481091981833
775.8391294366296,2402.812031893786
776.063484355081,349.36736745842387
776.1538851044672,1080.2621800596053
776.2621298705312,690.0084891403903
776.271675378786,448.105063062243
776.4412728920629,1041.4972073696597
776.4504027152796,3289.2862966496605
776.464552847721,523.4794034452492
776.4855942687263,491.41498778516046
776.65681709811,536.6785042623052
776.7985337033682,3357.3917831840545
776.9917654640504,372.02954108576466
777.0465701947312,434.06459999354433
777.2325472715439,535.0881511390085
777.3137820528161,362.86013981595255
777.3986661731649,452.08594417296086
777.5216540590145,1102.751547235204
777.6190674021216,780.5752268442782
777.8220478597643,1815.9506186823867
778.0250434898393,1338.2587059866617
778.3782143017451,481.26468993676116
778.3847306552066,442.9158157779977
778.4956679932992,845.4837157649586
778.9066587671439,316.78094658514556
778.9285356245878,817.3286909054716
779.0790831639441,304.94347397463764
779.1871893056126,445.763422651473
779.3738786137187,1257.443349963958
779.6059719694706,360.7965214936164
779.632307847672,613.9036582357772
779.6643969174157,420.697822643943
779.7136609457878,316.224865473307
779.9052498825185,1300.218098810682
780.0056113533989,346.3855741432296
780.0262217036446,297.5841119629914
780.1420659385061,399.63086611004667
780.1674595798173,428.08608956916873
780.3882728637107,536.96954781522
780.7666457992731,261.50086679725337
780.8062048453114,271.3566074276721
780.8363542582042,545.5137058172
780.9209154817665,332.2277285662716
781.095318208039,744.2332807279705
781.5622981470228,448.14601179433373
781.764406994583,705.7697321493456
781.776782594194,261.824950768555
781.8281236319856,760.6072870434172
781.8915547550266,530.2431389879118
782.1350908121207,318.99834106371003
782.1928443173515,404.0663009068705
782.7827334371897,735.8493008141631
782.8429055785109,847.9392963723516
783.2533095540721,1528.6284116676356
783.318298566125,278.5826911511067
783.3682080233632,330.20910413982347
783.6467934735435,406.88288658733444
783.8287956960469,1095.5770443531744
783.8868097000036,1466.1734610879032
783.8991929892638,422.829411152942
784.1786566328934,438.99866946408247
784.2465139019932,306.3570880018561
784.5675819146355,1645.6533057818124
784.6622758249063,425.0745360230976
784.6955042034356,406.6457341775316
784.7449765700679,669.4871902758025
784.7522748788692,1392.1300515988628
784.9119841570964,889.1801748372748
784.9429680604298,1103.0460380571133
784.958287146694,3046.51934226158
785.0914224423982,411.86512131916203
785.2029412236794,361.3979027550726
785.2275979173603,966.9851248140234
785.241260375895,914.1870204459823
785.3836223693858,1025.558274042376
785.514004942198,653.284709594571
785.7872023356072,354.337370033608
786.2682637892141,349.75127412151664
786.2780046268365,2048.7291049213322
786.2986451432057,1010.818630432723
786.3298747712192,375.26961198660047
786.4076327229853,742.0222179011519
786.613894046605,705.881147779354
786.673476046907,305.6877125673347
786.6784836845419,1256.7756085895244
787.0683651320109,544.4277152350264
787.4490511455947,1302.6959473013467
787.537701049742,250.23594672337725
787.7891452823967,1501.2899904006304
787.9159030978486,475.47643993832776
788.2074924196975,457.7646711820276
788.2832111232561,687.3836183151901
788.4085453754615,404.3565079151614
788.5754222478622,1694.4653799969294
788.7365081880351,882.7216805785848
788.7631328366562,263.26440450331205
788.8686845143264,337.27384252591287
789.0325475998404,766.0421478799119
789.1676182003795,547.6528962231714
789.1963832134229,295.4150406995457
789.2494532250912,567.6580593959276
789.474789219762,721.1441599551018
789.5861440969657,392.3938107511753
789.7556108269142,664.2095255412098
789.8088410609666,957.6862964838034
789.9654871935998,735.5539084305665
790.0507021341014,767.1209918087359
790.2582348672684,464.3772976819566
790.3012164662578,257.36405906725236
790.3054535962752,1086.1980455874973
790.324635759996,341.1505068437895
790.3903900759057,362.3482614717167
790.4589733408152,946.4603594345065
790.5398083962136,769.9566395180208
790.5647847590812,253.8210553621
790.8240097953983,416.78790283448166
791.096870449594,387.5606107737557
791.2666660570922,516.2346967220633
791.3125958414632,1140.9069085627045
791.3344960194433,376.7009928415331
791.4840541138606,1176.2333244983165
791.5233032903266,372.47865116302535
791.6258142448153,1252.949465413824
791.8141089018045,365.9431906664499
791.8500879393662,425.70288900043533
791.898338120774,1129.1800775899824
791.9639793134335,1596.157341114468
792.0090453745618,294.01687426572005
792.0224285500909,406.8858748987749
792.3794029908346,827.5313250637167
792.4217126131097,516.9621771134189
792.4433346964522,397.9144750941371
792.4820448926971,1142.6555421618589
792.5701949272398,285.5096483196754
792.8153269414397,1252.5108896567003
792.8394449432534,253.19051927187795
792.9495407331226,420.96425605766086
793.2985499848292,261.23399625242934
793.5197800115898,286.5710181471226
793.5601567075958,264.2143844370969
793.5652052970893,657.1122680564816
793.6020479039389,740.7351949269179
793.8787690912799,675.5314636452312
793.8864177210392,271.68172992015354
793.9013498079253,982.1120899962852
793.9906732661973,354.9727352045683
793.9955128670982,553.8666919843935
794.0080619747282,1281.2918655048484
794.1203698219233,563.2176957105444
794.2150975240153,10546.375432675863
794.2793748503489,261.3009185729391
794.3480434384071,755.0700323326607
794.3676641243368,394.02942180683857
794.4164882870375,23486.849812883698
794.4441947627939,408.35140999566465
794.6170809618819,26733.23539884389
794.7815825932842,428.1199792427737
794.8178977088666,20986.485016170172
794.8880320093594,1866.4741268252917
795.0179490316709,12345.56133173947
795.0674458613495,471.70306577623006
795.0956596533927,256.70841287348736
795.1530204611742,349.71734514657436
795.2188093337802,5722.925950992863
795.4195327409623,2062.8492301383294
795.5160037437442,256.56374375258974
795.6274096174892,1070.897208682258
795.6418226913634,390.05731701368444
795.8188060240487,7820.245934334755
795.9980684673659,607.39080433928
796.019499082566,17133.14540962065
796.2203651633941,19525.969824298958
796.4204996618132,15333.837659935423
796.4537821623323,311.8596140896716
796.569349489432,292.37166106933455
796.6218851002159,9180.446427675839
796.7402722730021,442.7538623004532
796.8068652500177,534.3469274699148
796.8217389871684,4412.803419219697
796.9019987435881,1721.8878694065945
796.9781099575038,263.53571807646443
797.0226004874908,1732.1226824876017
797.5716095377921,259.13789137572047
797.6401712566765,256.1956585980233
797.7533227556669,524.4776084203581
797.774337730702,379.32522719568874
797.8004572449119,326.5793349698934
797.9328163088087,306.32981364559384
797.9644320087922,1315.8234270170651
798.0130595582915,1309.3674119451412
798.3110608686395,589.4322623357058
798.3832324083794,1415.3718765910749
798.4280281703068,984.1396829563901
798.5588835495918,1195.49835411733
799.0487386031729,1038.4190945551602
799.3430342613825,929.5029007860326
799.7971791859819,612.9234700892691
799.8428966464694,604.5431594154312
799.9098031966291,270.03358851754257
800.6413678271631,261.9061559816042
800.8238809097185,948.4784454778403
801.1490059425894,639.7966421853927
801.2275052544778,517.7617893056624
801.362290495348,296.42460738122134
801.6611376914855,426.5991152017435
801.6871166125783,280.6555269738304
801.6984675237745,777.8719020087698
801.8007009738167,503.83017049470453
801.8377690762807,636.0165845688971
801.8473260813622,622.2973114781745
801.8898162464566,450.06040148953355
801.9487252445671,313.07540745104
802.2395281034037,475.4871976995188
802.5334095910763,824.2060803815721
802.5542081682934,277.39675380723236
802.6158339604549,1003.3906036582074
802.6892636405955,1330.9720824370054
802.8252691636264,470.0143545627137
802.9780042058801,338.0462005888057
803.0056086500158,375.11203650840173
803.4651795520813,383.0179379203924
803.8676289668846,5569.737601046235
803.9546981471178,530.810138486858
803.9885787578751,1240.664751320283
804.0206724877664,896.6647537899604
804.1308780483838,437.1059104672742
804.1474285813003,1143.1098366289707
804.7739949261945,3748.4464469971285
804.9719349827409,1758.4499557387985
805.2960867228877,389.1027059189005
805.363555603657,1594.3860585217894
805.4077619996175,1686.2456374297544
805.4568929237441,565.2572542536179
805.4808588876564,295.0314938524025
805.650843557054,612.5387985418726
805.6804572756196,529.5952895829811
805.7307246562993,537.6279758129956
805.9487624614422,281.74052312166583
806.1795741529143,309.74050040194186
806.719946540155,437.30428978085575
806.7792022851127,330.7764561856422
806.8468750587065,303.70654559329455
807.0231905740818,254.32848237524473
807.0526375541954,272.7227098217259
807.0615261289828,397.9917319931705
807.1772566601256,1614.8895297904492
807.1930932453638,1028.6041258601088
807.329855852302,482.6110969782337
807.5506681883339,1094.9408372480796
807.6621495758939,260.1495702613409
807.6681630608048,367.12849104623257
807.8839933223879,1764.4756011710417
807.9374300827862,1345.0695626315946
807.9476533532038,559.2901006365971
808.2839236770886,1304.1797815602088
808.5543995231142,497.0798241573645
808.7119205780537,561.1280031449096
808.7956645797382,403.4963663165211
808.8727058683827,395.59774153474217
809.1477521866577,271.91747199148676
809.1552972565232,257.25630128740266
809.2301989595993,592.9031145339059
809.2520948730975,530.1441836947226
809.2956947369923,687.353040873094
809.5952793268176,890.5520677403811
809.8061376632013,1008.9268226831258
809.8763444023796,567.0957435064903
810.0837692227959,554.7557223465882
810.0959978579306,631.4072326716506
810.2277483633902,476.00190437432394
810.2645550200637,264.2652830710034
810.425796202562,642.3420468350566
810.8482148954153,390.04008034368104
810.9033245819005,1110.537242486837
811.0421313872359,258.3220018429437
811.4675459637494,842.1108306861179
811.5731318539765,385.9239389617375
811.7938443605776,712.8666495820848
811.8256915490899,13767.019168775016
811.887784542509,739.8486546856545
811.9211056345819,1042.6541882573035
812.0271893101011,30688.788926690046
812.2104196531075,339.8706673717479
812.227685789877,35556.779677111095
812.3320067969896,360.96930322521547
812.3871854867874,527.6988848909774
812.4289029021741,28525.260686893016
812.6283931894951,17586.227980660762
812.6996673166112,540.6264947256344
812.8098750348561,402.5247598422006
812.8287619657806,8805.446713477018
812.932117718782,439.90475750393256
813.029208986909,3580.1599707851806
813.0887214533443,444.1084056975376
813.1215060897157,268.5498549523471
813.147458637215,276.8925598350766
813.1704672972269,1020.7184704651594
813.2304087407006,539.0183597329021
813.3275958454986,302.80336390665855
813.333130179603,281.105136647537
813.680571061506,406.02862054581266
813.8740070308779,289.23469206252025
813.9236789417936,1293.0238024487498
814.0736239189048,613.0914279312907
814.0918882166457,1890.172890112262
814.1087275262546,618.9379182801874
814.5833797453522,272.17320788236856
814.7421838987572,1509.754301104607
814.7662878822879,929.6885555101807
814.9633087396029,351.88676788969826
815.1576366611947,1273.195100640989
815.1735801117593,513.3257208250568
815.2057803483899,1061.276017869299
815.2636284095101,311.6539042495609
815.4353482553032,273.95619981456355
815.5933624878724,344.4160235392322
815.6163415770535,609.6212273539513
815.6365744270751,673.726593366656
815.8045958975691,901.8572974888406
815.8403790989412,302.43494693845366
816.0052999840208,342.2481011048491
816.0431810213679,269.8722271836491
816.2173852536637,458.95293761251895
816.3401067626563,526.4741194139667
816.5609101623824,351.014658715783
816.7345365799046,300.36315575905303
816.9718652028987,816.17299249419
817.0401153416182,258.61502290907373
817.1358828107685,457.4262967187629
817.4573988290498,370.11192675718917
817.5874890006185,806.5052893138392
817.8539543831865,367.3079760398064
817.9585921016322,416.6173603055375
818.125461800807,393.89830083363313
818.1496588504804,342.3271196891518
818.2458329739347,1017.9138612732863
818.2833233156182,1424.921812075578
818.5770962731359,540.6358479309989
818.6169655755546,540.8458148665094
818.6951036703769,454.4682289143903
818.9483350221677,538.4713882577076
819.055629326809,517.9910161362452
819.3178542788639,476.160342934489
819.4798595926636,3119.288954632577
819.5320730580075,672.0499260347921
819.5988893925207,1064.1157608012686
819.7793217866126,1382.646424167302
819.920196242538,408.3952361067036
819.9337164356198,438.64104139526137
820.0003778723449,763.792895820939
820.1201670828256,3347.647759777199
820.2673670430836,428.5448419177757
820.3841244334494,1644.6368934113862
820.5780536579344,772.2403644657021
820.6090105622362,595.9086023632198
820.9706919483957,273.5825446924073
821.0077562190488,921.0321985569111
821.0128425582789,373.743976500002
821.0306477917339,727.8602374808677
821.0813981114308,403.4091795131746
821.3311421057346,444.632194389961
821.3430907564028,377.4511766033347
821.3515490874806,336.9635948681866
821.4049008856776,672.1284908812258
821.5721108232327,451.045226009982
821.7233872384523,592.5558780411935
821.9168095156965,1266.3962933405983
821.9445643262708,377.3299144488334
822.0115295266626,408.097000727379
822.1520909027624,400.1524825466053
822.5884135521297,1019.191158542152
822.8407360125086,276.5843108524466
823.0247920881056,398.90770866210056
823.217038659825,542.0860298281758
823.2307344879274,1720850.888608366
823.2534218532027,353.81029915080717
823.4314717138244,3932511.194551665
823.4470809813465,599.9973516699752
823.4607842737515,754.459363166141
823.475060679886,408.42282899697034
823.5497323565705,359.9711053772644
823.631076359849,4673453.4395340225
823.8318472184056,3828191.7382077114
824.0170100483026,1104.085877694351
824.0330742280627,2442046.4639887577
824.0526970161283,461.5042913171095
824.1442659220523,496.36719439958347
824.1624501478898,900.9176288062962
824.1923595162358,292.31765652500235
824.2191192785945,868.1253820634751
824.2335705236462,1282029.1461963838
824.2896849900079,568.3156147523435
824.4022015056601,838.0396287807134
824.4094601586248,359.19402481744197
824.4338317590849,572893.5576388817
824.6351042471101,230462.87209037883
824.8350784802008,80079.8995194236
824.893542895137,466.3107395975186
824.9089538357508,252.60367856749164
824.9694291213447,426.06649521940886
825.0327395055164,2153.3495669107006
825.0796698326353,395.2897663688758
825.1872076059718,422.73783800573267
825.2119748490231,756.5874280721715
825.288819573292,372.2457728892952
825.3737632462753,326.97994586631756
825.4044480033996,442.4190133183842
825.5224480416738,277.03881573031913
825.6768152215661,396.58518697836615
825.6949023769453,708.4060098001547
825.807453823763,1037.923946982412
825.8220866907612,2265.2968256958707
825.9253013694688,1974.1720143217308
825.9564309582505,1390.5725818836193
826.0770402820615,874.4411299818186
826.4217240664282,381.9680325866974
826.4297889264376,51075.88911641429
826.4747537960313,554.7520176193383
826.5566675995989,1011.5058397505442
826.6304888726522,115019.08904309975
826.6923217910709,1174.2916688987025
826.7545673648146,1094.0400063143736
826.776338667118,250.22559360487833
826.8310459221763,134878.10696028927
826.8742544363317,289.8553860066591
826.9581606827207,816.0067666048401
827.0307668522184,109775.66692926579
827.1142876442341,1323.7678391793281
827.2322468909814,68936.78961730975
827.3177930436851,657.2610198592179
827.4328405194886,35744.85848020336
827.6332114194771,15645.143298083125
827.6443360114106,679.9892830062022
827.6688292077479,647.223061953492
827.7434193161074,342.1469854447109
827.7552942808591,391.9614729733668
827.7658052057006,469.83964884363735
827.8343716980922,5804.970061900442
828.0086528545595,1186.360215930367
828.0345438417938,1388.731008471625
828.381548932994,267.9847044578989
828.4819425659687,1268.6470880550544
828.4957139794335,351.8772786571405
828.6097456473053,440.9712378136151
828.6679286322817,643.3267790616059
828.6891492462353,463.40860988573496
828.723103098587,429.44860797802045
828.8790951881567,425.8058738270215
828.9088163497993,1529.29086518324
829.5965326557885,328.27342796275406
829.746952867223,547.7415621428811
829.9087371143452,731.1064375487944
829.9504289650049,574.1275987994688
830.104643504003,465.34110636221567
830.1846354681077,318.26527538037794
830.1938199515027,327.090652522414
830.2692951591437,998.4243474134181
830.6466439097356,862.8595910700168
830.6586150342102,1476.4039227923615
830.694266912963,574.7453085613278
830.7778549959252,415.2290653242629
830.7844687694937,315.56434949031717
831.249560912261,630.6489156266992
831.3346134788421,665.9099564379095
831.8728903236184,333.35492060459535
831.8888276878592,381.0844996646396
832.0019509586185,779.0855991108033
832.3331903278403,271.15389778169384
832.3957085962785,639.4388820227744
832.5762827546097,629.4356801383891
832.5812612931549,982.965594186584
832.7983731085084,677.2952278316891
833.1861664003891,584.3061681347248
833.2059090083824,341.33612929049826
833.2529769519195,626.0930070139239
833.2765542575945,404.98785513595357
833.3127315294857,830.9632577049466
833.3989289976524,1080.2823262612683
833.5197576714734,373.9773779807194
833.7149203872992,1732.573873662066
833.7420817263795,375.46724816105944
833.8891902336042,666.7415187696978
834.1494475939542,550.33908902995
834.2192574952742,661.2804494666111
834.3134758371725,662.9268889175195
834.318699145839,896.1989073732044
834.6063559003039,350.4952491021541
834.8003206238786,255.992685557578
834.9091879425376,556.7768980693138
834.9363292775072,565.1822269014525
835.0286414967331,1289.7980319830315
835.0833664922646,258.21932389914485
835.3073075760882,255.86343697491841
835.4740643143939,773.655831874627
835.5366648113048,274.6235694132668
835.6016623988078,298.22244221300366
835.6362255573762,851.7619990951463
835.6960201677983,1124.379238984339
835.7173804191777,591.2111738136582
835.8293255316205,432.5630985638935
836.0599288422668,3291.6430095710243
836.1388391271407,393.15410039206466
836.4026586837824,1195.00346919057
836.5619729614456,391.69216874436194
836.5948860413916,719.7912844141964
836.8254393442113,563.2132103055899
837.0664664651846,1378.9138351582415
837.0888850559961,383.95603582044725
837.4208863169499,1179.7209686783178
837.5057520359245,276.36950283798905
837.5739459006294,432.6403283819856
838.2113457508356,319.3186050760609
838.2919553136226,603.292936933484
838.3727674287717,521.1478141094676
839.2095835473165,688.5647721610491
839.4560267764568,549.4331694985797
839.5909126806838,1122.269979064792
839.7024183187355,322.9952933162312
839.7401317868388,752.6761885795223
839.8036245937624,429.0805658260064
839.8442158980554,371.09293122917575
839.9010569920832,1247.2374281678879
839.9109870099153,1203.2191732216045
840.19995607389,911.9264173780598
840.209097961606,575.000034937691
840.2289399687887,454.0358647077113
840.2392576109105,600.3345674963597
840.3497958580851,533.5051453169538
840.3715289751777,594.1302533523516
840.6392596772437,1169.3582019988442
840.8343716112591,555.5398209366613
840.847625462097,668.4348423514855
841.0201771738792,505.3840109207364
841.1794198070503,464.59026507381645
841.8061563528972,517.8259896488104
841.9276133854585,304.3761756664814
841.9859292656462,561.342674729912
842.0471557025537,449.30817579644867
842.0751655926173,728.0865592284808
842.117881004406,857.9083940517261
842.2128926930769,646.8785728929604
842.3304056791294,373.592955173654
842.4874864396525,752.8705457471128
842.5494622373388,831.9698497046379
842.558042424764,745.2966672181853
842.6653622126164,285.81040393464167
842.8532765417225,2529.2837902979886
842.9165913053434,505.83209730069234
843.0281394320623,908.1802488280882
843.1883553966296,364.63827205171395
843.441992652884,3260.71036909108
843.6690100964042,1045.4254204794906
843.8796970388186,385.7667061205435
844.5936945737617,396.7328410207416
844.6336648827836,345.4057260712612
844.8405110605539,482.6990843973471
844.8518395607755,350.7032183827554
844.8625653051654,394.86565344385525
844.918882430768,275.91691442546374
844.974614830005,555.1755007877794
845.045767767952,1981.9357298482516
845.1365736620944,385.0386698749177
845.2120870492467,848.0067933551342
845.3455785196849,389.8479496716974
845.5037096330576,442.731446939608
845.5920551818072,542.5803092040026
845.6087735945517,274.7707857229759
845.7725622035841,590.432337197455
845.9155725774827,475.52668829835676
846.1919724391627,638.3326039289436
846.3256923988802,899.9914985180415
846.4802921828363,878.0398096306577
846.695655998267,452.6451450724624
846.8304848309164,1191.7317567713978
846.840485206628,494.6577609897393
846.8880943754118,261.8673516423521
847.074603265011,391.93332693743497
847.1776309286079,1525.7220452072938
847.210718902077,954.8101813947312
847.3207270025572,314.12468957313547
847.7580184825432,543.8765942532373
847.7938772746198,289.1154970474211
847.8156793377689,957.1813573342291
848.2436220001123,666.8088316220059
848.2536886322445,913.915622053666
848.2678404280068,1292.0072842061995
848.2780641112149,2319.9148928740406
848.3626298921978,809.6548173968565
848.4056730596282,438.1013282592241
848.4706059146238,627.8283156505788
848.5285093316038,593.1510570760175
848.6544471219422,894.1791325104441
849.0583168817976,537.2153721787106
849.3347335523899,2845.8763634134257
849.7369115558279,845.077490294506
849.8811174323175,546.9872699953956
849.9073317074545,483.49655696002065
849.9988664925589,508.03763485630566
850.0729375851253,514.6555269746851
850.1577458257461,266.7942527148676
850.2727935724042,562.2700913485198
850.4553151055874,1297.090281187119
850.5270312832614,637.6727560145333
850.5737425379517,1043.7175122232925
850.6587764361545,270.26461639369074
850.7490661866302,594.9576068420129
850.8939009450646,643.4619195465818
850.9363267520943,267.18711637882603
850.9814387828119,368.4546401268025
851.2911701694297,708.8523164690979
851.339017805454,287.437760440384
851.5909120388422,374.5594012216637
851.6436438567766,449.7624814986596
851.6594656886145,649.6279247510253
851.68831994986,336.7929453733887
851.7229389666625,1780.3513003650346
851.7838684309619,428.61683471021803
851.8544872013517,1263.0383231129085
851.9739952733618,508.92729901141075
852.2600041652059,615.4280480336308
852.3803025605355,571.6499675034812
852.4039036550178,367.9462205286714
852.4191084340977,1439.0375790595772
852.5180262459631,1390.5856052593042
852.5792075832062,511.8440966572573
852.6131147978252,1107.0695149862102
852.9620228223655,667.9086446694926
853.0053928110008,657.3666862034765
853.1707214912651,817.8767090124545
853.3402535107695,263.7184224568636
853.3593636179917,315.38886000110926
853.4565215503561,860.2222063269217
853.5492132126296,287.42455892944736
853.5620058624141,1105.7106535722517
853.7295037917096,622.8691832092816
853.7951691138454,1173.4666661295403
853.8040231325895,254.61560288645052
853.943621531486,255.3551274704081
853.9565310040258,818.4760115652226
853.9875108933842,892.7726644367474
854.0147298606494,1531.151154621892
854.1645851710882,651.6349907959379
854.3121016368598,266.6457214329725
854.3720577445663,309.21544705159215
854.387242774427,584.9107793184944
854.5431679377149,461.6078013564168
854.8347534395689,1418.2225501364233
854.9322374802814,300.54196686156325
854.9937158913602,1402.5329279857806
855.0188230785558,331.9138873611082
855.0342208401922,329.48006035626184
855.2061985104152,677.6595406641613
855.3371793790074,982.5397872314509
855.4838673223165,971.6061809582311
856.0738344115415,2414.4226401055093
856.1356609886565,353.4712214132285
856.2221369216929,251.07085758388186
856.2526742861071,584.1791695220378
856.3564842609627,280.28614894992165
856.5654340969228,313.67970487759845
856.6912377287189,791.2632864308688
856.9620761367462,514.7803515303865
857.0615720484498,1239.4254988065272
857.2504669788077,305.98061674044305
857.541146110474,1051.8879975990935
857.6494459575007,282.2709687695943
857.7394211433235,1392.533592475535
857.9505194763104,605.491899235776
857.9694875038202,447.5429951513357
858.0022896993353,316.61406677519716
858.034283729795,1299.614926276725
858.1772229949878,573.227336853996
858.2518053853512,430.1542844912178
858.3108422096637,311.59461614318377
858.5061561233305,599.1542260711542
858.9055188567831,309.9268334321622
859.0330832125477,592.783776888062
859.0694216819614,547.5145062817157
859.2625339799478,399.5961862518411
859.2878184677966,1562.1387052313705
859.4685097848582,557.6037450468731
859.4758871178734,595.932072659571
859.5553402236375,395.4233277757009
860.0184461657159,441.327250446084
860.0432712816832,1020.291554793937
860.131561023945,398.40667613387495
860.1822558001239,291.7327145214487
860.2869470635003,310.4933249462705
860.2972985849941,719.1708740361042
860.3057565304996,418.4903315808846
860.4622016668403,322.7765598492255
860.716373379894,489.9180027130654
860.7299241036687,349.5048250817427
860.8833447599362,455.1483116102603
860.9756453092201,371.9622896067648
861.0045792569204,490.10563900805755
861.2746981759063,818.7328371665783
861.4571641682171,259.09442962637985
861.6097374854781,1593.672492456604
861.6587061103493,269.47125932229017
861.6895236273069,274.8510583145103
861.8943544979571,544.1861248481592
861.9557807192926,332.5696670076872
862.3320471776243,423.70910709172546
862.3647326612185,326.15984084755866
862.6227466450522,693.4074206722754
862.6996638461989,364.72324631005034
862.7199762953006,482.2253768360644
862.7782208555334,458.40864736202354
863.1042988230668,386.54365893265606
863.2079590002462,690.4383903985685
863.2455959702473,468.663424235721
863.5629033020169,879.103437330412
863.8952576886838,265.9561503281138
863.9285460925319,608.2763043281279
863.9817210539562,689.7195486459636
864.2758919375852,812.2868747087828
864.4571584651688,2231.8957857187465
864.5650417735106,260.99367546813164
864.6077225366594,3330.846427662138
864.6311626415076,484.9866873041026
864.7147399122208,289.8005574307025
864.7610568703317,638.4281165930603
864.8386494675649,871.2448055222127
864.8774324600173,337.70034157320293
865.0051055996885,351.77992786483065
865.0940450035748,1113.7598426416282
865.1891907716596,778.269824073624
865.2269560233445,384.81004761610683
865.348437296061,1063.7486295144552
865.4024852929338,368.6878314614894
865.6239394541925,1076.293255288372
865.6466560072142,617.1895935217358
865.65726347539,559.9245069477824
865.9338416122011,841.604969833186
866.0397509366292,580.1992381181423
866.108646718642,265.748906082734
866.1677747724527,507.75229880960643
866.1832639797925,762.783905747672
866.2611884510625,988.3319740496066
866.3986989936643,520.233975597642
866.7719188318506,974.5893857921182
866.8389091801414,1653.9992486549913
866.9453740747526,371.03191953759546
867.1165980889463,266.8082484824321
867.1546090891134,507.3293909817974
867.3006168513974,778.1104466268048
867.4883305307685,697.3075526130883
867.5945200414842,595.7250763405883
867.6375885571013,463.3378461854568
867.7396398579481,923.3405545906465
867.794531154373,596.8655290407564
867.8079924261896,530.3133347915772
868.0045047501791,513.7932541365956
868.0480862680765,498.5971247143709
868.2374447934098,318.88885992663756
868.3067284640958,937.0816135284888
868.3155076074789,683.4446532358891
868.3567775784933,1812.581929666877
868.4783457303448,733.2077780891535
868.5302896859362,610.489625885158
868.5822782345884,587.9330632339589
868.6885060176788,557.5289424105026
868.7215301861804,564.0248196197559
869.0394788928187,530.6732489975532
869.1509276734612,475.16899391894594
869.2717500417936,370.8350825977907
869.2998671007799,610.3117685602388
869.4499890510577,568.1301668868699
869.471479273093,394.16655507814284
869.639251253437,335.8823434153084
869.9164291336689,309.6427299061258
870.0137827542956,492.4594296742036
870.0617959487419,742.4913291179031
870.1555879901499,362.6450600601289
870.4826699672634,618.0996667742572
870.5127573187934,338.01200219398225
870.6221831257104,1214.4304392182232
870.6767145864928,251.15734186939827
870.696486068886,278.0721386680466
870.8194892159904,347.0755664074472
870.909933923216,393.26430302200777
870.9228597190275,345.0378632492393
871.0379587102428,389.16642583920543
871.0615375867113,1010.9540880597378
871.1277757777647,1884.6409801225034
871.2406583744864,1083.547802159098
871.299083792103,529.0051558810537
871.3794713292865,534.9350776414698
871.9022689051525,353.54974757182424
871.9237387037545,515.4596443741096
871.9411719459808,477.19830247993673
872.0917095606502,2440.8490267803522
872.1172056390751,2525.3968687149336
872.4295720560025,384.0238455845228
872.4629485549118,1135.3586671773048
872.597500434573,1002.3308353311131
872.6340371692659,640.1843494705013
872.6610454694311,406.4404083478396
873.189897510632,910.4254540277502
873.2429987173883,553.8936632541204
873.2679044603582,637.6787940837935
873.4076997385904,282.30717174567326
873.4176993889652,321.2792769888071
873.4509717448295,501.41473618932565
873.5365297852439,506.1200715537898
873.7274713956454,490.4800496572313
874.0433968500328,279.6751724003241
874.0676400320663,829.7593366794686
874.419938567814,510.1864483882959
875.0570700815163,306.7053101609317
875.1425769428107,441.3289841064582
875.4081568852112,250.98055483729024
875.5120186505878,328.7743086506793
875.6703387701084,585.0667588073616
876.1059901300123,868.6018030995231
876.1287300588502,1285.8400728060205
876.1620480639567,432.8548624695773
876.3300503652556,731.9878137473054
876.4142982570563,1171.1946288550282
876.4291976382136,2788.9831438311367
876.4923026086753,844.6021019981869
876.5260664471651,975.2289534844915
876.6820603137838,691.4335847525833
876.7103499239277,675.9519272017594
876.7506660120584,392.9675955480574
876.9432364441755,1292.6109856951641
876.978135295796,286.86883641829115
877.108635201762,712.6986457024635
877.2284915076351,626.69048507121
877.2494751592986,300.4482368904999
877.3852226632297,367.5010263915948
877.4369253365047,759.6525436203518
877.8354626913186,2008.5803206121961
878.0807824575525,456.0963216467503
878.225173261178,523.1895458720006
878.5385817522962,1015.5627103647289
878.5841639006177,535.0059581412305
878.596058289839,553.4514165454644
878.6255997277112,586.4558684651977
878.678147656791,640.0966754608783
878.6891925719817,397.9126508355576
878.9112819189475,282.62633855650625
879.0801874387031,1031.4529033808035
879.133893413843,799.2881738210239
879.219392958225,626.8643743606481
879.2242240817242,575.1634795103639
879.2551516990774,854.886402702837
879.5602187552144,943.9159302371255
879.6310952306984,593.066549415115
879.8525343640746,1775.172367418967
880.0147662010856,556.460071454648
880.0349905469086,529.9204858153846
880.5860539792353,296.0130378743085
880.7193004753022,720.754513937666
880.8195161455413,864.3036965702856
880.8307375107906,342.8057849399024
880.8358845343776,587.5439930530573
881.0339698677774,340.9697154913505
881.2562694450987,546.4276554641494
881.3211514572012,774.5569494946253
881.3827524465656,319.62571831401414
881.4158821305114,798.8194749015491
881.4687814025862,377.91628950229983
881.5024314258217,317.3049561706419
881.6422905670655,1083.3807886994712
881.9012709852758,477.0189039029322
882.1137109689874,1362.962786021401
882.1321263880573,470.4085187724338
882.1973635870792,1306.3840557495837
882.3038136761203,389.5932921245471
882.5733472942411,827.8458179729425
882.5811788638496,429.0995096391594
883.1191552204449,507.5854077624459
883.285121215333,761.0250318795761
883.2964201110242,604.8668072467335
883.3664397769415,766.5949389010513
883.3880274958923,470.2082571934324
883.6480680979465,1125.8724487483992
884.2814650164639,682.6465419429376
884.5019896814098,796.1274314721197
884.7329574331786,543.1085283493614
884.7993553984716,1160.0116327223266
884.8235405534285,298.1771459312171
884.8826659055909,295.0842376075749
884.9176693175707,323.7969379039756
884.9666871833035,582.0334800061604
885.3383049906963,617.0148619017403
885.3902053065899,502.7976204693141
885.4337202097822,253.30985848291016
885.7960206200154,1354.053454423125
885.8234877374473,931.2468451517907
885.8427464116513,1871.2822010578952
885.9405408253698,420.9091779378424
885.9570888229065,551.1589636343629
886.0583810483586,4091.7135883702385
886.0638835701486,935.9222166785534
886.4629724474202,716.7190774163431
886.4878561564052,302.79038776378627
886.5423478539685,260.96728373746436
886.6348874730962,765.0654350002325
886.8411896756076,1027.587079044494
887.0380687275975,294.2647772708801
887.114774957459,313.2457407004009
887.3065170394864,428.2438094683984
887.319866211454,988.4465584407035
887.4087923621862,388.3941867741142
887.5794325766882,267.2921788364739
887.6222802654661,495.6813891685715
887.826629609966,532.8967712629853
887.8479278707656,306.24552739414247
888.1982611828257,484.5374448132023
888.6650574892134,598.422965669284
888.7251598594775,343.91571095243097
888.8101170532303,1095.668957537962
888.8630696231326,426.68449154888737
888.8914365405864,613.3994386738843
888.9525913681513,503.68073768186076
888.9729371652702,276.253134920635
889.0314597649412,277.7063430904717
889.256777751603,1124.4298994674764
889.3096476377801,815.9503773338412
889.3354939592055,603.1469858562342
889.3556095960071,430.63083578282874
889.3932486714629,531.3370017129373
889.5714025165701,629.7062763045949
889.7877675220324,377.15179839058936
889.9072713995757,996.6612748329563
890.0741606378137,932.4043849047807
890.0970905597147,955.0935278706777
890.1957083707415,381.9030891944189
890.2389896397154,1431.6995356344446
890.2945450734286,691.186835481013
890.3980712215572,318.34552699293016
890.4130787083626,342.1044543714137
890.4774614321732,261.3714197773444
890.5705483494174,563.8265344287943
890.5845588487692,294.80150773944723
890.6466779193097,902.1329255618117
891.1712493632731,273.6162725916468
891.4073849242284,252.70398237356218
891.5202908829394,433.7786573299983
891.5247989571465,1290.8962681951352
891.540061273697,342.5189620719469
891.5860776405195,295.4852753109965
891.6641763332378,388.5483270939206
891.7520291755338,470.49675819139253
891.8638669082353,395.3250803005264
891.9196325386905,413.33052445676043
891.946898753774,593.2175448703651
891.9679270666353,433.46397576187985
892.0439646861657,982.1344991713736
892.1871773627701,289.39597522932553
892.1983222605681,822.0879573486756
892.339202740311,264.63925594372125
892.7261491080294,640.9332801057667
892.9067347190147,256.30620693697944
892.9859701704632,314.5840108181121
893.5175911026134,1491.3771924018863
893.6647075941536,747.004813906455
893.9797578394457,618.0015662893325
894.0314454477061,603.507283126705
894.2196556911595,532.2159896338895
894.2559748739603,4400.87987136992
894.339436245773,1092.4274438160785
894.4208234398499,394.6442141717779
894.4360244920888,519.0195652399059
894.6610004164503,987.0348287794922
894.836362523152,628.502868495864
895.1457237895293,327.3953547425088
895.2941988810059,890.0903354756844
895.4552676689707,451.53393663216116
895.5966905846055,740.2512539766641
895.6806539521638,1535.172973877351
895.830906211736,259.69110819437566
896.1357647659421,951.1484809171131
896.2115276917959,524.5971039939446
896.6845934631036,569.0529506431263
896.7293456835977,478.84320001811983
896.8229739609466,1426.895246336835
896.8281038610301,2272.334155192763
896.9713568593686,316.0493404602813
897.2153837172029,677.6246506946245
897.4164151964317,282.07340996633593
897.4294166462148,418.48889275504945
897.6672912094841,459.433683268034
897.8517587663202,612.7875526545023
898.0298251430861,904.7829389187934
898.43014805773,273.78480160068233
898.4666432823126,314.42694982654314
898.5229788463283,510.41455185383876
898.5658332330305,643.0212879020979
899.0608889333357,380.60937719635547
899.1357345343371,576.7037160573533
899.1413512788142,263.365776102855
899.4624709474828,332.7876407774824
899.5055204290229,285.84794965301114
899.6217774550679,337.67671921149685
899.6319487784327,459.4258461153876
899.6577610204663,428.0631354267647
899.6865939381894,651.3494823533656
899.8737408220167,522.6709751061371
899.8797003159034,1310.9313602491516
900.3098727453691,358.7904400723772
900.5183725699421,342.8425226059379
900.6611852372463,902.7978010062507
900.6692064463136,351.04606019304197
900.7030679002456,324.3368887406836
900.7502524810927,1231.9913147084706
900.9080387044866,307.07386649445664
901.2040626837858,1918.9399956269374
901.3223347131186,1104.098276830224
901.3358122615477,661.4621204052942
901.3469410636243,707.1072080059353
901.4704378441598,405.0872846770341
901.6430418316893,1160.7006070151679
901.6599290627244,1505.529140799029
901.6710510587378,2197.0042265890256
901.682495750311,505.20691816133336
901.9883266048755,1323.6910106879084
901.9932074546557,317.543627175435
902.0203342810686,581.2273952930874
902.0328389219746,253.03585306666415
902.1783077626764,594.5328122201926
902.2132810754057,319.83592435672415
902.3751266841978,2099.717375592539
902.4991044320639,1210.527469303565
902.50793869642,554.0362356030283
902.5963582236321,758.5421660263019
902.9776784623522,1405.1697877992285
903.2976747062746,272.6145457176954
903.3778695372849,315.14835757877347
903.5508933123742,582.593839250627
903.6188715414185,943.4231804821012
903.9961621520313,303.43927672700494
904.1261803179187,320.63927955048786
904.2574681304153,758.6365597591982
904.411944933233,3810.784382263114
904.4636237220161,271.76455256360606
904.5055690724142,331.9874181357025
904.5497939318235,796.7838571255493
904.9065299255933,893.1539629606302
905.0455198479088,537.9967600973948
905.1731091967998,313.7092001499702
905.2148376404837,436.2264682493275
905.2232561669981,876.2849950382603
905.2446800347686,386.1000932178797
905.2958105681328,560.9297802195302
905.3501617934825,431.513014903405
905.4324485394768,1277.54433060983
905.5570677620203,286.2253447615074
905.6420878137693,267.29201669025696
905.8874436867546,562.4594019777832
905.9214704763731,561.4695247658162
906.0995379542023,308.1496419765176
906.1583764507872,277.8512391866783
906.3555906770797,475.2125644628182
906.4524834054935,321.37387002970337
906.7240558574928,576.3583713885529
906.7717641759125,398.18267683573373
906.9328513334609,345.830014899181
906.9461730388597,371.76838829295787
907.0494758748573,968.3405572659245
907.077084805366,375.8274304397671
907.1709847617999,456.67986064568015
907.6305704797202,1214.29429959256
908.0161717594872,283.81567329956704
908.0580401443174,772.3695842306516
908.0835067992505,1263.1122701703464
908.1828607139363,449.22349262419567
908.2165130798273,1243.0538931347744
908.4591685631267,596.4905359884718
908.488731546617,533.6114412977153
908.5585130644808,540.43199552794
908.7990437660258,337.35646124963745
908.9122456829515,815.537403558439
909.0973419589582,307.0007157410411
909.4257149815727,913.1217239543965
909.5166963622336,403.2466702371641
909.543703907421,648.6603740706952
909.5842182446855,2006.2384984318574
909.6421957459416,330.17946079588256
909.7218845313048,1711.6313077161833
909.8224360469056,387.2237119730887
909.9404762317505,1179.5932616893556
910.1369451801768,356.13741634780155
910.1983124024171,851.802987498291
910.3978344212674,431.28893074197134
910.4916718351321,1155.0843581726606
910.6609698223601,805.5313445337617
910.7072242476652,1018.5425649202596
910.7587401015866,580.9635066550819
910.917791696008,410.5405294396534
911.1315686246007,680.3293139856725
911.303254689869,435.43938678119264
911.87984574517,345.28822496933805
911.9082493992494,679.8076680978864
911.9398349664243,490.89420595240585
912.0104305236148,589.4759506172763
912.0595746660546,881.2891328368152
912.4074344532042,643.374160517108
912.5377780094599,606.9777787414154
912.981166955726,361.1186181850332
912.9996809161598,476.95037677132154
913.1754713597383,466.32927075181124
913.1993847539219,355.2978454818714
913.2575263728223,1664.1856473418986
913.3504911606706,578.9110547305747
913.409227150947,481.1572893937855
913.6548274676251,3639.6304068283416
913.6616273675002,596.8419257837294
913.9125575719822,765.401639275764
913.956120811734,341.57352347258706
914.044834205539,2043.1621171246047
914.1370756545787,334.6213887131063
914.2618248841767,1180.6743619595575
914.2730120670882,348.12290518665736
914.3046681178392,554.0264316679712
914.5760233019137,306.85711650254785
914.5827774433986,304.4669182712797
914.8308102094524,624.2881782564743
914.8933696557598,445.99620487499215
914.9330795227128,282.034720010836
914.9505961398208,502.90377203907457
915.0175122601856,303.91446586807336
915.0486306728707,725.1171775725336
915.1514204351927,647.3436249496027
915.2395203056467,380.9153749915751
915.3889995922973,1391.3009792642279
915.5451386543091,697.411195198562
915.6210408254935,489.26383185683693
915.8014549718379,303.6443798125714
915.8997172736871,1040.7225957829985
915.9946998131658,834.0112067391747
916.0219286848608,776.4814689525206
916.0716244417471,883.7390817510006
916.2309083723273,1825.6322804936103
916.352266967526,1131.5814337172737
916.4087022146903,720.4442153325293
916.5052932874186,368.1672314508369
916.5364185781804,437.333230456007
916.5656184582868,457.4715802031905
916.5786677698864,275.33880022382647
916.593025265804,344.61498751216413
916.6613010065871,777.2921646023739
917.1008640931086,331.0977254748257
917.1227906559249,960.4504335901352
917.2173253473338,266.93986676429404
917.3161082254137,344.91486478703064
917.3603563076182,813.2820364178976
917.5124898063781,623.20242311385
917.5549559080564,546.0573138202705
917.6890161343939,560.9571305435185
917.8079189809115,563.7755503130354
917.845007501931,2061.7288745963374
917.967063092908,271.53554808946706
917.9901850918096,866.714823208339
918.0631571506801,257.2357483686325
918.1641742181484,506.6160963021612
918.2523032891078,281.1397214251367
918.2840654452592,1037.18865795607
918.3748813896283,1063.5298171730883
918.4314453384451,1118.2386986880463
918.542631659553,305.38304384110825
918.8266791253773,432.991005814228
918.8320371200981,800.2314942365379
918.8793877943909,254.74550882846765
918.9757592426813,533.0057484369767
919.1767279462607,1115.5215087934182
919.3019264873446,290.5218753501854
919.603260164837,699.288841914191
919.7086957489095,312.5954947626919
919.7180765455448,362.5222603847413
919.7998893006154,975.6045246592236
919.944600130663,287.2140472376685
920.0192699625047,1602.9055236812433
920.0542939125123,290.0133026808846
920.0782995327078,1133.2114538700243
920.7290100147571,266.96593549974966
920.7392105464858,775.4841740671033
921.125501479651,566.9379855740542
921.2462333326149,359.95766013653247
921.8956452875362,687.749616699605
921.9216383417008,719.6807690409408
921.9315626164012,273.03667114462064
921.9373822907597,261.42957295439686
922.1413905361903,1877.647505378327
922.3497532149912,294.0141732390502
922.5393862250389,1002.0406196099735
922.588348458215,326.7734307500599
922.8883300889336,487.8198461750427
922.8985532436443,883.1609993709028
922.9787508700739,500.7906765633817
923.0628070440827,509.6364259628475
923.1662171751274,513.6802627694781
923.4014447167183,600.7848469298874
923.4095827937982,597.5990312626577
923.4863937090661,266.88984665861614
923.5165476093435,450.2217089338823
923.8810037838861,347.2057303313738
923.9256666935239,883.4724504333902
924.0067328175116,696.3963101301688
924.1361848860779,270.6287890162897
924.2148008204367,3214.2858562193633
924.225140053118,277.1424156781246
924.4669611392213,687.2249921226842
924.5263001989514,426.9961684085917
924.7002015488081,274.02852439225404
924.7168678838075,400.94659146815997
924.7558182770742,502.3825430721285
924.8460001904564,570.5507188694485
924.9570692802369,676.2752542164375
925.459273362505,301.82357464651426
925.6387250156403,497.9149968626579
926.031238391415,420.05116744946037
926.0418944013074,477.1765924412492
926.2620812634153,946.0363040764082
926.2832984470383,1095.4747179201281
926.3873858510464,1250.1138941799002
926.5111838247859,991.03686858824
926.606038261443,396.93633602287554
926.7046903693201,258.73825313100787
926.8019410986898,441.754027594128
926.9788816986553,1055.279910375739
927.1839108679641,455.12771757325936
927.2856801900384,1148.175863806812
927.486398850921,556.6689693786137
927.5148863661835,450.99256350872804
927.6653021225521,733.0680985296991
928.1704338639547,763.2540384294707
928.2154339480257,317.05611899432023
928.4477386599217,3470.248192442644
928.6363915214001,503.9452835047032
928.7114325682068,456.6294848100906
928.8190086333551,1229.014299846437
928.835308531496,556.9653247574614
928.8426899761763,840.2203784808197
928.9866308004734,495.14400569725547
929.0680898651362,446.2993771842987
929.1284262606639,373.56621802813635
929.1348252625328,317.0351156384151
929.6060078742727,329.4833356060283
929.7211325216997,5312.191215361211
929.7695102444357,1157.8352152226794
929.9194287971329,307.3008101266341
929.9463956734714,1135.482039217111
929.9628558973737,981.2838482286637
930.4516365992893,1615.707372756515
930.4871259256295,1170.0927757860945
930.6526658944838,548.4480404891659
930.8102399627772,620.4662102650674
930.8729604196537,282.3952225870431
930.9211713673235,4672.413673119601
931.0257753378916,1196.718064432472
931.038691067678,264.6241291177457
931.1954897107679,1592.0056680012333
931.5283523032991,479.85446259939266
931.5384981638156,410.11361997576023
931.5754064487961,1144.4157970281267
931.7109026835506,510.8300876967559
931.8259569824888,871.1783844125043
931.9255444425963,399.49867196585285
931.9963701027764,267.94226416507433
932.0915191488924,567.9614623388397
932.1650739911257,357.9380458428788
932.2335629731624,1149.2041377101536
932.3034239405807,760.6250431169577
932.3593524141671,1589.1636159199113
932.4855795420332,1116.1970655996852
932.4998102786012,639.6893708919821
932.807300994656,266.46394359813434
933.0203566634077,327.73199611879215
933.1756606675691,311.4162215414284
933.2547471569984,491.0418338295271
933.5364969343973,382.68319237366717
933.7798922034332,263.16696686545134
933.8159423515757,645.5176523522961
933.9198543435629,381.8891937024581
933.9760148015006,272.0422536429196
934.1376825108708,770.6319989617708
934.4044626766411,336.11397593230237
934.4566808308404,511.56006697673484
934.7581958339478,330.9109157883669
935.113821979194,421.08678568499244
935.1196583634674,557.944413849206
935.2292529344641,2048.5551667235068
935.2387121861774,754.4676699433766
935.2716935462379,1445.0404305177858
935.3035866835086,598.7287040644399
935.5360322961443,552.7117136189966
935.6132880455373,1519.2480898088122
935.9552291335771,315.46918368737823
936.0592533975736,785.9336751749995
936.2331708955292,1029.2285286759554
936.4623099931267,2056.8844230440295
936.5193772272894,1110.5619358973406
936.7163776754016,454.90115385830734
936.984122247285,855.0594961369142
937.1452183317191,400.20454280698976
937.410116985307,615.1033290327798
937.600679195687,1034.5610308160299
937.683490427963,295.36922757930824
937.822450005447,421.0889602397479
937.8638595441583,264.32113579815984
937.9282940334765,316.9980923104727
937.9387528181235,639.8658329582943
937.9655191161671,580.5581217864018
938.3169828026555,662.8779374141611
938.6193208432672,417.1628063727339
938.6423598948431,1015.9892545687242
938.6797659281862,427.30061141646354
938.8066430948898,2060.7878821577224
938.9701528939808,364.0218313588746
938.9826706584971,499.931907154833
939.0860566458502,304.2836636406582
939.1344661891,711.9229744538851
939.1859534084775,553.5025852804783
939.2445721387953,320.3344181590032
939.6438869049884,3321.088802750446
939.6564508639354,925.4385981637168
939.6772099236211,814.7126005795548
939.7212901673015,1808.3120760464637
939.7478694714299,722.0961365184143
939.7777423089811,2489.866291318092
939.8933052437853,670.4101455536874
939.9514118253196,1511.5208579372957
940.0928770087477,530.440413386927
940.2119805564039,438.8189687361298
940.4776836944386,477.1446066410561
940.4929149704797,396.7510955790782
940.9772711431818,2372.9232011143263
941.0865126025799,1414.7648006331608
941.1449555518476,409.74273097732635
941.314376998588,1574.5382689904568
941.3262408002739,1972.2951264111862
941.393575754632,646.8162586369936
941.6113811677459,740.3461064736128
941.7522048904256,291.111578304918
941.804149372812,692.6515725626896
941.9340438205605,361.5527125637492
942.2163835793049,385.79035388340617
942.2702079440288,1065.325443441406
942.3971803716825,267.7253779151855
943.0382909275687,2310.3804264082073
943.1588815506482,436.34768935864525
943.2298235469831,678.3620033244805
943.2736045995679,682.174312362979
943.8870083999117,981.7744784608747
943.8992927232956,726.5915408922268
943.9281024755811,517.6174140407866
943.9645022372664,691.8230762496707
944.1600696990645,400.35680418625196
944.203873164251,1352.0912423143757
944.303914913913,422.61269969634907
944.5969106267454,790.1085236192969
944.6124713405793,391.56822522501966
944.6431334347814,1312.4127934507844
944.6666051728452,667.4279341053403
944.9073932362309,782.5218397196985
944.9182209618077,611.8527421162203
944.9443431386667,823.5386882954144
945.0873306536597,448.3148724308216
945.1839233200035,644.3249793728761
945.5133353168078,1129.1869433725183
945.6757479848093,375.4701760357399
945.8828871070596,697.3852818362064
946.0543894057082,755.1837796850288
946.1437933755738,1552.3209730987144
946.1899343609269,664.3014395145227
946.2169203990486,367.73513883832726
946.430494338293,793.31943237771
946.636690899638,496.7506971421044
946.6832414772963,366.1285419697233
946.7240316809938,319.31334161891806
946.943829241214,513.800794061921
947.218335640614,627.7686219913595
947.3010316309561,550.6780542046923
947.6062975803562,525.9511545052969
947.677867821754,335.45612930391815
947.7187203315625,268.8572115988469
947.7582432857533,452.4584699289327
947.8072622890033,857.7935611157527
947.82221122995,367.8018302645505
948.1912648651478,389.3088624282811
948.3260570203026,936.0426018143304
948.4372949211787,356.96421648832114
948.4762616048238,335.4090200935367
948.6017561584068,767.7510797417792
948.6502690668581,568.8594576251165
948.6912940373662,560.0260686091402
948.708713064238,682.9845667384081
948.8700252109885,324.8589435922603
949.1418211104365,550.7508773072548
949.2514572792331,484.71273259187507
949.4263754675513,319.97342861573463
949.4985780971446,741.8874585144541
949.7701420514014,357.7127131613441
949.8479003203113,562.4192125786589
949.9784022034002,937.2127778360684
950.003128288671,1182.6808006098343
950.2780585873425,1914.2065064816193
950.3855042615671,433.5352255588312
950.5056882696498,374.39278283768044
950.5496173239806,554.5565748192056
950.6195749121512,605.2990380690246
950.7309177208963,715.0998426565857
950.9729369154893,411.4886092523791
951.1344944242409,597.9909152270941
951.2306640773545,411.3184297779703
951.4430072727671,313.1256061495327
951.5415537479726,541.9425638019441
951.55924165396,646.1375385088344
951.5986017528137,359.5408397423662
951.802500478242,1214.2234894130768
951.8812477990384,313.38463862332634
952.3612876576494,292.6344641811342
952.4322747965201,599.7200623693865
952.7167811550519,665.3428428313249
952.7441742301696,261.9610790536813
952.7936566616111,1442.6482142176153
952.8283502837813,289.97606607811895
952.865272389448,2052.125022409036
952.9128081036355,633.0651869162917
953.0398943681205,346.5209104140471
953.1138201832449,399.4249137670507
953.1291473206899,557.1864007795338
953.2888949542823,1054.049656374726
953.3768018680096,378.2913136970945
953.6271066418766,265.20742756390507
953.6612992908288,887.6105044197982
953.8121425293307,664.3586125438563
953.8526345993249,661.1167454232306
953.9921469369718,348.3064201362542
954.1112273295831,648.5749580085725
954.1478336726427,355.93484723594884
954.269945659589,728.8675382312531
954.3893131071109,362.9890786741817
954.5151730094317,758.9757808546511
954.5750542218362,860.525918863432
954.6604942195386,734.4961006737931
954.8075479661347,573.894204727111
954.9325353364361,738.5386624873493
954.967072536261,261.7538573800322
955.0972423046687,1078.1309996284594
955.2179068297802,314.0924135379369
955.5980685198897,879.1261368047834
955.6356845493638,403.57778921429264
955.7227926849806,335.60433184436556
955.7725077531272,462.70610417810104
955.796873032774,306.280467525696
956.0171691269157,1238.9818728204175
956.0233166596726,1114.7110653261268
956.1282880570654,1972.3773129173192
956.5778122181555,429.1090861743897
956.6229346426552,501.7756998370479
956.6605370506401,771.9660555837218
956.6877392266484,263.49318435650144
956.7282464992982,2124.610618653666
956.7537595316592,1259.5935624281876
956.7743152263398,550.1803411686847
956.7801981113791,487.39572145373336
956.8741279327993,981.7557868433565
957.2416522410438,593.7928424785159
957.4466209315946,410.983992582074
957.5467542587375,1141.8163902806068
957.5738494778411,602.0876719795116
957.6639546402572,1293.7707699796085
957.6810589729107,425.61642796648624
957.8423344151781,520.6741747776757
957.956780531275,281.96618383020063
958.0588202095247,343.3885947498852
958.199990392116,357.8858725121202
958.3154169571735,291.5486771422879
958.3628168896881,318.7473696325415
958.4941351236039,442.4924694824222
958.7111025430987,1136.7113848714584
958.7510972243527,370.4345279437116
958.8109661647087,707.0103286120616
959.0274150895812,317.42968760179906
959.1722412497327,917.961322902252
959.1808150837074,256.45134169008
959.2930179262434,288.10266797734545
959.4122274776423,785.3597478003597
959.5204943157066,491.4378607274652
959.5901150614865,456.29897116520175
959.7758089548528,735.6641102916484
959.879787994324,969.4076386333313
959.9219545136539,616.6922296390917
959.9385061486788,316.0188586760934
959.9789921272119,270.4400222863439
960.3226800494572,974.3534311527367
960.4337298564415,504.53456055773967
960.5352535653217,378.2245518230289
960.6504679492714,329.82045699238233
960.7964389739415,1086.7293793143801
961.464547842718,633.0702066329173
961.5167515844244,622.4360617758626
962.589689105912,320.81533183198076
962.965183319069,523.8975485952351
963.0736044281668,629.9548878866564
963.0950055730611,394.00865422389296
963.1082509642301,509.1157847953679
963.2643871815272,544.2753648064465
963.3821112677892,1416.5666468951279
963.4866369675497,348.6202672573246
963.840033570156,909.3567767068891
963.9169077312861,361.05288698344077
963.9916204480651,335.25717945681527
964.1431597705085,765.8607824453086
964.5668991986685,336.2716902782812
964.6349768783518,900.7337785142694
964.7430853240006,411.8277283287362
964.7882703127659,621.4842674355771
964.833887658058,675.1820904976848
964.8777310677235,2006.7719016626822
964.8903314006875,284.1728066694605
964.9016518483477,971.4468266480833
965.0001270295835,795.1237082520956
965.1171459029383,1710.1446052874978
965.2136685114714,1288.9175426933461
965.2300417039512,389.0675459609852
965.3537969810702,565.8506997564597
965.3971816436587,499.08468515408214
965.7378328724704,352.10384841392596
965.8153131539884,301.0534432349856
966.005445464724,361.96357498830844
966.2552576215425,1076.7420390220375
966.4951848036607,1697.5678206162281
966.5128039509077,268.6915021537764
966.7886728492983,357.92568405689514
966.8342319332876,710.4763988543743
967.0216220890745,1244.7015711991417
967.1366636937644,305.76469571890624
967.5462330719545,386.1642912023897
967.6812488306042,257.5223519207789
967.9587066702985,712.9095318434124
968.2917064005592,878.3668668900684
968.3361325528457,822.5076876294271
968.3558633781598,511.453720908747
968.3827628336483,376.7103984892345
968.396786707308,486.3614687965433
968.4487666876386,952.5786317003635
968.4639692864846,309.2674047370023
968.4966197849611,722.7541910943115
968.5317854301688,826.5881055863407
968.5439617492798,468.32988660484085
968.5661146336168,462.82963675013673
968.8020813030441,1565.4953199637398
969.0188808788556,374.7489830374673
969.1441411311968,321.9385484503356
969.2749087666284,366.07253404148423
969.5224024434291,431.4978318577313
969.6088579234049,291.7580752102746
969.7314403361255,430.2542799605587
969.755113621243,856.742495288719
969.8989826727864,406.78415804256485
969.936285228462,1640.199944797778
970.0963455584848,490.8423481855996
970.1967434337245,305.62871580037626
970.2905946277006,1812.241893922366
970.3360021585295,376.18918588105487
970.4036629816777,421.16325837718654
970.5121119980062,250.37289693987344
970.9873219208131,1422.3630052048159
971.005389982731,957.409853688175
971.206499056282,514.6023364703124
971.3107413616583,292.58652772456645
971.4772893095701,910.8872383675285
971.5609232761069,438.8865507338492
971.6719416957783,635.277778478513
971.7282933356959,544.9278206996452
971.9958148128966,1219.4641755487637
972.003250364601,1170.6619780155022
972.0372061503512,684.3484964141312
972.1276386874451,532.848378674874
972.1326688399218,662.6012762966354
972.5393110124311,379.83744478806125
972.5706479460878,649.1653271605554
972.6137389031111,828.4073359534157
972.7790110034668,1120.5023450120202
972.7967831596573,527.0118339469523
972.97982921187,603.0999870696963
973.0458705676301,293.6829750004099
973.2609764797306,300.2847906544624
973.304188425036,679.0078802099804
973.4186569053688,471.6782638082528
973.6280216159203,680.3347976667402
973.6389841493627,388.2548728673646
973.7573174946923,759.2111957453302
973.9089793447753,1494.9279592712744
973.9782575172627,1383.1935354444345
974.3617281864656,381.06631209587823
974.4472564774129,1068.0350076821674
974.6440339601852,250.64177603309915
974.7114067805848,417.22985026067016
974.9203578160244,253.3757791433811
974.9798946633921,460.2022696108321
975.0244795881891,1022.5171091763059
975.1029800720478,384.3041682037456
975.1771459016285,498.92428313408516
975.3396943966593,1052.0868076607157
975.3937487461997,295.60928819458206
975.4131761596402,725.747624249251
975.6589317393044,390.457754576387
975.7273586008573,536.2636050963504
976.1202509029381,412.39409687640466
976.2343739054431,299.55553994934144
976.3059494400538,390.18656522076714
976.3948884707569,436.3501155193619
976.6001565201178,520.8873201258915
976.7194548994327,362.67762955524756
976.7652227951593,282.95082174166714
976.8039129591905,2274.658560966551
976.9140492746682,1918.892789703099
976.9967803023501,300.7302526019934
977.0609236146001,586.4331926956997
977.0872355475657,582.2047199952885
977.1919367641323,257.74562900524404
977.2273512856766,324.695783671549
977.5350199675132,699.6437128114802
977.7590526240862,653.9924019500131
977.842979473084,438.30516143340975
977.9905082809476,522.4986207903366
978.0688727547781,276.74428439493664
978.0791630148224,397.30111466066
978.1357958564754,303.02303504258333
978.2020092334031,306.50898251391635
978.3090529527946,1654.2600547680313
978.5744813835207,318.9532376712262
978.6150325052619,522.8224699011471
978.9779657110229,973.0433443762092
979.0440544520674,261.7015282385732
979.1560172982676,490.63368797000174
979.169630279382,320.65400187791164
979.3796442544675,487.143005630972
979.6325312355568,321.6408147715978
979.6621858300585,706.8040308373388
979.756736331684,2961.612718869543
979.9299364511209,626.8869541411609
980.2601905075599,453.15333741815965
980.3497104985315,1913.2220926928017
980.366612988747,1151.0764171498931
980.542409277492,672.4685784165611
980.8466834553622,743.2643225875423
980.8656213815736,309.47124767275267
981.123947931683,271.58462395932816
981.3104079201802,512.8242886133946
981.3331321359768,2052.1984205444633
981.4661942235807,478.1010895598539
981.5317233599782,579.0626061644833
981.6235212887755,571.7765227582364
981.7123397060714,1122.9278308234288
981.7746808458746,346.35307916474244
981.8521554974154,815.831449595412
982.0375692798139,611.9799204050247
982.0768684354322,472.6977697968346
982.132763477784,256.7057451386285
982.3771303981108,372.567693357186
982.3949924277747,340.2443213617612
982.9650728508179,265.21407210212163
983.1155113383419,4762.2715259896395
983.1256212994873,1761.0300294060617
983.1953540963024,402.5288462305863
983.2136627859051,533.1439241078905
983.3173775810786,250.56323780930936
983.3264976376897,775.4545217725121
983.3892010014016,399.8249436137619
983.4448041220517,1261.1763552336272
983.8272802409771,358.401676742923
983.8579563264891,785.7796027912733
984.551202197957,463.06593715069266
984.6206562905812,1597.7720999140633
984.6354491808127,301.1779265023392
984.9300043033634,1501.2167902101141
985.0061204175158,504.13733761214695
985.0687780743774,325.86450383623674
985.1722525724393,1147.3129250694358
985.1919783767858,969.1574342770983
985.1989724968307,613.0639445118247
985.4270175629068,496.98655748852127
985.4509836672587,1015.0531247498834
985.5881271662639,1118.4898571338847
985.6610005251459,690.1955866048146
985.8197138029707,378.18382988544295
986.0169128148901,1550.09535459544
986.1490579929595,582.3796481191789
986.5490941914607,452.4531243703316
986.7163501685059,631.241090404756
986.789776456647,530.7549826077109
986.8395766226047,636.6616791620155
986.8921808695927,552.1322723052215
987.1453645905888,688.752181279893
987.2108217375522,297.1028630297281
987.2314714911646,284.34998934819725
987.3642811039605,4379.980478181343
987.6076624036334,345.13685380651026
987.6751168566362,253.29991012031772
987.7444639870902,539.5600579337315
987.8156963979927,543.0968753197704
988.0402059827256,441.5777750711599
988.1377852538297,420.6604778646686
988.2630888168089,296.4355315637954
988.3188538186716,1001.2181823672274
988.4168969316332,277.67873983091926
988.5482881716176,457.6245996971199
988.5584121832869,377.7194064879837
988.5708312502061,427.8174129948586
988.739740984135,790.0057405132976
988.7649979242645,1612.58490493294
988.8267435553674,932.5986246384581
988.8731875943961,1567.8131833101536
989.1510613054189,634.5006277821328
989.1638197479274,285.02199487886844
989.2008440127996,316.30630769055443
989.4768450596654,301.2548583766695
989.4947984611467,362.6402367480447
989.5698246730603,1128.2154034891673
989.6435078349966,926.4190901710006
989.7411905024057,2627.2864028872023
989.7974231375638,809.8370954704028
990.0231863421944,545.94116418228
990.0398594922328,382.731095729035
990.3121384017953,375.42313306212316
990.3217778199198,470.5668240379917
990.4047133257101,595.663428493601
990.4106024533625,596.0348150459944
990.4492203165983,606.3293678624098
990.680689150086,1581.6519444989422
990.693765306136,330.9045481962079
990.7700615146994,393.2424560676236
991.0193297324146,1082.317642512684
991.040851672299,782.6902489134294
991.0679661460844,356.18881038484943
991.1101846336883,473.7836007065204
991.1591968872638,529.4527384404523
991.4394875214119,1453.0175656669294
991.586548740063,872.2074222597655
991.6511427664442,551.6149643711593
991.685800145705,346.9747133303586
991.8292885538464,326.79939759071345
991.8800710511458,345.0783596083736
992.2058437003963,284.5598430390974
992.3832195432394,356.57278678872825
992.4570912007347,343.5137149182352
992.5185213301637,5341.313255100125
992.7671597636743,12505.246795600604
992.788505757161,3288.2497865334594
993.0196393879886,14298.672513342664
993.2704429609128,11147.921277626057
993.330294300563,1558.469555632481
993.359868659238,704.0126138205825
993.4097677227142,573.0028746473068
993.5208093268026,7956.092641731984
993.571355728502,1175.9416860291615
993.615262533223,900.8033501461938
993.7719051678373,3167.675019652369
993.8531529338197,272.8278364827225
993.8721509744981,1586.49737367675
994.0232478447924,530.4825038202813
994.2310491625861,793.1596174696662
994.2391530074005,267.595681969273
994.5214354611868,4087.6907195999993
994.570259163246,338.7296063775051
994.6091550508087,346.1323549221785
994.6819296729851,317.00742904374
994.7727794565002,9235.798214068938
994.7951272567105,370.0319671648942
994.9574477771864,265.3453390471588
995.0228071183029,10489.550491607752
995.113612142713,854.364985739023
995.2197798445766,683.3666848897079
995.2261785444603,907.0013083944792
995.2448657935905,657.5599459686906
995.2748354452511,8217.861298350714
995.5248736965322,4830.280096484571
995.7592095747253,612.5160682010724
995.7757121426598,2187.6931267074924
995.953370036996,881.5700940862349
995.9644604743183,721.7466424042677
996.1674500630752,1257.7840204933518
996.2379445469217,413.9297951697597
996.244901088182,268.1651587549662
996.2930653191419,343.4619778457941
996.3373890968585,1422.406170509921
996.3841325052365,252.69133479577684
996.4589358341876,555.5632279207688
996.8574965081926,304.70490944169296
997.2863645566925,777.4038750740361
997.6339686488586,552.7623630880073
997.7702543514387,1373.4085684212414
997.7787533552031,522.2794836029859
997.793460418474,1212.3967119585589
997.806267899893,296.46872494766575
997.9221211230343,307.6192459890942
998.2806122029448,415.85688009764203
998.5549342742191,2008.7785439367722
998.9382785918032,1336.4171153572163
998.98249812387,582.513537754555
999.0748905354358,342.67210582757
999.1420784937386,608.4555688247967
999.2367086075225,773.3937772876276
999.8419139719699,471.8042274600498
999.8720451220453,823.5237564596002
999.8837970046636,767.2363229930751
1000.1544247806364,432.65040340206025
1000.2632598429509,613.4239973428299
1000.4922049517861,290.7169408606847
1000.8489314404598,733.4152097198978
1000.9009416568935,828.0130775636458
1000.9386972193798,734.940581091626
1000.9504346803111,642.661428543221
1001.0863101579275,2534.5226662890964
1001.102572858775,448.37737181671497
1001.235018065462,491.4619209381639
1001.3279960415559,615.0593157863784
1001.5682181862046,679.9091647741196
1001.646841582125,770.309598481213
1001.6645527713339,827.9616081822134
1001.8985697848539,306.294484545112
1002.043949301112,1737.0729881010507
1002.1160690005423,300.19817275168583
1002.1943458266248,925.6940020746274
1002.4192520202655,506.96839896864606
1002.4362057280628,455.74762060695326
1002.5276642322829,645.8389261714016
1002.6368041745526,458.8918668398693
1003.0309672633219,694.3919685716808
1003.1156422037924,536.3192802645151
1003.1727678110326,830.5405489010913
1003.2045017003157,982.1256377510012
1003.2147431148229,528.8058049004742
1003.4178308912018,1350.974640997974
1003.4294241155656,928.2273042712268
1003.5663430982135,3634.568712456025
1003.6501175403761,316.2594777979039
1003.6699363299315,1047.3292520257837
1004.3466988042074,250.30579818128274
1004.366294679166,513.8488304629811
1004.7126083817391,2291.5845880598094
1004.7898014677845,446.49468249551074
1005.1665431012376,446.247562722095
1005.4441352253459,591.2472514333821
1005.4597556660933,694.6443594396428
1005.5685887694449,351.66922073826015
1005.5979829099434,571.4591629795494
1005.6149264145448,982.0008903226596
1005.6786602665937,414.60555120216594
1006.0954600874175,1585.4287055168495
1006.1984463200016,1076.4404012989705
1006.2160230574352,449.0040466756953
1006.577018062492,393.2594781430494
1006.6258798062952,408.1697842855415
1006.7719760921126,258.3847119434205
1006.7955529709149,595.5302583557516
1006.8716744078681,349.85140825579236
1007.0192954246803,606.1913355570744
1007.166659974323,423.8797568863259
1007.222869456744,573.6061568254352
1007.4374377164479,413.95979921320435
1007.5816036833398,1097.6735178620756
1007.684269302814,259.18550952701736
1007.7639403228103,343.9566538272655
1007.8544685497627,1307.4673257593236
1008.0793799058373,325.04268447872
1008.4036917098754,703.9346794858053
1008.5473904800741,3024.7430948688207
1008.8850673965927,1360.684536277291
1008.9145521799904,317.41540457950936
1008.9344272564731,579.6985442499649
1009.0148545297609,778.1485915197455
1009.0337615677148,733.7881542789085
1009.2056231559882,1794.038306713467
1009.3209618807904,1305.4675543418055
1009.4939712743904,976.2401901788435
1009.4991760959196,352.658328459639
1009.5157873857279,316.28746066394325
1009.553878061965,625.1249430780018
1009.7205339819684,446.0238451480428
1010.0153056003977,2771.8180647412914
1010.0362870700953,659.8820976770457
1010.2095025459088,305.9395284363625
1010.244897644421,830.4954183345774
1010.2614076679491,870.628356860397
1010.3467800940468,541.4912595285188
1010.4171658904647,512.7424353083271
1010.4578775432117,443.4134589963055
1010.591340090788,324.1030163825828
1010.6681182823826,387.13940279823015
1010.707992039329,390.0841471571301
1011.1814339752444,2162.5233161316114
1011.1982008944626,448.7723334382562
1011.2933533366137,280.2651680414991
1011.3161884148527,294.2658798009326
1011.4124324603772,816.7057173279042
1011.6023641623891,348.6314546567359
1011.8623908310523,384.60645730857
1011.9395845208488,1761.7157101510886
1011.9468663036834,595.6444385722539
1012.0050700303843,779.4797893883022
1012.0669939338704,772.3412761863822
1012.1209015765651,519.8971541321744
1012.2995029769197,1066.545713590627
1012.4039237308277,386.95317092820545
1012.457609602994,386.59668084741674
1012.5272310622129,646.5757182367931
1012.5637612766666,305.84573894337956
1012.592990085326,1398.7465927639469
1012.644479362411,970.1268736589417
1012.6602056100035,256.76034310421824
1012.9565998268795,447.4188361429411
1013.0279559064419,306.6727393011564
1013.2369471523226,541.4748681673109
1013.3575033910976,359.3421800119079
1013.7338089939517,1526.5697103901375
1013.8158172870026,418.3083986531693
1013.9748812937106,314.9046889287088
1014.0914766098576,1053.3388080208024
1014.2290420562832,531.2729633191869
1014.259948463249,1493.2102425517394
1014.4839184481152,476.38287651134897
1014.5236076660074,421.59964815428634
1014.5307889793964,7172.279283598073
1014.6262439030425,633.9115104865041
1014.7812563930106,16744.97169906096
1014.9785231051759,924.4785264808464
1015.031812629587,19404.497847074745
1015.0557277673836,1345.897023510159
1015.0964848117937,724.2628866000405
1015.133839980259,335.9152226798485
1015.283515151225,15485.76401163794
1015.4775830544163,1049.6633373486338
1015.5341252605535,9483.12190264749
1015.6070008214208,1120.5219691285072
1015.6757627972682,1284.5030919109822
1015.7845404356997,4432.342003911391
1015.8837409982128,325.2290257602777
1015.9275548905821,462.7619051621864
1015.9354469208622,432.7114958547305
1016.0357964310341,1403.7501186695235
1016.1129262287207,546.3435676985524
1016.2205511399003,533.2812730976822
1016.4993422132898,1160.734852948909
1016.584569173651,392.7440510869569
1016.7554561897418,496.04409577530856
1016.8087666757496,603.650515850058
1016.8530888047904,585.8383804330206
1017.0060332943937,392.13972559524416
1017.060122700183,397.1071624694439
1017.1328936424056,464.9495369776863
1017.20688380594,458.426547162324
1017.4678208133786,547.6222794141482
1017.5144220314256,1033.2207756151895
1017.6623929601183,398.29514429779033
1017.8214848016106,523.6747816038645
1017.846656887449,369.17209313281757
1017.8644142326584,782.3903801217075
1018.0557924429631,523.0050196943187
1018.1066586153556,320.63635634748994
1018.151084280981,277.9921023867776
1018.2912912210688,293.66119278394734
1018.3786737520023,1144.1474467979
1018.4118849719403,719.2842944326139
1018.8818044274351,866.0183759667296
1018.9768418340433,635.6809786764222
1019.1864416412827,574.9235185545365
1019.1925784901345,547.8907718175743
1019.2787738336427,419.3021793180358
1019.3075857541131,266.5226365526286
1019.4216103513792,543.9098618231399
1019.5582235999855,1109.2370441255543
1020.554431807629,378.6134224145841
1020.7170750670605,762.9529019746202
1020.8440300516133,646.1054409613688
1020.852479958514,270.72859560280386
1021.2001981630812,252.41212199193365
1021.2496565589927,1273.676822038597
1021.279514421628,277.06550473048515
1021.3363651152812,300.4879987750931
1021.5730611895365,487.62122058665875
1021.6163217028236,382.33199678634355
1021.6503302559562,268.03972927979186
1021.7303341083359,422.59066156558026
1021.9186996703841,587.721361578893
1021.9383628003142,826.628378857953
1021.968037008009,873.3304456631872
1022.1641686003661,655.7571240379262
1022.2769033008801,628.5354393024161
1022.3953884156857,644.9769041678499
1022.6066817243101,963.0637680606749
1022.6211783204318,745.2547420227485
1023.0823765419323,592.8195339756423
1023.1682410496528,350.339089331518
1023.2856330814751,863.8887584972035
1023.3455838489534,280.9834607485493
1023.6619463677996,718.1507468760728
1023.6889123289235,448.31500444982
1023.7601008386445,328.9456635293868
1024.1357557436922,922.0682825664074
1024.2621058886466,284.4825964362726
1024.3481575302303,772.5763353318725
1024.5040917042966,266.16176231753235
1024.5757434828397,318.72767895833573
1024.7140489612011,722.136653506171
1024.7231145065691,965.4939986848966
1025.042945068974,979.0362268553615
1025.147931144686,350.2251982494259
1025.218937672877,849.7505817313609
1025.58193052853,279.65591356842543
1025.6056873682169,639.4257026341874
1025.7758964831578,730.689297711269
1025.9241767135054,1105.4857266560819
1026.279762873542,449.83770406737284
1026.466626179976,763.8891114363392
1026.812438785374,384.12926409688174
1026.8215729311692,549.9189106915122
1026.8272848473875,631.6379411010381
1026.8637144050886,1286.0425291991203
1027.0229567842389,850.5249366203373
1027.0927179678492,423.6690768996502
1027.199367860186,794.977382380384
1027.3952458844394,588.7939919611046
1027.437296303272,551.5102611411044
1027.4495991974645,365.1580600582404
1027.5506328134788,359.29226586442365
1027.7872812270653,483.7913346914851
1027.854518505958,309.0992103941415
1027.9083236055317,752.3090735710019
1028.2890221021953,473.7206768707199
1028.4603440984783,331.5273045299801
1028.491170205884,542.5699045533647
1028.6106205708543,312.0622200512446
1028.6196463810206,294.2889671228572
1028.7860462627275,949163.9865084112
1028.8606167018588,569.3448345687125
1028.9402891106315,522.8923782700406
1028.9822784771031,763.4498819184467
1029.0044444214436,1195.613463457326
1029.0363226474713,2156500.7824936914
1029.0542120998834,960.5205810924772
1029.102747590985,506.2754588996808
1029.1511734208211,596.8587782925408
1029.2881201083396,2569315.6259680716
1029.445497111491,637.0314349244031
1029.476161153364,308.14826387180926
1029.5186873991345,432.68378192402116
1029.5387032506985,2119333.6609769445
1029.7889169038815,1344189.2342255733
1029.8489948975516,380.48534135401366
1029.9210690070595,783.6128587706024
1030.039934186495,706881.1626295936
1030.1776698168717,1456.2041103452661
1030.2907163173938,315681.490567704
1030.3495068393606,715.1438434077781
1030.4681686049694,1143.259230778966
1030.540957479667,124544.00292911333
1030.5876683432948,259.019890068835
1030.7925641522281,43933.614723257335
1030.8247743697511,663.4662817443464
1030.9527669959657,484.19625410666725
1031.040200594116,553.8907762544477
1031.498080831398,445.5129051146673
1031.533607292673,1087.053144106012
1031.6995828438462,252.7322830833757
1031.7451144140132,538.5450513261065
1031.7811374431944,470.39145297703834
1031.7927867343283,669.6581029787596
1031.8371176744013,1617.7588689005534
1032.1215005749764,304.7168952899651
1032.1885974482254,336.6410163263596
1032.6424495774713,289.7151639182232
1032.7853233684025,27907.714808516565
1032.917481622508,772.8478656005591
1032.9404491818386,1012.6373050258715
1033.015175691562,458.68470704635155
1033.0260012916763,398.9470273901529
1033.0358210606655,63281.15264969395
1033.2245056048328,454.9658898126057
1033.2862934520838,74251.38114568956
1033.4452494318123,278.26425353317893
1033.5372069678156,59745.672005659566
1033.787812850666,37747.653416193614
1034.038563868798,19247.260333951766
1034.1236782238248,342.09420703455436
1034.1398986610448,974.3244496551536
1034.2901744437984,13599.46179982466
1034.3103352000408,1877.4480135170938
1034.5037239909852,922.9126566443376
1034.5415784642644,2848.5880740447687
1034.7005313710847,4246.160193426527
1034.7248865161437,374.08245109751516
1034.7443494672907,657.0780083497885
1034.9374097037646,415.9344191924119
1034.9450922475394,781.4022526319917
1035.0017751490186,633.1412950563209
1035.0369312776907,592.4708253720979
1035.0588723581086,654.6536967939519
1035.0979846812072,1633.430725772921
1035.2755809037033,789.7881652247287
1035.4993272139332,903.8520712865911
1035.6542755102394,409.74795155856253
1035.6943243704682,428.8601260217513
1035.9651511474906,747.4833963049342
1036.0062752030537,563.4734920012068
1036.5928376642069,261.8086296698222
1036.8538390433257,647.1436491687105
1036.914967251761,314.34879728523856
1037.005977537165,883.9008521748841
1037.0356555268227,715.1831675220363
1037.0773640685586,637.3533704631634
1037.2288057747667,858.2498224529754
1037.3812320464745,408.8020484585629
1037.404453701964,461.7793255478677
1037.5016633954679,637.3544832089686
1037.6255531600168,792.5721335329215
1037.6830845393697,546.2410834781787
1037.6995466150113,1192.5566810478022
1037.7890679027141,373.4134143089475
1038.0577207486144,270.8500413413079
1038.2279603483248,314.8419642247899
1038.4929384546922,871.055809825859
1038.7474304008933,467.07179861423316
1038.8541713995144,461.1871257338026
1038.875269423002,664.7000494265677
1038.9823995299323,383.66276816084587
1039.0694283945516,769.657634891973
1039.1558793292875,616.3383697666723
1039.1880787834148,1042.276023831685
1039.2463481280538,413.89995127294804
1039.2574341727955,268.5107830921181
1039.5160725410615,1063.2770401676105
1039.5278448949316,1065.4077457972971
1039.563034584011,253.55043768830518
1039.657331729406,416.1815608710238
1039.767748072717,1836.6107671848376
1040.1160009729442,304.71545718401865
1040.219128753778,557.0983736982105
1040.2453740604585,292.5652711742109
1040.849155408232,694.4411140927218
1041.1280876445016,415.78386425320326
1041.7456265063283,485.1386646725191
1042.1308086423523,748.6348826226937
1042.139424750098,435.68233505664443
1042.3011629779703,398.56909884276257
1042.5547023172635,701.2337081957406
1042.6355234448833,256.31221441640366
1042.7368228805758,873.5136673230411
1042.7552457692996,783.471812294773
1042.7748226764966,588.3343348432746
1043.6809475982204,269.2146611098259
1043.7663035231774,794.1221055985801
1043.9627072273224,536.8580102419771
1044.2666303397573,618.8030453413992
1044.3483456241242,467.119665489945
1044.4073699303326,1990.4360228615658
1044.4797671760573,351.53122064850055
1044.5075316354805,1070.2434919609366
1045.0361659000855,925.9928879639997
1045.0472985231763,771.3262603266123
1045.1008519770842,1138.477464403742
1045.125956638925,534.0049470912838
1045.2525729813165,1595.4727166156495
1045.2920475348337,284.8437051471111
1045.3483721719144,628.7512624035343
1045.3790466209293,939.7796405190073
1045.462444382939,257.7481859359301
1045.7990556736734,919.1722690649507
1046.0727444211816,268.1658827060658
1046.0962888771007,500.99500234890496
1046.1284974331716,263.0354543793768
1046.1703726780318,658.1431774949888
1046.254896251381,287.99339657972587
1046.326869544002,1381.0491305743542
1046.5352047489087,517.5414472855228
1046.6139837653723,269.512295902955
1046.686083795557,268.78423603086475
1046.722080950949,520.5215991634695
1046.7502984884104,430.66946200632236
1046.9273627493662,372.7495426387043
1046.9359158725106,1123.468040457766
1047.020494510382,745.4255098375755
1047.0315000312455,514.158250095823
1047.1626962350722,1382.1749906810617
1047.2039747353647,879.8765754199077
1047.2785267983004,631.5742897517742
1047.489902736544,1759.944391858788
1047.6350306906247,346.00100601120056
1047.6808249150827,308.8089029046705
1047.955518217666,294.8139700913399
1048.0724282569126,254.05277739428655
1048.6770624639148,1338.1506280657502
1048.7266841923283,294.9845542844203
1048.7696270061551,815.1184844973566
1048.7877071864157,295.44338464821254
1048.8389644723036,776.6746560608805
1048.9465489125969,292.336231298525
1049.4670304566998,388.50483991373227
1049.482491984225,614.7685141454633
1049.578233162689,288.8310946580636
1049.824655193325,1057.8667380674378
1050.6141470747507,327.6298288512064
1050.7168552810174,286.3317332696268
1050.8078380273084,927.7545704080446
1050.8683404285339,307.0892968831565
1050.9364895065019,1329.1935882860453
1051.2547248150768,946.7906639678341
1051.313246863492,2736.352352041173
1051.351034516991,643.8515329774823
1051.5867982693942,817.4884243082004
1051.6057423926018,461.4148023829721
1051.6382549879686,1045.468068627993
1051.93270191953,1621.4624622046656
1052.0326965634304,516.303738415319
1052.108152605951,639.6353828504849
1052.4695937651059,468.1690507391455
1052.5368790796424,297.4078071085179
1052.6594982027598,310.96885754307266
1052.956195763518,370.49156708160245
1053.2498767141976,1028.0507071929494
1053.4680844511063,1922.9210660269712
1053.5304002651615,314.5011722578912
1053.6343427558177,616.4422510184362
1053.6537186672322,381.77243443394536
1053.726653277453,505.13469439789924
1053.7517102892991,1054.6703985794943
1054.0694317415469,635.2666006555427
1054.2979795186961,2218.901445171484
1054.3540774477317,864.1180742317204
1054.3877623631238,1388.1530308064794
1054.4224710287563,341.3327523831259
1054.4590896263906,1036.699938242022
1054.4903443938902,514.7552124564535
1054.549500795446,454.51267201684357
1054.5666768791962,390.9562285644203
1054.6774515350257,509.97066152255246
1054.753554077645,947.8480147936726
1054.818061544623,271.55168424861756
1054.8323138772348,508.54936111073795
1054.8804622763819,427.7889257368309
1054.963344370476,253.1193463248016
1055.306685978807,2400.291916383619
1055.3514806573305,278.7156307820658
1055.3901321798157,996.5990593879116
1055.4010110682957,276.8145946884328
1055.4197793089888,1422.157684664883
1055.6818508300653,509.0190360375785
1055.729359109912,2117.948653368752
1055.8777609573965,414.65404858772774
1055.993893463724,329.89056587771944
1056.059726433814,264.3749677663789
1056.212960793911,299.01467147765834
1056.3602228229004,339.18462089970353
1056.4086651951636,635.499955115466
1056.4149050878366,565.7663167371729
1056.4269281675743,407.8133502217712
1056.5693829044744,669.2347986342998
1056.7060788660267,293.61604992615014
1057.0092534906116,361.0096131374126
1057.0712554410077,297.14272561158333
1057.1750393983707,507.6852955046608
1057.2686996684838,1477.8635100677618
1057.2850821381498,252.30149980021991
1057.4074940767227,1152.409088736716
1057.4445337440511,416.84613004048055
1057.4504825671752,754.4388558200652
1057.4946257001982,1015.5282858848594
1057.935439619349,864.8771632852739
1058.3122715173943,257.39657562806065
1058.3709624782105,356.372396456192
1058.460490939417,443.31396487187
1058.6281773090443,1082.1205700242792
1058.9090384833303,450.15868273087233
1058.9753254530792,682.7857737552953
1059.0854055228244,440.7089396878492
1059.1460920629966,700.6106839136844
1059.3063755603957,907.2351944676415
1059.5998622250654,354.3769955992995
1059.7054776339714,288.7657431720775
1059.7468144744043,734.0697287817636
1059.7707716946347,662.9829467939497
1059.873884433969,411.1565139962519
1059.8924405688354,422.11662294042895
1060.116370919936,492.18895260763264
1060.2757885069386,879.8211387872395
1060.4498645326362,307.26026341980594
1060.478789778505,290.34977901333315
1060.5282813929068,750.9828207349963
1060.7319229074324,778.7206514035739
1061.1892498716034,816.5210108780049
1061.1985903670711,428.97963334176546
1061.5391960045563,336.2189316249613
1061.54682366487,756.420073344163
1061.75780050213,357.10115097975125
1062.106430616374,956.7433483129155
1062.1303367226005,429.3940417156194
1062.2330469848116,642.5512873607415
1062.2852719669704,1008.0867643088693
1062.3394200458674,645.4202480785113
1062.5268001022168,410.7723256691663
1063.1643576544986,844.4287930484415
1063.2826228733952,608.8356479005496
1063.724329855446,493.7709970856105
1064.1502981777132,847.1721250752242
1064.4375847645174,374.99457856549225
1064.905837470733,1042.2968290244094
1064.9850923144872,867.0660808731178
1065.0164836257413,1234.6725182251164
1065.1120884365334,1181.8422120169778
1065.300643251455,281.61778916863057
1065.4860539727333,1080.6386373366877
1065.499329124752,1039.7410956559145
1065.6296232178859,420.8037001039178
1065.7421691557638,539.9499829305848
1065.7549695531998,417.2470977662699
1066.1651875034327,402.4329224710832
1066.186853801979,1417.2546275451787
1066.4251288316634,290.940751742784
1066.463514833577,525.8806199973421
1066.4933502363494,259.1248647515677
1066.6054993013254,575.2536540544321
1066.674137170643,430.14039252313415
1066.89339432558,322.6954563698833
1067.1736820089761,425.94003933163924
1067.5416789258634,292.1967526294026
1067.6972733677985,961.3167352627936
1068.09766016104,310.3073735173132
1068.1130976236097,420.55742865740615
1068.2124807191224,980.1367169142894
1068.3724295601894,870.6414536338145
1068.4104435096806,328.0183108743308
1068.490169128555,473.87247745529254
1068.4980731544174,2067.474028831877
1068.8344887793448,334.10678788720185
1069.1712226720397,1068.70427235642
1069.4113047267476,278.01481525691975
1069.437734607475,679.468120245946
1069.545984585904,445.88867064168426
1070.18346982728,1400.7866609903967
1070.3761864582607,1124.153544992868
1070.7951155498167,616.5307468637678
1071.051659396967,632.9904184859128
1071.4193154535778,945.6342840659803
1071.5471620480394,455.9908784593591
1071.5545594042387,897.2230906856465
1071.6425269411789,896.0543558180412
1071.718824289081,1203.2824359346514
1071.7453990091471,289.888379947308
1071.985768565266,1368.8593365352583
1072.0662782153256,532.1185794338601
1072.309717012235,922.3724649250624
1072.3208428864064,996.9536707854747
1072.3400671976015,391.05217058621224
1072.531210367527,640.8454632355181
1072.8232672143604,404.55773444669245
1072.8424432948955,461.4658374709952
1072.8548254617772,503.7536329631761
1072.9629421269804,1252.182135249662
1073.0064477997926,440.16929434836624
1073.113145852351,1041.4518648616247
1073.119591354471,678.9508026774661
1073.193159517432,511.3870875294312
1073.3576676780626,1325.1002081137133
1073.4284688317684,1558.5565421513097
1073.658098077356,390.156273750277
1073.7282647189222,331.4754636359299
1073.888721023471,1268.0696182060528
1074.123896722839,257.65824289824104
1074.4551806426375,294.4103160873863
1074.6034137161841,1048.2475247817822
1074.6617956331083,761.0166716238508
1074.729421208156,349.86831329879175
1074.8363353427067,2465.856561979052
1074.845182481707,889.8595493605761
1074.8550277704435,1329.3676276384053
1075.0996128337856,690.7537954098791
1075.2813938041038,827.1608611968645
1075.311549359376,1679.1830969119076
1075.4064557684983,1002.899751173083
1075.4647033116614,501.75431786577394
1075.4951090416516,666.3432743900789
1075.5768805160246,545.5149462828701
1075.7362019937605,706.8846712113569
1075.8428935836528,272.5769217951485
1076.1270043260015,675.9449716510051
1076.255568954474,377.5932520439571
1076.430669443007,380.50927584091966
1076.6005106218845,309.6701482609247
1076.6366687987825,712.1119985086137
1076.6431446846334,270.6152670842852
1076.7686347577287,630.0005717013966
1076.952749600219,686.6719469661529
1077.0991286533279,1157.4212433206615
1077.3754593363747,554.8911596473889
1077.4792565090477,4016.364121001432
1077.6527392202,254.85204068039204
1077.849554575877,617.4367330854208
1077.9916260063364,514.1560315722343
1078.0612708506599,256.56366471336287
1078.3546792870127,1100.8741038629496
1078.3729779405921,664.8468620843313
1078.599087094355,1167.150203359951
1078.944064849858,496.04470143367115
1079.0233575357684,1006.7097078401996
1079.1292524202377,298.56898739103724
1079.1571272676906,1059.7284296017556
1079.3528998822103,500.89489784526154
1079.6666778922627,312.14250106291365
1079.7294708984614,448.83151959584717
1079.8611130379086,421.1171558805812
1079.9281611973151,549.3201710775459
1080.3035317318354,423.89994794851197
1080.3329144940294,1031.1940948023218
1080.45658093429,453.2880016422262
1080.727350160461,304.73781263577877
1080.7557822587492,841.1914096613822
1080.9105522860677,1205.4712957282522
1080.9826235967166,794.8343137039404
1081.0269458046491,315.5710419330804
1081.0651041386436,3219.7164323744323
1081.14684903157,623.6081393905529
1081.1610832764636,833.3425854763466
1081.3006183300731,694.4685251114918
1081.4132487218874,1397.4435418552328
1081.4380129690744,1100.647437504886
1081.6282844827574,394.09920060400316
1081.7040787272676,537.4074168342722
1081.8613057837724,743.9870715916304
1081.9309177726875,342.7119555007553
1082.0470584287332,880.8624357006145
1082.080975192741,581.5594051624709
1082.1848427040536,532.1105802724034
1082.3095733227049,266.8583930170605
1082.635855830786,511.37772092509624
1082.6660603537666,816.6777301870978
1083.1936667930647,850.9869310283675
1083.320987707495,312.5490904610339
1083.3353697485563,1851.8239645845772
1083.3926613950184,668.8610069166724
1083.7746667471088,564.1760573928252
1083.9139781422396,336.0226619357132
1084.0677744954105,327.84986844534103
1084.1242127781723,549.0848806053759
1084.1751788534395,870.1434879770219
1084.474365235344,635.5158576563155
1084.5088699955884,775.9984735428338
1084.8186279265178,1128.1786924137002
1084.8686951972024,291.5791712994564
1084.8867610464413,367.8569159657022
1084.9529838880187,348.28995372053197
1084.9926789578417,413.10281112602286
1085.077287899704,491.2723469817696
1085.2203524472766,642.1838621250865
1085.2803792274215,474.1405488952852
1085.3513580461622,1924.820568496507
1085.4167504474422,363.19918745722487
1085.501511839283,338.7943454726747
1085.6247252788967,475.1343083107238
1085.7048731276786,273.7660716771865
1085.7340288636665,450.49308706680233
1085.8734466325668,418.79888527465744
1086.0474211388926,863.8163171851335
1086.0706555456113,258.81173491652646
1086.0922580027532,410.48928968077183
1086.1213944045817,592.2699437481097
1086.1466631126018,580.725501447758
1086.2943227487197,340.1576323112796
1086.3167373794317,583.9308942488454
1086.444259372157,1215.1105958201724
1086.847675572103,869.9479494435936
1086.9135557788936,627.2670623358736
1086.9631164896914,376.90979395421135
1087.0859726081544,603.3880725035032
1087.1404440556812,462.9192104380121
1087.3221242960649,652.3967853462539
1087.7324435967378,1099.0924066125908
1087.7900530922334,460.9963508502423
1088.2215315678195,3687.6458055642834
1088.324720513969,2880.7537229995432
1088.4557785845618,348.79005203741383
1088.549565573598,476.6633668524007
1088.5657223042263,394.8758513169528
1089.151527069575,825.8298209815173
1089.216639431042,2246.919216549065
1089.4118485315987,439.31790021095367
1089.4211682983378,1037.2283335111613
1089.490978579624,390.78337705055174
1089.5219039114718,563.0791725727727
1089.5960948388156,300.3843017342415
1089.692861859236,2225.244855512135
1089.8141270536332,469.95277290158924
1089.9798711334577,265.8834396842926
1090.108385290184,437.7633417368982
1090.3631939817844,555.8173972442626
1090.389281992179,900.0813109837325
1090.4939719612157,525.9919098863564
1090.5749735477543,253.4000839595464
1090.6751939237017,1078.837129743789
1090.7780433128873,1085.9814992144225
1091.0167527454432,1330.4101939149102
1091.3445552228013,453.80775360370734
1091.3985124878404,544.0714120637687
1091.417443942994,902.6146647943917
1091.670112077098,428.77381180623695
1091.8927358548804,1308.6539000429264
1091.9466035558244,262.7013789006672
1091.9688811669605,2238.4652764079656
1092.1507890569414,1521.399424245185
1092.3065146296476,973.6204871959635
1092.3873836913563,403.2856669113003
1092.4549409277665,346.55659145763735
1092.479870525417,608.5775769972857
1092.8134118790247,275.99541349148626
1092.8358561182454,332.3201103083606
1092.9055511543258,1823.4297287881684
1092.9342133499822,2290.467787994977
1093.0640872465474,476.89518010185867
1093.0783935642053,443.25383823124787
1093.1198765317254,739.6612199078397
1093.463937356956,284.2988380334072
1093.7582104946473,667.5844844490103
1093.9349857979055,523.2969932135953
1094.0874785815486,610.1327665688078
1094.33099171173,451.512528349718
1094.3941711130267,1956.232339149513
1094.439218708293,2807.4019131141745
1094.4502689747687,1766.57469008602
1094.5858513983412,502.0542535359175
1094.6463137392038,460.60073167423906
1094.6578641895571,421.500479383765
1094.7757524769977,417.23445290617514
1094.9255508457682,522.1991743436356
1094.9875826353132,1026.3872517383559
1095.3801380984069,428.03023227275816
1095.4088569789865,460.4099279203901
1095.4152898919006,407.3943424165608
1095.628186086707,960.7612727026312
1095.723005050147,491.1442992901264
1096.0164250526072,437.80884199646493
1096.0567799378714,384.4375826993747
1096.4954493421878,1208.9382276618455
1096.6265759017404,819.7484769013989
1096.889817859989,1594.2874963402446
1096.985221534966,317.8863004139365
1097.011454569492,565.9478179834925
1097.2874779756776,583.2323039252364
1097.5191469713502,1444.423207160171
1097.538176226134,394.71635786381427
1097.9450231687983,314.7942421825404
1097.9559448225887,417.65270886060887
1098.105747561583,261.897168565802
1098.3378966517444,387.53724584806497
1098.4257080073814,652.9195154793306
1098.4603216895766,480.1048127984129
1098.639648747505,775.6639579168624
1098.8361490720583,251.35211646735837
1099.288475639938,353.8680793838539
1099.5618373591287,281.74125699448666
1099.7252939077684,469.20479695045555
1099.804080718969,658.3631351843608
1100.1633694641794,1544.3835941240854
1100.3060522220458,547.2753542745056
1100.4616326792402,389.6380098111825
1100.5714424872526,503.3013082713849
1100.5811001961902,283.725544289904
1100.8592610954631,531.2649616765044
1100.9557422139596,1191.91958856436
1100.9928408560777,1029.7472747746044
1101.0151823267558,1079.14682321665
1101.1145677767545,958.832714659597
1101.6318124944473,295.3254421201055
1101.655523191927,737.4960821787234
1101.700455437202,769.3566207247966
1101.8230079909993,2534.3801470510157
1101.8809554956886,480.5496683934893
1102.135139319189,292.16093164951167
1102.1970047994705,1021.5276684680963
1102.379189490961,343.2810579261415
1102.3864157981166,1744.9186062953886
1102.4034880558627,627.6922160596081
1102.581796061463,682.1154304958773
1102.843209426177,586.3447664284033
1102.881846105471,393.9320907862641
1102.9883705512302,637.3207307086296
1103.0925308337962,317.98698502224363
1103.2113539198492,387.8525058291858
1103.2378207891131,503.85766030987116
1103.4118927485042,437.64370221261515
1103.4650723622944,258.2609237020696
1103.7794438169713,487.51206977910283
1103.9285202682718,271.4114008672801
1104.0726354303508,638.476327231918
1104.3299049165712,541.7988881228829
1104.5783100910337,485.8668411852427
1104.8313747038217,1872.899373436627
1104.8874465158713,4299.055086869434
1105.0118206000886,410.00673314834717
1105.0383371490923,651.2398540743386
1105.1546048851678,406.4013554675675
1105.2711454955331,1280.4107256500292
1105.328700222547,276.69863745561645
1105.7660814742171,919.2534073748749
1105.8200109655534,323.0987123945209
1105.956614974087,618.8225995113015
1106.070359384239,986.3451308630385
1106.2291162537663,309.8791405812307
1106.3619638615055,784.9587838288307
1106.4010043153062,1747.7436229445732
1106.4391148621621,586.1302451573596
1106.4570694044985,293.0011329370621
1106.4845004519466,893.3446818395277
1106.582702319809,365.96439616376796
1106.6246367135768,349.2052127535678
1106.8280842338554,276.04080847502956
1107.0256653002207,255.07547722608857
1107.599303421906,417.92311496099205
1107.6075339767226,404.1408359449949
1107.748889303477,321.75437915849193
1107.8144512849362,610.7467894485887
1107.968729417822,474.11094093663763
1108.0234314791594,732.6420290555516
1108.059195381481,811.4439538319114
1108.2033521211247,527.404843720711
1108.2416064498761,441.97406956930485
1108.4821040868978,1715.0055327621599
1108.6264334275763,583.6168676175909
1108.8392684257954,771.3447901686267
1109.3469036717186,1516.7778055164563
1109.376257243795,281.53688926413423
1109.5013486311898,1606.779049320921
1109.806626194842,351.0697990662122
1110.0130023497086,672.8445148920493
1110.2102839319966,332.41190546245724
1110.3112228984899,344.4838932577564
1110.4267473131702,530.526492314362
1110.4468279153791,581.0345584343281
1110.662420678657,254.23041561107902
1110.7437663971639,444.9576737432863
1110.8404584221703,662.1747586473865
1110.9147190301783,3294.297294999212
1111.100363934337,753.3805042926947
1111.1668896113952,658.4792248331922
1111.219680895686,528.2376820035616
1111.47867236198,501.3747143966683
1111.5272133267144,2189.0046484909317
1111.5702810412317,312.4489897258614
1111.6380112948523,515.5480166509686
1111.7253868957878,1086.6321577141418
1111.740184493857,415.95461538672623
1111.855806490999,457.1228023728121
1111.9377475808806,870.3321390551088
1112.2541434693785,319.94034171716976
1112.322028621351,508.7235455734329
1112.4210730535096,349.9464737095866
1112.4609427648486,819.7142763876042
1112.5048032695324,267.6461759255442
1112.862919486689,477.3250968623347
1113.2182110892459,739.9246938994806
1113.2930298786155,656.2460405990468
1113.5118725674342,549.2751438918384
1113.5229246970666,1214.737144312942
1113.5985753214347,455.58970385470684
1113.7291362891306,361.99188178695874
1113.8276638893728,373.10440404454357
1113.8404156606966,1366.858681344291
1113.9753456081837,778.82077521747
1114.5426345781586,1310.2231346261535
1114.7584073346102,1089.5825205241476
1114.8205212519192,304.5990097547899
1114.8735725869924,470.814778276591
1114.8846345664892,607.1452711678996
1115.001311278127,437.20488966751475
1115.1713772862586,358.8074200381954
1115.2193389743838,416.41017194825764
1115.4528803885983,698.9305618944111
1115.595029142973,1976.6597569556818
1115.603677774202,1292.6462842285282
1115.647938864765,1018.4450006492376
1115.6682507589026,2056.094252316377
1115.7533264904378,452.1625262658908
1115.8738611571748,882.4827127189544
1115.9429674147264,716.3829714061274
1115.9576475365395,630.756867335411
1116.0090631533315,1370.3478053874
1116.0263325946953,436.8167884734646
1116.0396403755615,367.5630668979307
1116.1702615648924,1027.3329312539756
1116.2428340824633,2858.5031000965196
1116.6686774843552,902.5193720228885
1116.694880899947,756.2517178447765
1116.736761793134,1158.394871355379
1117.0346925388874,1174.2367122462483
1117.0622091208313,810.2415793696439
1117.6227115005884,948.5315830532226
1117.9099710942246,307.7044806155215
1118.1710736477414,1273.120687051084
1118.3944415075562,1229.2293051973206
1118.4150542694488,763.1733688217709
1118.4314719401305,277.73626103700053
1118.5254458946695,747.8341596233354
1118.8487184267567,868.0057432255151
1119.0331630179558,381.67193254405277
1119.3264651060213,286.49951658358435
1119.3789792449643,2628.527218135425
1119.4773949277442,460.89666407449306
1119.630422872486,255.80306302431734
1119.8709488892564,1140.4633031710437
1119.9162417372545,365.72153309568074
1120.1705928907445,348.62586136355986
1120.2962802205661,649.0781394740868
1120.4327676256219,322.5952937936582
1120.6530719858988,960.9011704597673
1120.667131590689,440.0804260448874
1120.7518243684115,1028.53254946423
1120.76261336682,263.92386990905453
1120.9163506988398,812.8743469755186
1121.0836543802402,388.9265072979579
1121.3657566906675,328.3302838806065
1121.5604235250994,436.32695524001474
1121.7814739939163,710.3036338393063
1122.1353548277402,861.1803325065566
1122.165597829427,325.1799413862959
1122.1978553142542,408.5811908476615
1122.2364953839651,636.5919193009884
1122.4865746106786,1024.3978284298523
1122.52488251036,2184.4359441731212
1122.700332357278,567.1263985294144
1122.7511748911252,523.8267805505715
1122.7947149028369,268.23350799409377
1123.1685841514109,296.68859103709127
1123.2547481318866,262.70403409011266
1123.2849472588578,332.8297876884698
1123.4213388646904,375.91920395600965
1123.4521418321574,816.5509562160177
1123.4587698933917,279.5139610859508
1123.5445358780366,392.01902741039254
1123.6772218287592,626.9899166677726
1123.846120637319,632.71203226399
1123.891525978869,444.8633465186927
1124.2305910571745,943.6924768727667
1124.5213014975934,301.43109251164435
1124.7425591912079,831.1406964305752
1124.8586813679772,810.7176380413823
1124.9055160490316,2119.508007849651
1124.9819598628092,777.8431628414552
1125.3180864360083,573.1417522861198
1125.348794655709,289.37557037823825
1125.475594621379,951.5354333789334
1125.5515538426516,408.1380153894341
1125.567387553171,305.42969632446403
1125.580384850241,1056.7795878703512
1125.587203793077,527.8239853979455
1125.6351886508653,254.50950261774182
1125.8202095078382,1534.9537710798045
1125.8964863182364,660.261241879708
1126.1150674380763,1408.9002129765538
1126.2059598717935,470.27856558133544
1126.269548125886,717.0458045661468
1126.317239886825,412.8195156591252
1126.3966521874313,430.90502318694996
1126.4996602628423,282.3216372529448
1126.8650754098308,873.7675197104661
1126.8929153167574,703.7400295332569
1127.1867502027958,1166.3792798702189
1127.2648572661737,655.4384455173528
1127.2770935627855,429.16260420120324
1127.3720411109018,778.7877046977385
1127.3913166879913,1358.592592738868
1127.5766926795418,334.56488486598596
1127.6022210171436,1255.8750712228075
1127.6386048340369,1051.306230891586
1127.657944164568,630.7922877206285
1128.0285605732615,265.22218788853326
1128.0692891333672,434.6102426197725
1128.1642203901406,355.7676218506913
1128.2135316480294,467.3031386970949
1128.3639923752307,342.02039319645104
1128.5791153133491,802.022328796022
1129.2842757117219,747.9629598346849
1129.4488019559458,555.4922294096034
1129.5093602642846,729.8526429538721
1129.6883810752315,389.11868222604664
1129.7235140610906,265.0417487314929
1129.8934279640478,1199.5826172813547
1130.0356386892304,403.3193518561451
1130.048182262382,1005.8331764503235
1130.1333956447993,328.0731412449449
1130.5170714893943,426.8167553726667
1130.8678057632437,411.5223453061451
1130.9928545246373,1349.2921927910375
1131.326519116868,417.0850301103665
1131.8025904692522,279.97979689128766
1131.8195819045784,378.17370937652214
1131.880490567879,517.1691827390473
1131.8947906004619,333.4007447263149
1132.0662959657116,399.64923127442603
1132.189929312703,452.28473977267294
1132.2415551415654,1320.6195334190581
1132.474879362349,493.7275941028526
1132.8133701184256,809.9008303156594
1132.8468010170209,558.7604677267402
1132.929498189389,462.94397900509244
1132.9386199835842,678.9382401739027
1132.9455958014973,537.8346483746878
1133.1235545387262,287.9402701284265
1133.287392535295,538.3867785764911
1133.505613558726,1355.59481083042
1133.8868565848643,2560.9655675820004
1133.9761225239345,373.04400323751764
1134.001670996872,1456.2442680056668
1134.160608361872,731.5483884207312
1134.3724628974778,393.03325830247417
1134.5480117642273,742.1118450626556
1134.6585066527346,1165.0821798282195
1135.425176215495,754.5989435624064
1135.8217357755511,1911.8680148575625
1135.8334523439298,812.341587863136
1135.9409284706067,746.6743391157033
1136.1124447392106,443.5005507196439
1136.1648621766508,373.25309084026844
1136.1793915267517,2244.3947888394373
1136.2684010973496,490.5407463835736
1136.3860037530799,957.7971761018397
1136.4023872143084,1467.1933320690787
1136.8197549254817,686.9457674043181
1136.9057032083892,850.5669702521113
1137.2395496249103,373.6604376906935
1137.3027103530003,314.7149986746758
1137.3449307643737,577.7018583476619
1137.718884328243,729.7427630105575
1137.828821162791,588.9907984645056
1137.8589444181903,557.2362441327891
1137.9745055874757,252.99819618534818
1138.0551035901528,576.9985315522431
1138.1612728178627,591.8088148585053
1138.352910035643,1065.0842592630027
1138.4681050408149,255.2164663003699
1138.5726741483845,3513.428423225047
1138.8231344352039,707.7514081735243
1138.8812587735058,405.08917543386957
1138.912777490279,2955.255334738381
1138.9507437784864,850.2462037588762
1139.0449970305158,452.35135553197426
1139.4466004656113,720.8571120745578
1139.8083414693306,560.3375480513132
1139.9569513257552,874.0909838654356
1140.033801164862,326.3228099287909
1140.1391661694272,501.9328544701963
1140.2668970685609,957.1331067381559
1140.3830617350795,572.3973211436972
1140.4537013906556,290.5241993089619
1140.6933485326572,2196.5410680240025
1140.7512496572435,672.7070356725366
1140.941312477317,331.79832384414414
1140.981774592327,749.6297232405182
1141.0032217546623,756.1908128926552
1141.1122471025833,426.2884005326114
1141.7046336372816,416.76703782843214
1141.956892511179,253.99478863940385
1142.4577979461883,545.2027832378343
1142.490957976956,637.9536241793132
1142.571487963903,523.0267562968812
1142.7687551800786,1355.0958416639219
1142.8887335679356,1003.5168116016562
1142.938273261807,888.4633558520945
1143.0518155453876,250.96724731947828
1143.0907777457942,294.9275050170028
1143.141550085014,338.12324016392114
1143.203838736213,538.0659892027918
1143.4993439785744,438.7630686296224
1143.6634480587632,2897.0445052970026
1143.699817437008,930.1777636258604
1143.7871312442423,473.10455820968133
1144.0232645676167,999.3952526787214
1144.0922784685204,747.8348171347448
1144.1750560428638,1359.1769167575217
1144.244500081999,966.8807410051662
1144.2911398874198,432.0244842338544
1144.441366551379,282.73072075682626
1144.4546079140748,301.59544594796495
1144.5865042051787,260.30108403327455
1144.6012416843375,1275.8242990799467
1144.6606971252631,450.1883730694618
1144.6802242952365,417.6937912895488
1144.7890116041663,469.18825729924646
1144.9349973034682,509.4417055058778
1145.1085642205458,482.8323173168313
1145.2181881846643,1211.249270678103
1145.3024074101913,1215.2157713651666
1145.3806488582632,505.838624767478
1145.4026479970082,640.0672660965902
1145.4509308311717,1925.3631270344522
1145.706789681193,402.0996640130427
1145.8037374970681,1007.5349043351567
1145.9659904348646,561.381273288268
1146.4545838265024,717.3236940232038
1146.6729843237958,734.4813560396938
1147.3297477159745,387.4375831608793
1147.3396665321825,476.5522028131566
1147.3635620826637,716.8393340283251
1147.4713267275301,315.1444468301648
1147.477131878051,746.1301621925127
1147.4860112814204,292.8591002503372
1147.5333202916288,507.6236907201463
1147.55982347063,616.6192481746873
1147.5837039971261,969.2914291213699
1147.6731566877897,512.9852659535779
1147.753327706849,508.8794777518456
1147.7833135133333,413.0566163343879
1147.918873659157,333.1038734213159
1147.9668831733206,954.9316910892903
1148.0436111174097,1314.2699874745322
1148.0948371574482,586.1706953792917
1148.164518537645,400.8183368780514
1148.639839437617,579.3933379058562
1148.8136002602212,1289.3695829294597
1148.925673889185,1131.2034375831554
1149.107799045019,2111.2792161051957
1149.1687689300607,688.029187711001
1149.2296638177438,629.287402838578
1149.242433402364,468.0563860563858
1149.3634676106267,1414.486949093511
1149.3738787920329,387.55788266384343
1149.3933594419345,1304.9245856414407
1149.8415743798855,513.1068325129216
1149.8829434195354,1116.6860450196284
1150.0810927840344,810.5423401586484
1150.3010046623824,475.6181606313259
1150.596394185007,495.60994967025704
1150.658775761469,1457.1106561102897
1150.6669263386248,1425.3228663571797
1151.2934983493822,280.94949624358685
1151.3546689494956,569.6833117661722
1151.4060573522015,329.47904561202535
1151.7242436094152,661.393454824939
1151.8195156805746,347.74269671546915
1151.9133804724759,1654.2444267357318
1151.9993662169252,429.47953486242875
1152.13770977376,455.0861846907997
1152.4910527788484,530.2088609058557
1152.6529960917883,1091.4935590571688
1152.7221444464453,411.62677622571226
1152.8220818076948,618.1047145577422
1152.9047128787456,306.1454844771729
1152.9562059977775,606.8407610065482
1153.10096054719,729.8624859248049
1153.1469230086948,441.243416163324
1153.1532692336345,1177.3019219753537
1153.1708823337383,486.6896103234492
1153.2055415168827,538.5178747258859
1153.2641795593263,1104.413619977243
1153.3068407480314,370.6720398544777
1153.4881910923186,570.9044287973268
1153.553421215871,517.4243463033868
1153.9504672369017,423.58008417934906
1154.2250036148944,332.78433822792084
1154.3971191148912,250.90308347448484
1154.4151960098839,1529.4193701481045
1154.4403136921026,477.48394199278783
1154.5553932126852,934.8823288326491
1154.8848602323858,644.97270648983
1154.9683127100825,506.7082943572695
1155.0628065152273,486.3461264430765
1155.201672651673,700.3817039544489
1155.2220338285879,2336.4581635973727
1155.2870668072646,755.5235211930304
1155.3838684036327,888.8237633063221
1155.5286072433482,716.1658314979901
1155.637473245723,581.7734933239085
1155.723129091843,1194.8626271736744
1155.7534511601577,449.313172664583
1155.8100310708717,268.0736252912343
1155.8641210548215,710.7385717686896
1156.4416899927296,1065.5790996022877
1156.6992945453653,463.38961823866515
1156.8709713377648,468.51749533134364
1156.961111330381,265.784328604182
1156.9768047732127,477.190202711826
1156.9931926750937,1096.4786573954345
1157.389102003929,629.8174987409121
1157.4066494787676,1174.1688414592754
1157.4131883691884,1529.1468919712481
1157.4278972819266,735.4626245915896
1157.5086599883834,636.2393794928181
1157.8966103736284,323.520168409276
1158.2556758536875,321.3109212169541
1158.3085462628994,477.8231320950117
1158.3175021367028,2665.773641165707
1158.5223955387205,451.08962224532615
1158.52977009115,1264.9182405023007
1158.609737643617,1720.1575819259713
1158.6342759864556,993.6914029126702
1158.7804702955355,1368.3260116652827
1158.963842268969,1307.4131220795903
1159.216283626539,731.0057500599261
1159.4442400543949,696.24133650388
1159.458760874842,2543.075461779261
1159.5115291419684,348.79948841663617
1159.9494900925793,522.8340671350144
1160.5094574946363,616.2845682565232
1160.6703763905973,437.3750481276147
1160.749591100926,407.117534592975
1160.7984071350227,983.8805493278566
1160.9561837614378,745.7039855882555
1161.4233836373533,892.7756620530027
1161.4445579316002,1097.6687394320686
1161.5941565730495,366.9634865981568
1162.3624901288567,268.57449937348866
1162.4259104293146,252.3737027848161
1162.495462523092,494.20056080828186
1162.5023871132232,2000.1112345104996
1162.7230086525185,572.970660476575
1162.9260698241603,273.9706569902512
1162.978406928788,266.9467243447579
1163.2262842037144,390.71012542198935
1163.2817576027517,428.4719260142935
1163.5145349531422,560.5920404695032
1163.556482370878,4500.929057240438
1163.5958833046175,296.4001905288398
1163.608934288017,835.0774928600932
1163.6279475651936,435.4007477600341
1163.643804183228,265.3296864666741
1163.907742778416,407.16502601220236
1164.0156810249864,357.6791731271787
1164.3770309682548,1305.5709114222418
1164.42539989315,618.9257803372371
1164.6227941350116,458.6056055047224
1164.630706335515,1400.6224128855401
1164.7139725417403,539.8680690004239
1164.7953970221515,280.74802862384905
1164.8685563967902,961.8514256240004
1165.1155893383288,350.4174663989429
1165.1684630729058,252.96676372845144
1165.3646803165316,539.3054710064453
1165.4177243678923,2547.2509323846534
1165.7463738848885,895.0491827980679
1165.9684974423121,565.1329610061424
1166.2471663152423,482.36696044951515
1166.522137682514,566.2593920611832
1166.5537518217616,1191.7060733696674
1166.5737260565297,633.7563838248658
1166.973660524622,301.69052496891214
1167.1811995085673,411.17939046495445
1167.313272949467,382.03578928728626
1167.3965172441315,724.3320737895169
1167.4633264785011,931.7771438853539
1167.5231679356139,298.33595876901984
1167.564106949581,572.2386111682248
1167.5716179759154,1030.421878028989
1167.6185783769865,515.7297089233192
1167.8099262071787,311.59585708004363
1167.866791060922,835.2884461822518
1167.8863076931366,644.3223202168301
1167.9455069171313,497.33317692973
1168.013226897153,378.69496165206243
1168.2530097955273,1286.3584703910715
1168.4809303928278,423.47514845673106
1168.6491358979747,492.7318592631881
1168.7357656097165,298.9946900281032
1168.8573140434517,276.48658865319607
1169.0224777609592,278.1777638433056
1169.1799638687999,348.9350680637464
1169.193685995972,684.2651739629009
1169.2352701673099,853.0159946520844
1169.4265464590349,716.716668163184
1169.5434813379015,825.1555520887136
1170.0469654224066,280.65935258950736
1170.1671872167358,544.554410579728
1170.3516435246415,580.5317016014169
1170.3603986773373,640.5061424502028
1170.5115860697206,402.0616481411163
1170.60322141108,858.5697351739426
1170.7155577193996,661.3749670350877
1170.9463712480124,334.2115406824882
1170.969491569594,554.3677470439776
1171.0211085736737,344.98948700072435
1171.0463384385398,1939.9675704752804
1171.1332097753211,386.240851508769
1171.2741466009402,282.00381106055477
1171.4340015792272,624.9314957286107
1171.518208507251,872.0026900898165
1171.5738356671563,474.39335200602204
1171.6926240955863,468.0230060458597
1171.9024054234997,1138.3642294680067
1172.5461585731746,899.1242244021026
1172.6930152931122,346.1042131259134
1172.939674754674,882.0186169592981
1173.0832013290105,579.7014273758983
1173.2116808372266,598.9046348407333
1173.2778439231665,386.00205837002915
1173.6833153421128,474.780309846917
1173.9134189486686,414.31935068609505
1174.1747600000554,333.19269090281284
1174.2249429434728,512.1588766293352
1174.252422482466,818.6984256129715
1174.3944880506149,540.5975695448703
1174.4366628238295,578.4533804214105
1174.6788616975819,858.633179991179
1174.6957814156267,1088.5342486593347
1174.809214875977,387.5820772297058
1175.0194074750427,514.2248353660203
1175.0303970545933,1409.434671305129
1175.0516832031108,572.6787182707268
1175.2029740222388,422.88262693162216
1175.238219686228,915.084957822001
1175.3206196617368,1578.034024019574
1175.445023714965,1044.372950411413
1175.6240957594805,772.139162353573
1175.6808583971272,404.84601712047447
1176.0196046350006,443.3230602055673
1176.1204877612645,1127.2479032588283
1176.2390312577236,333.5553723600702
1176.407896237466,1054.977405597501
1176.5359818937754,549.0035756353559
1176.6143539398313,1151.8036974014904
1176.8087785353528,1239.4649038510104
1176.9088836361752,409.7314423593844
1177.1066666036327,288.4265141800482
1177.2313311408682,853.2997654303223
1177.5864420245045,893.1205676410533
1177.7082626167976,977.7213314453811
1177.7299859721215,830.8245114759897
1177.8083287832565,344.4498249077331
1178.0344793734082,390.3689345214426
1178.1656966426044,1345.815856237356
1178.238979693053,305.5890731865119
1178.5766288729565,527.9758605514935
1178.8008699417387,310.8192545263436
1178.9384892948087,345.53491155662834
1179.0147106979807,794.2589048494441
1179.0500505511552,631.5809170414844
1179.0639487023254,261.93077540971535
1179.2738738011326,487.12780728091025
1179.2845341404682,319.5889162518298
1179.3890991838202,378.45328682311435
1179.4489866358617,480.95738381853454
1179.594977788518,1707.45628217117
1179.646282409738,699.3613404787067
1179.972246653423,1036.408619396382
1180.0048215692418,251.43193415288394
1180.0246160787744,253.4624887434695
1180.1195911535783,984.1830660169804
1180.328924156284,292.80187499477364
1180.4784220894883,640.9917854017823
1180.6410873935188,359.0160179218859
1180.690487267811,467.3002941686594
1180.951903382028,742.5870319368058
1181.1532021955386,1746.7154670868213
1181.1911821669833,315.86174071492195
1181.3106737486546,939.8983957765777
1181.4661478291628,565.9288036582648
1181.5203837203485,1482.3081686656099
1181.633572630875,1173.2432660502532
1181.663206555209,595.8772244406006
1182.3953457761595,739.3792979082036
1182.487401167151,594.5029221526148
1182.5918084468808,349.2108447061702
1182.6162943849667,478.8549978868161
1182.8121790175956,376.8721254084419
1183.057954951791,494.13411546515016
1183.2029978708092,561.1874505421355
1183.603008671057,872.7182580871148
1184.2232241727897,309.7018230546924
1184.2644080107505,492.7940966142026
1184.3119596493134,861.5644327480686
1184.6443711235552,1686.480280305283
1184.9523218134786,518.9712032823493
1185.1260215422094,353.3030967372583
1185.267977222229,2867.0903593926178
1185.4191243764612,517.505381492943
1185.463405885018,276.4311518843174
1185.621477690328,665.6162733425533
1185.6593122127758,332.221008834985
1185.6687570746785,264.5984895207077
1185.9128941121694,712.5766308825729
1186.191087412174,1242.1196422126236
1186.20106087051,410.8408970105976
1186.455387792265,260.64806225712846
1186.5310428236605,1474.8724252621926
1186.6692888474051,1673.5154809358319
1186.777100710056,1047.1999744620832
1186.8395317109948,616.2212459191876
1186.9109410244844,888.6034157703647
1187.293663248466,529.1678798062946
1187.3727732716,1938.4006037009017
1187.5959914755126,657.6442770693282
1187.635599592491,1364.5485451472898
1187.7866098123695,260.40978756780174
1187.8311438347118,421.26451287024406
1187.8388780521825,496.2837866588379
1188.0642902692925,546.6317286229104
1188.199554897155,404.3878498019043
1188.3614668172822,351.5050716001273
1188.484838648791,419.14898475888776
1188.498949686094,329.309405587225
1188.5572442542607,546.4542398604773
1188.6175763182741,287.4774467937594
1189.0451463589661,1378.9500366665698
1189.3050947084328,349.5990836525643
1189.4693228141787,591.3414366048387
1189.5072832305145,1135.0281337237277
1189.5957725753851,688.1543915583127
1189.6372584236246,439.14415079947355
1189.6595189125883,403.038948176136
1189.7785457802636,902.1186442935457
1190.0401047050036,778.0510584496182
1190.3141541892583,313.39662578605424
1190.486761258734,422.2493787425969
1190.8913199227272,359.6611824900589
1191.0048236395423,478.08904939422445
1191.0575639744109,480.41385023081506
1191.0807605928005,297.03528647417016
1191.1030598007412,310.84574942584624
1191.110511336523,694.4280887325851
1191.153248924475,282.89413462269437
1191.259028092666,1178.1485098358773
1191.3500988722367,910.7664778354025
1191.9398806667568,734.2894264506971
1191.9481856691937,605.9823530538702
1191.9944685381747,1101.1837224860742
1192.0955536521749,655.5765280899146
1192.124437735367,2037.2259928722005
1192.2250630052476,341.83735864274064
1192.2979776990078,452.662166886127
1192.3562970527246,1042.4866400678316
1192.4464843508736,349.12005571601367
1192.6721697705857,1912.2267664163348
1192.8663509310663,352.807695075129
1193.0453144530868,935.134081595279
1193.2376935203913,443.3843555425306
1193.3635853853793,254.15133873185974
1193.6044848327751,1234.4420187585638
1193.6235848604347,524.706407744703
1193.7379255286432,506.44331075563326
1193.7863082544245,261.3630290503652
1194.1525771267452,404.8317601789578
1194.2374768410086,472.35202300796635
1194.2971796473764,581.8846724435903
1194.3335142480562,594.5139722186921
1194.3521977671103,415.2475641385858
1194.6023220205693,276.3395039583841
1194.7465417920828,406.21756741226534
1194.8450181114138,425.9027139524635
1194.8784674266794,443.12467495422766
1195.023010617676,397.113492524743
1195.0751046238624,498.3496760304381
1195.1100587211727,985.5058350965235
1195.1299212749202,702.7438802465729
1195.2476232798404,1493.6305755978015
1195.4820142182402,1369.8415201625075
1195.519208400999,674.9059588934665
1195.564832645875,1172.4519629427703
1195.6349584985046,363.49257455490766
1195.6811445037572,1466.104028332567
1195.9064567464268,2250.9633837855827
1195.923052098473,520.7788055991847
1196.075693212575,418.546821875964
1196.1058885420134,314.1780429505479
1196.4873852103387,597.3689545043623
1196.597610652576,308.4153226283415
1196.6628183401176,537.8115251120387
1196.7148308258202,677.6761310665703
1196.9610312771838,2008.573505170687
1197.0655337731253,481.1853831814048
1197.2938306652413,529.8546174821248
1197.3639400457328,946.7681791725681
1197.3734936535457,315.2982137019165
1197.3921193693582,630.9982834285877
1197.69255205034,378.8410071363612
1197.816690021318,700.4529874907852
1197.9659311535765,390.124290897418
1198.4541994638573,269.825106979862
1198.4713629404437,1533.8363123824906
1198.6986610568645,388.4494666087268
1198.799499525089,406.91994558355196
1199.1575996845377,403.8014178533293
1199.1788293688114,552.913899107075
1199.3043797348746,721.2396008082761
1199.3276211170182,273.03455489499606
1199.4978519544989,909.4272237012646
1199.6480889298311,652.5429851490162
1199.775128838398,907.6160575329034
1199.9702947146611,2002.7153832163701
1200.0553942416968,1517.264500939939
1200.0953687451474,569.9551673522968
1200.1077785442485,595.3232327633633
1200.418444319852,452.29779865268273
1200.8612831027006,1996.3571400144676
1200.8789755295832,357.4101242514562
1200.9001230889626,408.25449792411985
1201.4166841024894,371.85017114928024
1201.5952244159344,1585.5466509585958
1201.6220633794042,398.8855347556493
1201.7193246007846,605.1528534893073
1201.7594429037931,377.49792128200227
1201.9384110022806,484.3229730264976
1201.9661416854879,543.9487205452067
1202.2632483938582,812.5152260837307
1202.80740096602,307.9287005275375
1202.870670448619,257.95745459855465
1203.1818159337336,1232.347366004009
1203.2656417406133,886.190876139091
1203.3255082165306,408.7288914759221
1203.4336318292048,731.1459848623695
1203.6613629347457,368.7703623364694
1203.7797005529385,373.0710790322638
1203.7926986464286,442.52370835475244
1203.8778635861897,799.342424829922
1203.9455977506968,344.70125560991573
1204.0453034514412,531.9093735247842
1204.380359628558,583.5895099068126
1204.4755366460872,311.78718632696604
1204.832629771473,411.879547625481
1204.889313728945,657.8217732827736
1204.918644118299,311.0635071871417
1205.2452522740914,717.5033371069267
1205.631201956484,740.5415226962463
1205.9514099197197,2002.6358573845025
1206.2834740171024,556.5582053643475
1206.6261580096234,364.7429615399577
1207.0808882515876,355.5465602876552
1207.469398088434,331.8457754426681
1207.6760915190075,992.0183456254082
1207.8606708967013,669.215765851098
1207.9970597973074,429.4759260233004
1208.2321360199737,287.10341541178866
1208.6678964807847,687.8056186405531
1208.761788113843,425.16865706444935
1208.8093756339306,591.8327061647663
1209.1641431057096,1228.6029709668303
1209.6394442767498,392.0962391412264
1209.6683678127831,299.5617962497453
1209.831456054485,553.5388414546236
1210.05551874894,809.6655952950924
1210.3593579887856,408.67264921638935
1210.462131712283,1571.0893292928765
1210.5750780117091,1004.2391929189944
1210.8036132542716,857.7081540129892
1210.9597449852572,675.4404186817782
1210.9850820585004,413.0395147401485
1210.9995350694653,336.4191273773193
1211.029966887165,1087.9963606453362
1211.06393705187,797.8186414225086
1211.1734458331796,1147.154774741014
1211.27163184576,1408.0276770845617
1211.6847200346529,718.2598875663355
1211.8713711203268,286.9173148768752
1211.8948752282886,1382.821169734723
1211.910002377146,970.0864427747301
1212.1068936720717,277.0732974837464
1212.3686716715526,1100.1410973178706
1212.5332122071977,1670.3434610552251
1212.5872160655526,926.48411395581
1213.3363432439603,917.1974218330196
1213.4940838533362,712.9503945085258
1213.6971581944877,411.959868635782
1213.7728547947418,1450.167818838976
1214.0550615713505,453.0032302954317
1214.2836562819693,1307.1944516604804
1214.3966057128473,910.2531239554788
1214.4184229553375,598.6059340017724
1214.5070474048878,408.2026380462624
1214.8049411887882,985.6861196837943
1214.95011275026,264.5312637588302
1214.9744185473376,339.08907605707793
1215.035140918974,535.8018520228616
1215.2445525566377,356.79706920743007
1215.5384604474407,267.54177575903935
1215.662488165237,634.3855890246288
1215.683411975314,583.7965752190222
1215.735523477947,450.7170079678699
1215.9284410612395,1693.1702720609833
1216.1032323765853,531.9653085684507
1216.2386515297826,490.2877065493524
1216.2709468058667,367.1188860037801
1216.4791089677444,259.4392957969387
1216.7763022355361,389.3114540413973
1216.8697262608237,271.87201762381216
1216.9834050396853,925.8277138749484
1217.1311699867586,299.73066735194243
1217.285319193165,467.8193602049799
1217.3019980026393,803.2108652500332
1217.3359275189998,437.0580714992305
1217.404396035814,505.00221359969356
1217.581056980372,879.2318954772439
1217.6314571221105,491.4817623148031
1217.7506461137943,326.6616060389445
1217.8846971227526,379.2793484168359
1218.2390098183255,734.0105660904853
1218.2859930895659,2083.6716147445427
1218.384152839606,907.6920545858462
1218.4343781972739,647.8295918246375
1218.534791442568,254.70349408206263
1218.5754684765643,1392.0065805854824
1218.9762457206489,281.7595665536613
1219.1998117736116,695.2571082171605
1219.2512527064168,1072.03853800337
1219.2873758647997,452.85391048422383
1219.3334203020515,591.3718299075309
1219.3395833243717,547.6651908364572
1219.611516059806,376.05765999963717
1219.716424353648,2356.4962742816474
1219.728951764292,1990.5574956094692
1219.746294416424,1135.4151261248126
1219.7623938484023,842.4040465084976
1220.0423669444742,797.101179038593
1220.123910717518,789.4131297540345
1220.1700951516982,596.2134018310891
1220.2027095737064,4194.5889155029945
1220.230274637023,1943.3920607066639
1220.2399711579985,1026.7300982227341
1220.249401387341,788.1498156578709
1220.2930618410464,472.1912849549225
1220.4365168113436,293.7786595533849
1220.4494885396343,640.5823976911938
1220.4689879709717,297.61441590756453
1220.518769098317,487.8859661235837
1220.5601309034491,917.984090300674
1220.8146184482061,311.2832689859568
1220.8747701623868,712.2211998001046
1220.92533844313,1281.656009186172
1220.9925834544724,964.771895993767
1221.2358545819416,1161.6518991918088
1221.3739923917315,265.933246198472
1221.5521415639992,1014.0022211369444
1222.3175708330255,1034.3756981038393
1222.3761372366023,2205.6048873295417
1222.4578924253735,1086.8250075483957
1222.4644630651426,467.69422362037983
1222.5109910650956,321.4238668503527
1222.5425873119361,443.1590595881502
1222.6002972532017,803.1532337984038
1222.961406923218,288.88507388466917
1222.9726082952548,689.3790882455303
1223.050991531333,816.7734068426756
1223.2370127029435,1351.3987618008848
1223.644230819007,804.4565202027294
1223.8654997187982,1335.3698445587424
1223.9069359036612,1183.4852830227655
1223.9426643180602,1340.1653970639998
1224.009260860425,436.18592294263726
1224.219259198875,275.9454167003689
1224.2338931962447,643.8407530619236
1224.2440745192807,681.2872262961645
1224.4742132342897,470.6440696709206
1224.6196125732417,293.78927723557075
1224.6699886357283,1341.833674545921
1224.7888586999322,742.8654931257375
1224.8734766460054,302.7826385561932
1224.9755093260087,287.68368333635243
1225.3053658611582,450.4379075702319
1225.365933770662,416.23941494265915
1225.4067184168562,377.6650527687359
1225.4578960581975,255.2940896441509
1225.735861926925,758.0475283272544
1225.8186561884386,825.6701856807856
1225.9203167129504,279.3721997538732
1226.046161994761,280.50008731663775
1226.3058847802886,322.25549593391133
1226.5937393523457,410.963804375665
1226.6278431566116,489.2490794906275
1226.6381254438822,1249.0877099098795
1226.7994358128626,763.3233407341258
1227.1458247553078,1692.066326133347
1227.1832943459913,288.75841223694414
1227.221773496774,641.7278766058495
1227.3018793715369,877.8345646072873
1227.5555353990626,345.93206230842463
1227.7087519931115,442.7460050458656
1227.9586736574365,816.384096473871
1228.0953653535194,360.46480962702407
1228.240968998121,685.7410432936503
1228.5066956322858,821.664594863204
1228.5138582968636,673.4290783995749
1228.956717328261,2140.0113958121374
1229.0975078168708,760.0680713070584
1229.1775998268095,271.8662769901537
1229.2274190922553,656.9047187033702
1229.327383158196,1079.754198512562
1229.571267429488,1204.224622927376
1229.8110151901312,445.53491364730456
1230.2843408882923,817.3197248739561
1230.426514552709,986.9331695114981
1230.4368248919957,289.1371574976405
1230.5986313609988,558.4352011728009
1230.644901625256,2349.3702099925135
1230.7443538741886,525.6256852843951
1230.8193030550756,2853.3955220115436
1231.133608167645,386.95356578072966
1231.1457751515418,665.5488242493723
1231.474583748574,859.5847800316416
1231.5082825769455,291.0111124210998
1231.5218707459258,286.4354472259977
1231.584345098685,582.0109766212639
1231.7305329428461,535.1224257353041
1231.751583351505,342.17102300588056
1232.1873707474615,781.4700010265177
1232.3264773277833,575.7791322434857
1232.3351546031724,845.762924003644
1232.406986421331,721.0069163673763
1232.5116845586522,501.9828449351306
1232.654028700897,652.2520464497211
1232.6765447617704,453.867585615231
1232.71599215907,428.5240042947197
1232.7931996063676,288.9397034780631
1232.8639030303962,2535.3419712719365
1233.3869330020798,488.5595737576878
1233.4797288786776,1189.3007033820481
1233.4923444791493,646.9446337844081
1233.5997528412968,510.42018833034297
1233.6427581024927,995.6442713905922
1233.7445406699894,1226.0324285069923
1233.7554833597308,747.0674542522438
1233.7711352559722,457.0920284480583
1233.8518632562686,663.9612780690596
1233.9187885290828,1738.7841281679564
1234.0243506318798,768.153641538872
1234.1298287293298,660.6179554735332
1234.1538819327125,918.0163405528963
1234.1997672411803,511.9151327741799
1234.3196685320204,432.06346192855995
1234.4142094095473,440.4915577430517
1234.6206110517085,1427.2149359469927
1234.7691599917011,356.14777869237764
1234.910043017199,813.6542736061124
1235.1881808911785,1056.6445939835435
1235.2599190601811,964.5989316087723
1235.4024370865604,523.2640091615556
1235.642547988265,1560.9152163668236
1235.7240791473205,1550.253108166637
1235.7444203594368,290.2046514991327
1235.8320034405579,659.7826473858597
1235.87706100993,715.8664026400746
1235.9973307128514,643.5035610828014
1236.2529051143033,1032.9233459020766
1236.4645637725123,253.60892064500123
1236.5319769880307,1148.362734946163
1237.2121907763203,581.8502868687123
1237.2724703602235,389.16878584918334
1237.3365262087987,1346.9108002574098
1237.3582257122048,368.0847626063851
1237.6895560508324,582.6015415954702
1237.9766675806677,2667.2161361140825
1238.0078877390638,665.6597966130743
1238.0731173359663,312.1314491910743
1238.1540730165318,871.5411466414621
1238.2470934940234,644.1655166400733
1238.3336726202938,410.9599205332777
1238.406785824874,657.0328136300834
1238.5331610168892,255.43283802802208
1238.6174473307724,482.54639830785294
1238.9284252779996,1738.09120912867
1239.0887133356277,304.1149542738509
1239.2814596994267,962.644473015077
1239.334562579145,694.0265778842236
1239.4697950103332,591.2385529799992
1239.666874027821,340.59072943755837
1239.6870750274447,800.7640752577059
1239.7395457143548,736.55727915886
1239.8381706143628,1575.205300374449
1239.8453377781561,460.9944198382718
1240.06814408401,1193.1800956505247
1240.2298588632784,3282.622406456742
1240.570028595388,326.29938394486084
1240.5816995316754,1584.4054409233654
1240.5917503306075,1132.0298241492562
1240.6966903787888,261.0989171874817
1240.7378209708422,271.28027989245993
1240.821168957694,1778.8869686153973
1241.096051095808,312.48996656644454
1241.1659314025042,293.0695984428776
1241.3034163663324,360.3888118542994
1241.5169619741928,1216.890224841346
1241.5299393140244,366.2776530795466
1241.6683687692955,269.14114098232545
1241.8630759947223,949.8402234350422
1242.2352273482384,806.1607899925174
1242.263328918336,471.0866182123558
1242.279143814119,678.950569938937
1242.3975748552998,708.4336640183656
1242.4926329500413,479.0018703674652
1242.762643711725,1228.8069036554862
1242.8475656892651,447.60992108417446
1242.8560631500654,281.94314228240785
1242.9388636507147,278.9925917355488
1243.0310517573557,1202.422600310948
1243.0661651461812,2893.37432424651
1243.1424745909258,1027.574450702873
1243.294966114839,408.5125983675222
1244.0179342181514,1909.402906062756
1244.0880251590104,2953.945298853738
1244.142874124468,464.446309749934
1244.1620269850673,639.9445396541347
1244.220968674773,329.4521931287211
1244.3951457070789,300.701573349325
1244.4022749729224,418.8521050954666
1244.5153747294182,440.1795853703773
1244.7430994239671,853.7435049334503
1244.8341880127268,342.1698718524396
1245.12888739903,2695.069163927933
1245.1438599312378,298.94383413261716
1245.2222992598308,769.3785380748906
1245.2710690081417,941.643525863881
1245.345817214536,418.18717499262743
1245.8867050643375,277.8377244029778
1245.8970803693703,621.8258427696704
1246.0777718945603,706.9814738661584
1246.1668092655893,766.2164254218353
1246.2726761322742,1201.6728012878239
1246.6687847947455,840.6511682984769
1246.6764643727117,750.4418296373091
1246.872682334134,802.1089879973528
1247.0261966702262,373.20875147916666
1247.1455528673523,1373.415742879534
1247.2246150682174,536.2374062056881
1247.2356800028338,328.45179623972
1247.2869365440067,1142.0898820658356
1247.4531026794298,406.01577545136706
1247.6531274652466,477.7719870909814
1247.9014734333975,1883.6848970921212
1247.910744185233,778.081340870214
1247.987432461437,700.4148206896496
1248.348593552418,513.6687917130254
1248.554922098313,1634.774966709158
1248.5830044176348,703.948871202794
1248.8237104687146,489.7085472507349
1248.9159617791154,817.0226172098415
1248.9651681819128,449.50314825721455
1249.3479058171192,425.60825337936893
1249.4309103991604,846.4276412790109
1249.793771958729,995.8770254335133
1249.9222018661576,1130.3133006455143
1250.0074825159186,470.8394588669771
1250.0398968644267,1737.138815473402
1250.1017099634037,759.6714793467573
1250.592548354601,563.2166255999646
1250.7587092577605,2424.8752801169326
1250.8736159389448,916.2069948696318
1251.402507495052,529.7549975371088
1251.5642593777548,1315.0009835367866
1251.5910977971334,314.538068737582
1251.6873376659792,1039.2173274783845
1251.8387573808932,517.8800412128667
1251.909167517309,385.7172939021884
1251.9524146461085,293.3616853168561
1251.9963230596027,525.9325550598861
1252.0947192474125,1225.3684769418835
1252.224166032366,412.58413339708704
1252.2728452907315,557.8062127570984
1252.4464565791054,500.2933611580144
1252.4718019877116,702.4193778336291
1252.8596897218636,285.24345029641734
1252.9658913916505,794.5993879631666
1253.1054999701832,3065.90831272048
1253.141271227381,511.1686550452897
1253.2976543432637,767.1719619403834
1253.3154788483698,322.78710309477265
1253.3468875292756,1254.349829426981
1253.3794573055557,1721.1941865850463
1253.51733363126,352.4766345922522
1253.6065291931611,337.1938639627801
1253.7053002667644,318.5937372642482
1254.0008808767057,604.6117385644482
1254.0703167898619,2212.5901475690416
1254.2613681603816,369.2274506755515
1254.377005426502,506.57486088123426
1254.4074599107307,265.11990983248853
1254.4348428812123,868.5212894686277
1254.442118619435,292.22023156010556
1254.5883604754445,1138.6718197625655
1254.743443098724,1427.00425112718
1255.082182788742,761.1033253398786
1255.1145500522744,1940.9258654713476
1255.2187946194945,775.6482103498453
1255.3661686407927,596.122900530825
1255.42158662041,587.0339818354287
1255.4749624151164,281.70935761781544
1255.5034835411361,446.71247186354475
1256.1220011460525,505.1521344680239
1256.4732319552127,589.2228778465793
1256.6200808561557,255.116430055042
1256.6381556821761,946.9979467214554
1256.7412291474918,251.47877751433703
1256.747984570115,282.22055463096007
1256.8924205344329,465.19369361975004
1257.0036492342474,2454.041165323004
1257.0793068599824,349.04954821565894
1257.2342158164306,569.7510093396463
1257.4139491895667,581.3444178919128
1257.4887545564782,387.1481425194161
1257.5996882617046,1723.6994101193281
1257.6115870429048,267.16240686178
1257.6490952857812,1262.5743270658493
1257.9356237543457,324.8387910971295
1258.1137245973196,1808.6913220336448
1258.3390560722814,296.65739269656353
1258.4335588490212,1270.5906200350037
1258.4927358985228,801.4409337139078
1258.5048175345362,448.5067623726741
1258.5506606721262,469.18019567395777
1258.7057603828275,374.72573496874764
1258.732501524306,330.1063477595705
1258.7668090107495,606.3510729715838
1258.8750403415106,266.92948290101316
1258.9263718474624,1084.8896430405327
1259.0119401817878,394.7947241157165
1259.1989657871306,304.59371567368675
1259.5994869148906,373.1378314826139
1259.641839700531,933.2932280636021
1260.4857934242018,502.77358410573345
1260.6844866707706,546.505591779536
1260.728490132959,1156.4229300866966
1260.8904811315883,395.7613441544011
1261.0732372222526,486.35792983751816
1261.6358580106585,700.212075863209
1261.6968662643505,377.57066752193913
1261.8026375059603,681.159289660876
1261.8480253040896,389.03318110749075
1262.1413263328952,336.44467306107776
1262.4365839498623,446.84395887972136
1262.481112746279,838.157748466273
1262.632971205076,386.8921328616602
1262.8988156513406,352.2660101781847
1262.9655648489556,748.1773295249333
1263.0985410144856,1866.7740179975603
1263.2905898355248,256.3023013330422
1263.417113640402,499.0720835407121
1263.6478990938067,931.9233475933454
1263.7125447775459,911.6671104679381
1263.87475445974,657.1736469017867
1263.902986114052,428.7408134331885
1263.9380603323998,727.0138950499575
1264.0402335598951,2392.3362179953324
1264.132161668133,502.35706473552153
1264.1720207392277,870.2518499600313
1264.2582792856488,934.4216482255648
1264.3450227358105,988.7268594157454
1264.3724718214205,1956.8855616607468
1264.6668049196921,526.4996869449828
1264.68700621393,363.92381014406425
1264.80419199655,460.9971489877303
1264.8759416217708,695.0989560040102
1265.0431177858386,702.6784978559195
1265.1027430973456,369.110910567942
1265.2853523803935,456.18487466878605
1265.3743724990281,362.9627183505376
1265.4037925573452,1103.3309806859188
1265.6833769080508,1031.305011397386
1265.7544856373913,600.8492395947571
1266.0674592497608,282.6511449053943
1266.1114027904482,330.847048089748
1266.1808044077543,854.4179799306191
1266.3254419204097,557.8127649070482
1266.4105174314932,412.7407999039228
1267.050170878983,1443.1924673938518
1267.320749365745,358.79619493981875
1267.4806828106507,797.2752505410865
1267.529517268225,556.6560208427867
1268.6361923792847,1165.1660580995494
1268.7363925349905,602.8740036347763
1269.181501968473,275.16725895882223
1269.2209175543476,303.4016855728453
1269.267871263467,1918.4538730979648
1269.3241368553495,543.9251511543586
1269.3791242298016,599.8914562391869
1269.7115735610867,674.9418840737305
1269.807616448704,497.8718072345194
1270.0838256580246,1109.4803100049537
1270.0937373554202,618.7372556474147
1270.1041879245681,548.7889760692822
1270.238229694218,2062.276902518192
1270.2648717087013,635.6897816806718
1270.2907933530826,844.0825094617679
1270.3595747765294,1004.8748367903655
1270.402087439901,610.5674730702535
1270.4894379124698,339.34161771972174
1270.641358391038,465.88646480730114
1270.7873710925348,1136.6049751432604
1270.8290154424194,450.94313728873055
1271.0869916507463,675.5787260828099
1271.1658023331547,671.745364466331
1271.4129244847732,652.2645378868383
1271.8752105302356,1587.525977812379
1272.0286881309548,2721.590988183532
1272.1276468982292,1018.8424571539794
1272.2840090934626,697.6521716412237
1272.337609852416,474.4027467153954
1272.43197443676,294.68756257571545
1272.5929175519452,2798.090446316313
1272.7363213292867,563.1879211183955
1272.7445881818676,2235.42199086876
1272.8545412418125,252.51970285544934
1273.527213528982,328.69585723382346
1273.579678617417,267.0510715720853
1273.5958459734345,367.22060244472476
1273.7527071163809,649.6012714414888
1273.7603212593558,436.08642443858946
1274.109508501607,2887.6705303346052
1274.1720260955872,676.2340642888183
1274.5602255699125,561.8883900908838
1274.5791895480834,394.08046286122925
1274.690378618337,684.7452969278738
1274.7547392504257,1014.0599607457143
1274.801774565181,770.5442680178655
1274.8941696248783,766.6443252862689
1275.2665748456159,576.1446270548364
1275.3436851561478,474.65208147336403
1275.4383799688383,533.171832931379
1275.4747064076878,599.6403161352716
1275.503000667005,779.0367159967143
1275.5947171617722,517.9547657647041
1275.6232209152374,676.0034021881153
1275.6567321045109,320.36852814658744
1275.676931541147,723.6136669406413
1275.7705384310402,755.8052378747499
1275.832504019851,340.68760444260744
1275.974014259919,300.51279346130957
1276.1106759804243,1184.0552848799475
1276.2233747421365,270.1193329007841
1276.2487995126075,384.38910387208347
1276.2585639914414,397.4185064978174
1276.468181193261,2620.7175567289332
1276.6875069439122,1375.1411882275854
1276.8847049054423,595.067205442813
1276.905081115237,477.0281229305873
1276.9606671012584,543.878434504335
1277.0528744311898,818.7176341578149
1277.1250787309236,1112.3426613698982
1277.1686233496876,517.439601141124
1277.3713231482207,572.32919076241
1277.5318227730063,2160.6088894756704
1278.2411088387237,486.9410357657925
1278.2846435164338,716.9353002910531
1278.4683957200646,1408.9634255543826
1278.5857832596416,288.6297276908151
1278.5937651475929,319.22235802175277
1278.7911147121054,743.1146058874201
1278.9762151039008,578.3348582679484
1279.0201027102241,1893.3830322914378
1279.0345290562013,859.5661245504124
1279.0577914406776,267.3804970666646
1279.101515119373,346.1645617771519
1279.2472380814058,338.79781629872787
1279.329633954297,889.2184078573486
1279.4860522990214,835.7508426528618
1279.5435303997401,619.7885749006998
1279.7375442286302,2707.380336262806
1280.003668172339,300.30110794195195
1280.116402906851,669.1224342529356
1280.3573403970724,375.46871588755846
1280.4002419276371,1581.5119524746676
1280.7268959014968,1567.7023406077801
1280.7800635047643,683.0946283882241
1280.7995624790747,488.92579008712727
1280.831908522765,557.2195787056957
1280.9146636806433,490.41878564012444
1280.9407374416855,1077.9914073665077
1280.9967711307731,628.9315860522626
1281.205441143321,262.04192685249404
1281.3534730828223,255.33074504355278
1281.6300450029216,725.0481480800962
1281.6865575501113,490.97312757499384
1281.9833258170324,255.16577977727013
1282.0390501271145,667.216590278715
1282.073330464015,414.0867385430345
1282.0946085195965,1099.9475940064171
1282.3009224743823,507.37400275824825
1282.3757356709239,380.7855023464103
1282.5031229261895,491.92192911276237
1282.6549297480492,401.843592091407
1282.7720140791946,498.3590349530273
1282.8052385505846,1264.459441469376
1283.027929120502,687.0242605258496
1283.0668670266498,544.5507566060289
1283.1616237954877,410.71539345227984
1283.187740702829,521.1926411062665
1283.2254262904667,483.0829087970255
1283.3409840004606,1072.282576782056
1283.3602970100396,2011.9230772237188
1283.3891480951831,380.15194976443905
1283.4679128640075,260.19838654147975
1283.5510869169284,596.2468361007731
1283.5895184614114,297.1281989870686
1283.648886943561,292.0249382571851
1283.8208289379886,470.57290134206164
1283.8657715648858,947.8658551490516
1283.8838615156235,1746.1221732903466
1284.0546980059305,288.2524781501886
1284.1113634430344,1050.4414404484123
1284.1297299548607,272.68659438999526
1284.1959736505166,416.34308215896544
1284.4358680225068,550.0235851376551
1284.4437121728924,1143.1337601289315
1284.5045518834825,385.86804787301674
1284.5450840624526,1593.2253672005809
1284.661791677775,828.1381171795845
1284.685014394004,1618.5675382269912
1284.7555541953566,1519.7494920960305
1284.7883191369906,290.98551674113673
1284.80273298483,574.3532552837337
1285.6181385986365,437.0006597830827
1286.0941649603194,734.7184491048929
1286.3994465880028,603.9435847889976
1286.4692081335868,2083.567960681938
1286.5318240027643,283.82375072424753
1286.5812249825165,524.587946565384
1286.8278390547857,352.3410482134663
1286.943951047948,404.61164702894536
1287.2616267598346,493.4613270942357
1287.7263017892674,491.71767681844193
1287.7449752863185,664.1205211376172
1287.8471285475534,266.9720529389254
1287.8805611223397,604.0251356344228
1288.4496987042003,470.47211652758426
1288.5941219198817,464.9766873022332
1288.6106211848096,889.9652772961773
1288.9313823851107,679.5910270055887
1289.019206594337,1149.7017596849912
1289.229019546759,317.8279110120598
1289.2814300820605,275.0540707687087
1289.3080823647672,356.6402432900967
1289.3793017716184,258.0189817727464
1289.500869563801,413.10071874189924
1289.5623116824331,860.0371580402102
1289.7243950277011,338.9128362012487
1289.773265710557,268.4333653181876
1289.7993571000352,516.6540735213664
1290.1026710725623,639.2439841622925
1290.1508279063041,467.6364534965476
1290.2130669693656,327.26005692673215
1290.3882000395913,310.252168611686
1290.701321128361,304.69383348872435
1290.722473039626,299.5592591245673
1291.1701278523915,648.8102895132776
1291.2985632796592,605.659079266971
1291.4856342600835,1381.58272126078
1291.5676377065993,381.36528699564013
1292.108191889669,590.5940751802541
1292.3407534117805,476.1909885983562
1292.391780945777,486.8274650796147
1292.4468064227603,1199.0361769994615
1292.5184939021512,453.7245880560391
1292.678633671691,541.2940208616324
1292.7637670347945,387.2365007973366
1292.9272472128737,598.6521669163021
1292.9734773846274,1073.0709530703832
1293.2306066290762,1505.9017500619532
1293.5355097273289,1189.858301956417
1293.643468616308,587.1384561689582
1293.7990753575173,276.5045995050104
1293.9667047459498,333.5021593648478
1294.0190372412642,328.81767477602534
1294.1327999134123,365.62122448197744
1294.1809726193069,350.2662323252015
1294.2545886275016,484.76594541174717
1294.2838714374361,758.2815271058057
1294.2933115121195,1002.7509897344356
1294.4490643616878,399.46280042680286
1294.5924788568113,781.0160180702
1294.6009537902514,1198.4704227073546
1294.860412373765,461.0929807103451
1295.0530529289792,541.6727831721133
1295.1464697324197,904.3230954270937
1295.2513083230688,589.6456886735151
1295.6013350475364,318.4896942941413
1295.6383188292434,634.8113570202713
1295.7309403567765,387.5197771298735
1296.103981790885,323.1113481690254
1296.1299025070425,558.6051566369188
1296.2033447563301,912.0308032323993
1296.2377431507011,250.21436544039867
1296.3966568105739,943.4625260633287
1296.6886631074367,1747.845491818809
1297.0016599311243,450.0117690506611
1297.2124593151757,1326.672727874213
1297.3774365132049,616.3537840962489
1297.578027794671,1172.996152138599
1297.8064406270032,648.3282609773115
1297.8448334856753,1635.9257355876323
1297.8628329179462,401.33384087562
1297.9599118828296,453.4722315400069
1298.0812533845374,398.1914271938804
1298.2772610816262,379.26497208975684
1298.3548326962778,341.1795543348175
1298.3924095771795,307.6641625433106
1298.538409865899,713.8456780309582
1298.7315813089635,734.1766783375931
1299.1282085144157,656.9484605593093
1299.2920615946834,1698.9391639586083
1299.3051581504046,311.03484551963396
1299.567551224738,698.3703349881104
1299.885411080823,558.8671026387029
1300.068403306845,363.49152856565667
1300.459750906,516.046602364132
1300.4714231644327,869.8670279365388
1300.636414083455,1684.8746211794594
1300.6494642383032,357.1286862426112
1300.8465583989469,821.5162135916636
1301.001019148834,1278.0168625115984
1301.1870716062235,264.3918166683857
1301.2461358055593,1009.3441574050786
1301.2858433446133,573.5716780388225
1301.4354806396143,262.0119915591869
1301.4470859588896,741.5755958315821
1301.5999411791433,680.6277406126053
1301.6151836813203,280.59863168440233
1301.7041969388274,763.5908934873804
1301.8743723892126,642.6160653067075
1302.1574443019392,1122.7775796245494
1302.308452297901,404.0944836771344
1302.3773327843767,828.6974941399308
1302.4150663405858,367.07035694290465
1302.5431490114702,318.9974105755003
1302.6204478059894,359.03550758805204
1302.63038527487,2706.2619286614777
1302.6571543562472,265.3460326472149
1302.6666547991124,561.1941851774022
1302.8696047460976,643.8827605455608
1303.152871232871,573.178977882654
1303.191778967081,294.2674029440621
1303.2331676469717,365.05272578863463
1303.35334830272,528.7791505072294
1303.4479926748818,372.5241427517104
1303.4943166453832,427.0561957323437
1303.8799918572954,371.75923005181266
1304.3635311665985,289.6052274942092
1304.657200722196,254.45134685968065
1304.7984778215136,362.8785477481663
1304.8320495864587,1173.982767518799
1305.129704980469,1040.9289510159956
1305.4260455530512,757.702984211129
1305.5054037934422,560.2495992034395
1305.8473923946972,586.1598631657332
1305.97327865659,408.5308235441891
1306.0895717562807,317.7322604118702
1306.187314799312,735.9395793420758
1306.206613895456,280.0356387762725
1306.2692737292027,522.8582606462742
1306.6312990666001,718.7963107188483
1306.7500950662652,306.14654871435334
1306.8392566246362,525.1177192735208
1306.9174520200995,709.6228383168418
1306.9343376044062,791.8454144119706
1306.9531602066145,497.4147175939204
1306.9640133373587,370.13189095300703
1307.3572861424168,871.0650714270487
1307.3661597492655,334.2523168708423
1307.6439073374827,724.8469782841848
1307.7428772425806,795.5113322193988
1307.8287892502283,970.4618935227961
1307.8453769350735,370.18531392521044
1308.2665755014814,922.8895377483343
1308.3770499576026,1968.8412639450833
1308.5374714074428,325.90937091710356
1308.6060735215447,365.0885707160672
1308.838294827034,412.80614788231895
1309.0038505192483,630.1300821171935
1309.0882629877287,331.8816209468336
1309.1628367835167,857.4084236230171
1309.204653998035,269.8327668105933
1309.2254766316855,630.0524247617224
1309.356621690497,340.44326365717757
1309.38317670206,1243.376790558415
1309.4311396712073,736.8939134511273
1309.6182894186334,526.4783967971699
1309.6925755529733,684.3567099368335
1309.7902435328133,419.7851211338014
1309.8678884686647,279.56572326979494
1309.931051045469,1569.6628449752593
1310.017875762916,1540.6719052549004
1310.340908260781,1461.1371809542081
1310.3877852127127,464.25453529179316
1310.4440906739364,792.3638647836202
1310.4612296157677,743.5080143482841
1310.5177560058041,1427.0086032045508
1310.5406286088287,504.38916502816085
1310.7574514027792,808.5120307479156
1311.0237518914023,591.0560735722349
1311.0775403607304,923.5566830319804
1311.2158706046644,628.7771151631945
1311.3878621244633,492.1433887665017
1311.4111220775997,2660.022971189794
1311.5838656612127,262.81190551404586
1311.596798541793,326.98850425621197
1311.7092863130356,404.29829125255594
1311.860224029244,1415.6414441234278
1311.975923982086,317.7807636435842
1312.026994707443,514.9807540461994
1312.0551219116005,935.0503866859926
1312.2417198372857,350.19559517237946
1312.2965013336975,278.99620859338495
1312.310872800857,1489.3513955525368
1312.4536143362254,1603.8822867926613
1312.494448207097,318.36721556272295
1312.8049265238392,1098.045417233253
1312.9245232927383,616.7327744227738
1312.9329417131933,479.38152254156375
1312.9689596427206,518.7110990513825
1312.9844315385953,1439.4549100464203
1313.1144757263978,297.1874076186599
1313.2989920662121,982.81852325755
1313.3082903233553,719.8914376424786
1313.442501975726,585.7839959324915
1314.034095375151,470.7157113804892
1314.1553287936972,490.5349209964338
1314.1995609135333,259.1148476717386
1314.375987958171,596.2957389595035
1314.4001161899787,552.1352174752886
1314.465254684546,522.412491712606
1314.621233233049,829.1762240826008
1314.6915104533812,445.238475747558
1314.7610770500964,935.5343037280004
1314.7699586120557,407.28151135539395
1314.8411592611449,685.7816266714949
1315.0179987464123,477.8193775017603
1315.0346310594687,635.774712564504
1315.1410697410965,2992.7648966213073
1315.5513255730268,323.3431303998296
1315.6550242095,486.21551463790644
1315.7614679456033,1133.8176236146562
1315.799832434281,259.43120221532047
1315.814838707092,432.0748093712794
1315.8351904924818,746.3184711484422
1315.8675571194676,778.3098553015984
1315.960617897459,1009.1999174691027
1316.032878930787,802.4209599407276
1316.3312665753042,445.5662985224623
1316.5051914387582,1578.0770525019477
1316.7953774745238,498.63431803073894
1316.8651064087248,336.88056786661684
1317.0591535726057,269.9215459620892
1317.2326710808134,443.4699704188233
1317.2851076398133,1090.8831111081638
1317.3124264704807,676.7730163991758
1317.401364969568,333.0805217104376
1317.8507280238912,296.1138042124276
1318.0013133935126,444.0029733832269
1318.102884054461,1177.6805678419908
1318.1439780124701,271.8188440852507
1318.2682020032712,382.30209339970236
1318.2790095601872,1873.6545848898545
1318.3406795818482,260.43123748478047
1318.352879162239,659.3308930419856
1318.4321504417521,516.5162135625047
1318.442431821482,827.9087687913884
1318.5298569569252,347.9343976612056
1318.5714057173625,784.0667245284693
1318.6654233168556,553.968171044075
1318.8571464644365,3640.0726377498677
1318.900550434817,770.2444663028383
1319.1722608058058,394.76739007651844
1319.4310301817327,1233.6156722024446
1319.7323091353023,764.8707358101442
1319.888667739206,1511.6853505131662
1319.9034721126475,616.2930356648434
1319.951540849524,575.4641285982676
1320.0779166441453,599.8723754862173
1320.0948005539474,835.5370884287444
1320.1561009965603,1068.7587813270936
1320.4311830557294,878.1166041083737
1320.8473992858071,577.0258542552184
1320.8713952951427,376.87136426018657
1321.1870128212372,427.3707021548057
1321.3926128867865,486.7441004915727
1321.4166640525482,421.8247449240761
1321.4762155225878,787.9033699210851
1321.6959423782077,2791.513147976347
1321.736916668906,531.6664172430816
1321.7936987009903,383.1438611988688
1321.8750401678865,475.6358761899098
1322.2167788535544,834.0227499992216
1322.3813995108435,304.0117620416575
1322.4063459878605,855.9695694433386
1322.4504676081576,351.78094003614694
1322.6312149172438,308.5546470556685
1322.69614729066,292.9991887616296
1322.769950562626,1865.2271283358941
1322.8072799322729,1038.3580323496801
1322.839019428499,875.3443230880846
1322.9153158818383,660.7425530363049
1323.1138761383288,282.6685260329573
1323.1208251735547,592.3348444162149
1323.164771311021,701.5938882551053
1323.2002533389775,2067.7668767962014
1323.4102507089592,255.70051897102024
1323.4388051376868,645.9453926068031
1323.521549892964,294.1586293296778
1323.7205164895959,401.7896058231043
1323.734576260777,256.0698447099907
1323.9959641303035,433.2951207121017
1324.1138954303476,750.897225807441
1324.2657022355415,255.9249716244195
1324.2974666708637,864.7413056787323
1324.381283086228,537.2469280288046
1324.4186386906827,1794.1915286746842
1324.5613223349123,1157.5423416593337
1324.5806799351874,837.6993646423952
1324.6163931541723,325.2445763582526
1324.6723450143425,622.3050048674553
1324.7098081958695,461.2227918963839
1324.8905622931686,369.52539955022473
1325.0792695660152,282.63489812449103
1325.3361127118917,4373.22708867508
1325.3808407135998,806.4718383185636
1325.6643985407538,393.31390735578316
1325.71127656142,319.9465888068015
1325.9940209653555,747.6713568041374
1326.343758067614,2121.0160887863026
1326.5733280513539,428.06064880250136
1326.7102057130935,345.6892727928624
1326.7321956998628,276.1119398760528
1326.7410155154444,566.885561864585
1326.750491005597,826.1035807221324
1326.871626749503,695.5400379483272
1327.0267221173253,583.6674257843329
1327.0711869677664,666.6137237550405
1327.1006015344603,613.9057471324355
1327.2747725960098,515.4569434407807
1327.3035196994344,1655.4083901733454
1327.4625776735097,2806.60165104994
1327.5023307224958,660.606216669317
1327.526363369881,1068.6768406873416
1327.6316127757946,996.6717104044442
1327.6564490573305,492.3955272276036
1327.9552279908348,553.1326041065474
1327.9904232088172,634.0871734553913
1328.0279469167913,655.2142438426166
1328.1917553164972,733.7083614544351
1328.2981483293067,289.69313960343976
1328.30763532535,313.30602492899857
1328.6222039959514,334.0884928024738
1328.629468638969,432.07691424911076
1328.8281632354879,256.05821353776247
1329.309445558834,365.4309389525777
1329.4023325835603,376.70261007800275
1329.4762050454717,1084.5372031717557
1329.6615662880204,373.3576972354851
1329.7171598793714,351.71301703439207
1330.0691478391525,619.2901327724842
1330.1026444851727,279.4757306475667
1330.5638885690496,279.70399486184
1330.7731236422046,618.7354336958236
1330.8140557346949,278.67193889801837
1330.9963621459367,335.2389768245925
1331.1389640441364,326.43157065749375
1331.1579940533672,740.8708154324448
1331.200631368989,409.75673210934417
1331.288967499919,286.5817762173745
1331.3632982925049,387.6440439553007
1331.373310039117,284.23654637766407
1331.6561429211795,572.1873721246503
1331.6689940990673,1033.1851100898662
1331.8114610680627,1151.9641948821734
1331.932082448917,399.8913520405216
1331.9658300375308,487.7816565488226
1332.3443984973774,501.11813463473186
1332.3554705317724,641.357082254463
1332.6490122574537,668.2270787876167
1332.805762354796,1040.1554108474609
1332.8790136531884,789.380529970531
1332.9723995910445,428.1454827342341
1333.7010878126196,1396.2320128625709
1333.7564345041444,632.1621618374933
1333.9256644362747,581.6971306367147
1334.0169677675449,418.11641066889223
1334.1571572508233,575.933745620772
1334.211141043222,1082.425607714725
1334.240795194047,488.42547456084617
1334.2878676629214,690.9045694377248
1334.3235236863366,415.69341380020313
1334.379162617392,494.26727278933856
1334.5234350138458,564.0977124823212
1334.8586374657068,488.8541204399027
1334.9513656101717,579.578364814839
1335.0021943634179,717.7329482943363
1335.1292293519377,379.7606605158583
1335.1966133439469,1025.5690747926606
1335.2435598110017,297.84489723359815
1335.4048729637825,2306.310227110278
1335.56364820563,360.74312106028856
1335.5993366343348,791.0760829821548
1335.6747009939113,2434.408285226429
1335.8636706140333,820.1405655407001
1335.940821127007,388.111761018484
1336.038089720702,1604.7535171198344
1336.0466812209618,376.82341192833354
1336.161433967042,543.8892139454117
1336.6720442554713,1290.7045475455843
1336.7186994038595,276.0440119190163
1336.8166733707676,751.9431618965283
1336.8937462296628,984.7608608878108
1337.0500376046405,391.1776259671156
1337.182767839557,376.448109409292
1337.220034095783,719.333992128664
1337.3047017217018,668.775705961602
1337.464017350053,462.02461937671256
1337.493214236241,592.9058588335821
1337.5750655471793,513.2950209452271
1337.6511940260432,1426.6501819748862
1337.7496658069626,834.1503537015141
1337.760325736641,389.70915355900814
1337.9800422715539,338.7645537534484
1338.00456678216,833.6121946453987
1338.0595513261367,594.6767113002004
1338.2790239436877,662.2288864317673
1338.3084636126703,508.64100977588527
1338.3360520390734,1156.7707321379162
1338.4577614114532,880.4777225992498
1338.693782642651,1062.4689226544476
1338.7497594520173,615.105434615722
1338.875775145757,443.0716068058728
1338.8895308914869,622.310368003604
1338.923729690485,440.57773500327954
1339.1348605604364,931.4032050479741
1339.2156291152207,422.92554854460326
1339.85449385653,434.92710833391754
1339.8745527361557,269.5669530050687
1340.5687689613383,564.5936043360695
1340.6404937777227,593.3016081066746
1340.743293660054,302.6632263419274
1340.7663515737345,348.067320676296
1340.9310592454774,361.6794349615716
1341.054383047955,1816.0091867506053
1341.1879605473916,273.07650131432064
1341.1967653897138,271.37019820891027
1341.3447727142004,510.7283154350176
1341.541458751852,342.99548741622215
1341.5891018246214,466.37181597554047
1341.623367253569,767.1910229935818
1341.7609180952225,516.8830148574685
1341.8166603817567,680.3505989028909
1341.8478453831647,301.88396688191136
1341.9249593252764,1238.9144026999998
1342.0111860445581,591.1241422777811
1342.0356986079198,482.30481253140374
1342.6785950871772,620.9803762117548
1342.8122487229612,757.2846772345399
1342.9913112812637,371.456437813171
1343.3698396179238,756.9918339823115
1343.3829781491697,656.2990838074418
1343.471138272987,262.95522925430134
1343.5892002063529,253.42471661738932
1343.6345351192845,255.98849191422954
1343.6539710827092,1587.966421358407
1343.6646290642145,633.9756519933368
1343.7082411165081,569.3641433590426
1343.7275621792753,304.7917467025195
1343.8730822177963,322.9632198928923
1343.945238481226,732.8282288748336
1343.96844343043,641.6499626092588
1344.0957203881997,1439.7417374765303
1344.1742159581952,1965.1685339445808
1344.2616006367111,660.9027378310818
1344.5535352756583,1082.5507157956479
1344.7892104628643,310.178357723615
1345.0514474530044,1185.5289928004845
1345.1353256691857,473.8874236565764
1345.2794174123424,358.9361585394673
1345.8026133082137,270.4537500322064
1345.977690384728,3534.1413820938456
1346.2871042620577,535.802838167866
1346.5770552638471,322.05335943975564
1347.0026044532387,749.4773201436744
1347.1732411496628,414.1134130460941
1347.2829713058484,274.1952233749096
1347.8242408678589,1298.7002042639817
1347.963080896259,357.7343375225918
1347.9957668151103,1234.1149734690132
1348.0756104022478,1274.4513351154906
1348.1601758720294,355.19847309395476
1348.1926572203577,1153.0446499026923
1348.252381987473,1391.4314530697247
1348.3715103932434,676.759024512182
1348.4986654062038,310.88692642174277
1348.5490514821656,415.5454027242307
1348.586696873625,422.8649774871008
1348.679571793515,307.3266027784931
1348.798219683967,416.05564616234807
1348.9222258549846,588.9941300892726
1348.9686590661017,471.6935977718626
1349.0037112096957,1103.3032278603712
1349.2113755990101,1743.8543018720338
1349.270216366705,250.93363919748847
1349.2844789344167,1089.8755457522752
1349.3656874352116,3535.8537174253643
1349.5287130009558,444.53977757298674
1349.624623140407,412.12714394266817
1349.6480529931102,983.5971460210449
1349.7265772661215,586.7016313902463
1349.9454292918224,1357.5288488334334
1350.2386979750038,532.6251342715652
1350.5117481967197,1014.1676069184044
1350.6247508247711,387.1616598336147
1350.6491723332556,556.3190687727292
1350.6968356281898,295.7539780624396
1350.726556291021,542.6520844745233
1350.912083672951,280.93429778784565
1350.9398339129486,1242.3269764114398
1351.0027635460294,306.71581282563994
1351.0349952554568,463.91377157653653
1351.104464047622,373.82936900697786
1351.113214540452,279.6452186196148
1351.2984961299792,272.3167369096594
1351.4712406647936,780.0191541283814
1351.593760923971,1394.388088356067
1351.8481149439233,372.3303937523251
1352.0601511004818,400.3380664741646
1352.1193267604212,730.1311224818934
1352.2739822154986,401.3119078390009
1352.5076588921631,387.3831652021568
1352.5898665213654,346.23911886274294
1352.6761102828102,399.6286530925838
1352.78042586298,1294.7843548548483
1353.0192264086168,351.3580854445361
1353.1151400538406,534.9286142498105
1353.2713706550433,987.3914039151597
1353.3288449981144,391.6490332974849
1353.4589361055305,356.9959180573897
1353.67621177788,306.1875216448432
1353.734693779519,287.08303521137
1354.092756904091,398.1696161922219
1354.1730064903138,287.653357389848
1354.188722383887,868.21931568803
1354.196538509042,331.7445219280764
1354.2373134540044,282.180058304463
1354.6027859441579,496.8803379444668
1354.7058219544224,566.4057988363295
1354.7857880569068,254.27893488871786
1354.8918005020553,894.2728978387374
1354.9745001254946,1365.2500183189636
1355.120396270529,680.5719036997085
1355.2796332128223,389.99780971926833
1355.3692889967656,403.05109112913755
1355.4614422067843,1308.3935161608117
1355.8576800863877,1434.6355325737413
1355.9595495391927,526.8210603105726
1356.2457455863093,437.81614659976515
1356.2848847033292,603.0895850207943
1356.292335359424,278.8243554892882
1356.4583844660094,1139.3988610684316
1356.6934502882143,825.998342044605
1356.783977323523,458.63296956321517
1356.8146652553753,534.7418173987895
1356.84231568568,930.968018937717
1356.996975154438,349.5031187212931
1357.118018950205,1044.3244851193472
1357.3150537597976,399.3522102593285
1357.5699342418568,633.4494127747873
1357.6562668857753,846.8559731218355
1357.7531458747721,265.03018823193037
1358.0343394825554,583.3966851562266
1358.0458161158408,879.5954924382422
1358.0945627383737,326.5311636554377
1358.1918643553702,746.4806493227827
1358.1995810699193,795.4936233058914
1358.3213602304672,377.2684373607367
1358.6082127911332,1297.9105497075304
1358.650705315928,349.3368122675416
1358.766502458397,429.4899315161395
1358.7986164719075,317.5478863057066
1359.0168535156236,1952.3235613212694
1359.0442779543016,556.9071707849114
1359.234228159513,831.6417563219039
1359.3369713193288,629.5217074350003
1359.57494377671,738.1897488121015
1359.592726391396,364.9043803333565
1359.6772895971355,696.9836246085717
1359.7501043503553,327.4566840877948
1359.7722713767762,999.6169323995376
1360.4465890005038,470.5616616080119
1360.6350997428813,756.8992634831988
1360.6892517549422,674.6164908820092
1360.7595378282285,496.5408747532591
1361.0609600155958,443.56282898304437
1361.1150563065735,375.06463798225616
1361.2050422249288,270.3943434288297
1361.5259013087125,1177.4743581591783
1361.569542951502,421.271583397411
1361.7661529126867,285.47855356676536
1361.8312726281995,483.7613381875224
1362.0387567659327,338.1992504499377
1362.112081039733,1156.4799883885962
1362.1568279981898,330.2142773164914
1362.576531119433,375.9055494617977
1362.7746752108553,645.7299668060424
1362.9428810595143,677.6406822524003
1363.2213721328449,686.3246029640256
1363.2928017830438,353.4849510467166
1363.7916748446198,254.8474065736862
1363.8598228812837,360.31604338113186
1364.022316314571,404.4003948024227
1364.0839919838743,495.4097743896847
1364.1163035447942,1037.9929413682214
1364.2711467062165,406.10672868545686
1364.5721810996868,289.3680711270454
1364.9269572974229,3007.801046835335
1365.028919088565,295.67433845225906
1365.0835343905594,355.6279092478294
1365.1474211358204,419.0459763539735
1365.1550477291573,540.8440608819872
1365.2160261044244,314.75545619156156
1365.27231732535,300.7642921755172
1365.4170394309235,725.5180071372786
1365.4445749200368,299.0286938819347
1365.4976530305646,599.0402035153852
1365.5517606358928,356.93210289686806
1365.5705030638003,1563.1627128500775
1365.8856741435293,296.6742948869153
1366.1519389266011,858.3437398580431
1366.1776703428059,275.58082415056845
1366.2295720233144,502.0710503014863
1366.418551782852,400.40940741222806
1366.486266571844,918.2736661743882
1366.6280345025712,282.68294589007735
1366.694495735155,703.5528248242604
1366.7129462323262,901.7654026650666
1366.755370027238,759.230413269244
1367.0693238283218,371.566183314084
1367.1703047877836,254.39505232207625
1367.6634947013624,479.75417609522077
1367.81693712847,794.1162962904464
1367.979278200555,1177.7735275851414
1368.0213283896794,713.4400839846257
1368.042745838148,638.176720917902
1368.1324415840459,367.3080984909294
1368.2663483300637,1829.0099079034069
1368.318204468924,337.12172190802016
1368.364738539724,1091.6230854391197
1368.4871439408396,913.5568132483107
1368.864637190222,506.78785102325253
1368.8740861664896,683.7652573027767
1369.0060161314073,387.75414754530544
1369.0643399671808,506.42618974361733
1369.214888234967,884.4073930349117
1369.4601230478827,310.8765194673894
1369.5437714387756,331.6557504838982
1369.571104141063,432.34031487819095
1369.6417828400427,273.997082461089
1369.8673943376687,332.19232596122936
1369.8854055762754,2205.241346555315
1369.8987047528474,396.5690952076089
1370.248365289797,292.18735275023886
1370.4700476473217,617.5244339326304
1370.5330349260646,2598.9956124825044
1370.6271974515853,404.3973794507785
1370.745389564205,1121.206864894531
1370.8168018899512,1538.9408277223267
1371.2994767089924,405.3550699565352
1371.5337584829533,405.81007091448475
1371.5525623714702,278.57547298213296
1371.562287490695,290.300869664963
1371.9218514068357,1080.5997675849324
1372.0230619631095,361.0755379584928
1372.349912486668,1613.9630827395908
1372.361135651902,467.9670652512932
1372.5658511108134,472.9418633643512
1373.1659817970874,253.0228457455193
1373.2043278528847,2184.896750475875
1373.5911853044202,689.7962806849949
1373.7262148788357,1370.042179649414
1373.9135611763134,442.1721179396064
1374.1568936334943,518.9588692129212
1374.2634092036467,547.8806951584967
1374.2804772796267,463.3163075712584
1374.298481020682,420.1926539990919
1374.3345909464015,662.444154847745
1374.6020174584628,419.8951408178662
1374.744656202981,275.2317525635492
1374.809495771713,1149.4723259147806
1374.831228639747,346.25367847388065
1375.0707175927755,368.9260762144826
1375.077735576212,457.8447783112976
1375.1922879847139,664.7239645259398
1375.202556432136,397.76620059744243
1375.2844107002695,263.44540004958486
1375.3353640497053,757.8347747099202
1375.4996609563248,1989.3571342081202
1375.5093553370734,349.8477108611056
1375.5333686380375,324.6167388279016
1375.8056009307281,550.2561208485016
1375.904167510142,378.52927713300187
1376.047260192792,273.07307566818827
1376.072816698999,897.3491090367617
1376.2051524209571,573.2274361860141
1376.238088250252,569.2385554322437
1376.716605670048,1011.5105728541159
1376.7312372775598,1418.824231412235
1376.859396031803,383.4199525632078
1376.9914415887238,312.4715779603471
1377.0323230759996,769.5448582569987
1377.2059851855652,1352.3434387716295
1377.2253146463468,428.51524103252024
1377.2408143795103,450.15440607892816
1377.3563221496593,363.82396266632236
1377.3717432299409,1493.9207487083793
1377.5152382453405,1410.7408778087515
1377.8220016561847,453.6523531497612
1377.9647529729612,443.03485603690774
1378.0738511474005,954.7784127059746
1378.4134723661277,512.1641804388004
1378.4546003782684,423.097098345461
1378.5239054997392,1520.9202724777863
1378.538917651203,333.8594432996354
1378.5583921270388,652.1147526966571
1378.566461863986,379.6592124313753
1378.717829815238,369.38939179045246
1378.8554032485151,423.21838456888065
1378.9018738633429,1479.2064147828962
1379.0371149720115,316.2331068398971
1379.0896271629992,588.1939886191301
1379.1817616083974,497.2249796726584
1379.332074687011,733.8492920580993
1379.4186456731613,345.7528381554583
1379.4402124637727,1170.2816684591633
1379.7364951673192,820.9642781812228
1379.8827698353589,358.12857997777934
1380.0575509684115,1255.8836412212077
1380.150660379149,994.6385263251727
1380.3725304343075,497.2817176897612
1380.4450824297032,831.557650712057
1380.5175576251515,611.6053810740996
1380.7397811962871,382.65942968729985
1380.8483238095423,274.7813933204577
1380.8937106089322,775.2473264576545
1380.9160583448554,736.5309335508737
1381.0655595476355,845.4769808256497
1381.1517852253558,286.402628942849
1381.2742534270083,1816.5007784294191
1381.362406109106,464.21746885920857
1381.4977484082308,2359.462865316777
1381.6563369758715,337.7182405462995
1381.7168113563819,743.8105193817538
1381.8182164426032,348.2451592658897
1381.889833337989,1313.0554392339502
1381.9228019628606,1652.8010471483014
1381.9373965359962,317.1929829137003
1381.963712063124,592.1418570603946
1382.0671577603932,2776.787429177362
1382.1067815115618,262.5258588764702
1382.1613666110427,648.5220714595573
1382.2201833966599,551.1665680667012
1382.3371114060328,2321.5305682519897
1382.4139807639178,584.521598833284
1382.7249238132138,322.24881064931395
1382.7543313795622,259.7048243664706
1382.8082024936696,418.68183091243077
1382.8537828853955,526.4257582359135
1382.8784239815789,251.54623918693002
1382.9161267679629,1404.4554284323833
1382.9862956559514,642.1429588616156
1383.133968567879,503.1129836181097
1383.2193142572635,466.79818137891226
1383.3429743464,429.81147938638003
1383.365042776615,473.75335396682715
1383.4002666209922,448.54197882445436
1383.5067276351042,710.1492103435331
1383.6771213278676,292.8333087744497
1383.717858913972,566.9165725262759
1383.848233909925,296.13335451066314
1383.8637682034125,458.2770472999314
1384.18736939341,949.4031700856885
1384.3322432542393,495.9926387534828
1384.3727865084868,1512.2733968759528
1384.3967727374984,652.5544031946919
1384.4500339075696,564.3763117573251
1384.539504870524,553.189680282543
1384.7138662859988,1089.0475234308713
1384.8571405875327,304.70681662453944
1385.1224911270572,430.2846686199563
1385.1778058776285,2576.3520764198415
1385.5547332375502,272.6930862304183
1385.5798373830708,517.5215161238522
1385.7267327019435,532.0679131046613
1385.8165533784122,378.9284104786885
1385.8443959944013,759.3109487017613
1385.991958994987,947.8468931937787
1386.122967745545,586.5923546382246
1386.32586529866,382.77928204607343
1386.3912719270825,1130.331070664436
1386.4602721161225,857.5860374221545
1386.5478262829847,1746.7790934717534
1386.6524952172438,1385.6435874477324
1386.7085949925681,331.7365717014107
1386.7601759149861,285.2910673489451
1386.7976750178254,340.17060672756355
1387.2672658134597,395.64044663130596
1387.452791408023,375.0258697905515
1387.5816402813255,664.7371723172238
1387.6050357957192,926.9683421853308
1387.620927307315,414.84075024959515
1387.6838182395388,2895.2556273714054
1387.7101272568977,625.2454588943475
1387.7767998119002,741.8181768556885
1388.006351054536,751.4304938660904
1388.0388172098528,2473.7909735637836
1388.0894939074956,712.471652824328
1388.1455834766812,269.3880020772942
1388.5062503816616,448.68230978374686
1388.5573741597,281.42593792227
1388.6586582395469,811.7256397720823
1388.691707866361,350.59262273554634
1389.0516711288274,870.5022116304688
1389.1940699259435,606.6919303559484
1389.2136949808787,459.6017208791122
1389.4417629191155,503.9046076266241
1389.6262602615043,434.3077255690923
1389.7040111316085,519.2620076231592
1389.849510795874,781.1196926185403
1390.033132252139,981.7622685328174
1390.2169654219947,1162.04584529347
1390.225628446356,266.1641122136567
1390.307079693491,387.71680375984175
1390.4524070386146,359.4868737373676
1390.4784735049034,981.3909519763192
1390.6093433508497,573.2222961405441
1390.8165449041514,3187.942080916165
1390.9201630008283,537.7534388228208
1390.9515752336833,631.801878368999
1391.1119859138648,2562.132545218857
1391.2274679061325,361.21865760663366
1391.2979962919433,298.5300604925163
1391.585193880268,563.9581697202434
1391.6921745045656,941.3972635371512
1391.7728202499798,999.2891668742352
1391.8950570831453,588.2374882660715
1392.1101655196026,256.1198966418946
1392.2614629047466,410.34541737518765
1392.2961587583086,703.5775564141021
1392.4349341672578,385.545327033229
1393.0261328380516,262.92479138633934
1393.2490556850232,299.7369723077029
1393.620023208314,1349.8109469302015
1393.8262862380009,554.4777527637343
1394.0340983223552,512.6541046921125
1394.2403304461318,1252.4477792992905
1394.3323947366755,271.49570147067607
1394.416828186173,887.7382503118768
1394.5465918775715,331.3962773794952
1394.588814939408,675.0564777826395
1394.7200400117297,1736.7827180955787
1394.7427814027167,339.38688292551757
1394.7522147785355,287.68033145034906
1395.0752873400077,1189.2004902206593
1395.2532720078727,471.025504487051
1395.7287092622305,343.21856107793315
1395.8542253533276,1068.641694528136
1396.0869580933042,276.9806619390494
1396.2190963503513,1420.3847309974194
1396.6537440835432,2241.510970858523
1396.661929270167,498.74198181181504
1396.6877920360523,290.3283601144867
1396.7606534312374,436.5262727750448
1396.8719683010565,505.13780019565394
1396.936203084619,448.17643913235054
1396.9510914282496,1925.67211648679
1397.1101961042139,668.6143027507703
1397.1313302068374,333.5728843147092
1397.2764265854773,313.73023040794374
1397.3156031096173,962.2119489488591
1397.3511313470535,319.4702436242455
1397.4353343389182,935.505328185692
1397.4802466982464,1735.7249605666848
1397.618136677501,379.06593459649173
1397.7920334329367,838.3891411946622
1397.8046512953886,262.54737837339644
1397.9304406020974,410.39662531530354
1398.21822357685,622.1127555083392
1398.258091975771,614.4608839945405
1398.300178606874,331.4986460740428
1398.3381492937144,605.9635652192211
1398.8224385919866,292.60831441382174
1399.2467406900482,551.7104445632663
1399.4308433012266,910.3073616858345
1399.6318520004604,328.6195168750199
1399.6743670848025,392.85746607590005
1399.9217381892468,476.70956646737875
1400.0467551965478,258.98568055455456
1400.1185285608624,1828.4685871063136
1400.6300110956142,497.75654345296783
1400.8785095222113,576.9169003880727
1401.1831331192209,464.89266072746415
1401.4511998158357,355.1839232498284
1401.6008549137305,448.07846629340327
1401.6089573212214,715.8281285376273
1401.641956204554,655.9750901510097
1401.7511296351627,364.4548583922571
1401.8217374476067,530.8051424227182
1402.021949623751,394.80100161350043
1402.0307065690351,295.63164088326437
1402.2404458998462,468.106365731961
1402.322170946477,1376.2627046854086
1402.346033866793,404.7043243293922
1402.5463215008415,764.0938013712367
1402.7989574488095,521.1871693728164
1402.9840987180921,987.1205376194504
1403.217347705708,266.5973525693014
1403.4074600489334,2035.0459957835749
1403.6721002304344,543.0976190451671
1403.7359208196406,317.83569194199816
1403.9503695283793,506.4166955316502
1404.0502778710224,661.1783050619772
1404.247297515818,322.412769472078
1404.5563501355775,505.6065131723111
1404.6561701102978,718.3781309404309
1404.6704624795887,273.7084698412761
1404.694222193555,795.5612303334079
1404.7248531711436,338.03104657145303
1404.7863299394644,694.5258418608705
1405.0269080159883,376.7022077155357
1405.1572683169927,1672.2795084997479
1405.2788697866413,2013.2981884201122
1405.698300942648,1862.2653848475131
1405.8267249816731,409.1085626459765
1405.8498551980126,530.0039060429046
1405.8588397616081,572.6025363777942
1406.2193618099368,556.7610684775404
1406.2346123942011,323.65132565126055
1406.276421069035,1466.3906278123736
1406.3711870120674,319.68589889474333
1406.7609474173817,462.9894185859778
1406.7714626488169,286.28806244959617
1406.779384497349,296.976485807873
1406.7909747826307,1000.2697917448542
1406.8309813248209,1254.0398536925338
1407.082601637874,982.1953694807135
1407.1432993179194,839.0161369602758
1407.2209558062018,252.291688358946
1407.2517797517962,534.7387456980254
1407.5770908234422,265.06136069142644
1407.8445349059436,273.97909180770006
1407.9145110614284,448.23327942129936
1408.0445788631114,261.4138685310498
1408.055404628504,313.50216974349183
1408.2182781881925,384.20955364785345
1408.3667660143562,829.4397613762454
1408.384060287505,257.3406052829568
1408.550108762375,412.66442294919636
1408.6418908172814,1369.773162044545
1408.6672588835033,366.11489292905185
1408.8049488718627,625.8461681507453
1409.049213489267,352.1906333130295
1409.0746716397796,464.1199274006765
1409.097586791771,1173.1941269645658
1409.2053555667742,299.45613103497186
1409.4996758049656,330.20074496641365
1409.7492022883266,263.17507907888046
1409.8588925437352,624.0305280073458
1409.9787245089099,458.60185248824774
1410.0258023727015,378.53587764601195
1410.1643482442682,446.78705304816026
1410.4116199565115,815.1499608834247
1410.4701044189103,480.19443642990296
1410.5090358139948,276.66143080273145
1410.802269743631,410.65363744179086
1411.0748166851158,272.13629724229014
1411.2262952571944,1185.810881616771
1411.5184169021663,385.56340451891845
1411.5267522605022,510.4137227108466
1411.56033829385,1147.5847437257069
1411.6867425591709,637.7800896241445
1411.7744480633062,918.6264465824265
1411.837496109864,420.78155185287227
1411.864958568397,1588.6420761461939
1412.1429832332708,830.4235024324709
1412.3871535086607,379.36738193180946
1412.6337764450889,742.6360294646944
1412.731524762054,327.9625041785638
1412.9214858181494,250.27192021003572
1413.2276164254226,586.0387021008246
1413.2996668816738,1593.0694057290418
1413.5782437862724,948.880889382398
1413.5973299223829,781.5917107676257
1413.9728710231834,268.6245678736702
1414.0116943982441,250.61415678088466
1414.0537035158993,338.98820035005673
1414.5556646049854,314.87944655122146
1414.6900231552672,1295.5114413418155
1414.9020066856133,1071.428722434267
1415.2811750093665,561.6709545491648
1415.3011615494552,284.4475720959339
1415.4961929289436,599.7512687925132
1415.5073395371076,328.3638744869695
1415.7284526195776,264.43592844804897
1415.744328780642,350.01205658794566
1415.9811607050244,1839.1317642292584
1416.0713596375451,427.5235256089431
1416.2837677902025,767.9180027479401
1416.8780489534029,279.6148949771491
1416.933051502164,581.4969693143046
1416.9768690456658,1477.5988897094062
1417.1121367426103,1570.1588269141146
1417.1852957995573,526.9690096531571
1417.2769075363287,467.6793415674174
1417.2901951241497,413.61407810045154
1417.3168982575228,658.1274756142498
1417.367656832958,1449.3746625371843
1417.5748117240068,2244.3272931903593
1417.8153364959246,665.5510178965052
1417.9621650649003,358.6678588236639
1418.1131807330762,520.8137689699258
1418.1317358541723,305.11594486307223
1418.3591870625166,277.80620538618115
1418.4183683160377,303.8128531888152
1418.5046207376338,645.5846213438883
1418.5298226516845,563.3019315167129
1418.7235065929256,400.5553649455907
1418.7562828389543,383.60653624272317
1418.792460884411,545.4752482120521
1418.8194354339325,315.53754053413167
1418.9372189806143,305.13192542488764
1419.046873009807,295.2777567588026
1419.0910730967648,2043.518510411415
1419.109437579604,709.7560255295579
1419.6749715672559,915.7922864734924
1419.6893126826692,1327.4431925759177
1419.9566002384493,1049.155454818411
1419.963810707341,531.9156989619065
1420.188052989485,322.12672952787386
1420.3517269534768,520.5699334181937
1420.380445702802,1399.5065491496932
1420.9002374085273,806.6883796608865
1420.9173587081748,2647.4427364406606
1420.995915268941,1485.0267921116508
1421.187427398362,908.2620436202934
1421.4705620962288,1106.0987241675223
1421.590235220929,281.77998188568796
1421.8915411445162,2234.892022498605
1422.2720345594003,867.7340590659953
1422.335251821114,2125.5308452006243
1422.35498816046,337.5080150843974
1422.389687454108,424.48779574158704
1422.830833033815,405.5683509894329
1422.8598194456047,370.8366336423953
1423.0056732153228,383.79734998872
1423.0780034495347,1908.119898674774
1423.299703414417,344.21353516921096
1423.5171249319671,265.49651973031763
1423.5627229569352,1145.4815430351919
1423.646912469726,1097.4462359534448
1423.657625629925,1340.0247649678622
1423.7059614955754,784.1112908901268
1423.8587915830376,1053.2082711705366
1423.972463472267,756.9089175693484
1423.9902553533366,573.9953766600494
1424.0290886379673,1036.509606142504
1424.1265538946498,411.99774722135703
1424.2100198377748,1084.9746459459614
1424.4563697524734,505.13233731223823
1424.6036264061647,767.1519913440865
1424.7372076871654,566.016740518065
1424.7574027314388,561.0902776849913
1425.0273464876698,811.9412341944726
1425.0448023806416,351.56823942523954
1425.1067779408818,346.22020155259827
1425.1569567436563,1464.1608654267045
1425.1882851596383,820.772665698126
1425.3261789243668,254.67348038005068
1425.7206983378765,846.0345592235168
1425.788321450204,2109.6393071537877
1425.8405328185004,1149.7542741150132
1425.887636483295,612.5343620375412
1426.185387773125,251.60461165323179
1426.1952567289961,784.5518326280452
1426.2775021018742,516.2315054053083
1426.3460639521393,254.81892442825824
1426.595734408247,1506.828781574668
1426.7793134413128,277.26850208503043
1426.802059432874,374.3581251660112
1427.1498269155686,629.3721255823699
1427.3800999775299,393.96430362092013
1427.3933791331133,573.4373756821204
1427.5948918201873,331.16036412637703
1427.6678289031604,733.4545233606265
1428.0994545575734,315.8277237770689
1428.3664446407224,1286.7632618169114
1428.559911185882,621.5715418009303
1428.6932809869884,756.0139514798481
1429.2072950672755,1340.2330517490623
1429.239513357517,414.1718820357495
1429.3588639797308,858.2487934431434
1429.425170824141,452.5115860021627
1429.4495097541478,464.6005811829518
1429.45726018586,1848.6953268902716
1429.4860581685962,395.35349677144933
1429.699485521027,294.7698463420401
1429.8064231051974,318.8812423917682
1429.9952354018437,440.3935972389804
1430.0159199811378,545.7122005259355
1430.0704059145235,1128.2005016448436
1430.1143088364663,778.8079089536942
1430.1855657478795,807.2645052659054
1430.3486846524986,3239.757523418656
1430.3673895705774,332.09989990532057
1430.4131268620367,898.6239596551252
1430.4972548481107,307.9466031512114
1430.536635849131,694.8975774491565
1430.5460028673033,478.91570266929915
1431.0440788972037,549.606367009238
1431.0676718703808,1457.6543975653601
1431.0920864655543,251.98276748791722
1431.164560985942,657.4617701715157
1431.2719436247985,3177.7356036783517
1431.4448654517091,803.7498304364098
1431.5067274207615,527.7468078076583
1431.8247947123054,572.7679121755593
1431.8421741133964,303.1776654821579
1431.9667480897185,952.1176174487998
1432.111775330883,1488.2343900054857
1432.3119627261976,510.4151323578147
1432.3803534933957,258.81550051333465
1432.524275117657,1131.072566144077
1432.532645419765,1249.7670806539304
1432.6866119144402,308.39202478278906
1432.8247607676522,516.1250027935916
1432.9180913814944,893.3988719210226
1433.1738910805068,2885.8971614677494
1433.3891039640357,846.8208015470373
1434.0155267769828,584.3336951922909
1434.0461817668663,366.653272159619
1434.3455610617614,267.96437166406577
1434.6019468122204,977.4394586285533
1434.6508800393572,1094.2880165611568
1435.0162577049996,336.3215661109366
1435.0504974502742,346.19457799940983
1435.3525585528612,920.4031573689691
1435.49308104364,329.9500840729862
1435.6259778211377,301.58545077467505
1435.77306866884,679.7047365218006
1435.9049603085534,835.4419660621201
1435.9886863945699,521.5451780513449
1436.1426832521634,264.0843871247232
1436.245686673186,368.6826456123362
1436.2642588682218,831.0133708567577
1436.5864021656232,1164.018008885296
1436.7008936047582,915.7115553374268
1436.7875406993985,738.5817403570032
1436.8251674453522,267.41971000194445
1436.8552822787724,1590.9357116853027
1436.8930766002507,396.1686894206407
1437.026922157952,688.6673030499114
1437.1027971897622,310.95949465803847
1437.3284764087364,862.121001608223
1437.3613419142514,1484.3206550485781
1437.4196578665747,3482.7324130820043
1437.4675351923781,300.50749842793823
1437.531172495693,265.92313786223303
1437.7589462016708,351.18321695293537
1437.807967630665,420.31442832678607
1437.92360513361,341.7301009387361
1438.1991279812169,446.16312269075286
1438.3583903824574,348.86085683202646
1438.4055363019932,618.7312682018858
1438.539782163214,314.1016308747541
1439.1379746457626,311.5173145772873
1439.3480309734825,472.0971784700516
1439.6659098251455,537.0436332536954
1439.7854260347178,575.8902064697681
1439.9851073443758,408.2470369682964
1440.051700930661,486.41712263462216
1440.2072111278922,484.36424455245816
1440.2511032186183,290.40123870707083
1440.3634843149648,551.6042736943955
1440.408352540638,2244.395375264381
1440.44043580274,256.81380122147374
1440.6147651793897,1057.4431166409638
1441.0955457750695,787.0038058401682
1441.2217050489262,403.8768770762054
1441.3257980146534,856.8882060334832
1441.4156732288127,290.0150297091039
1441.4747867884537,855.6924656762022
1441.7149502256657,1451.643350744277
1441.787636886565,654.6327723036574
1441.8586413322712,261.3638360961639
1441.92842474695,757.0551589595547
1442.168247306945,549.1783634519127
1442.3151275156242,281.45880370697887
1442.3349038878764,595.0089989757413
1442.3616120691215,498.7877528267736
1442.5108593412633,255.5262128116094
1442.6275799524183,878.5862478968945
1442.6996847925595,814.76142957558
1442.7236636543494,268.70018772381695
1442.7370513086596,367.6632152362286
1442.812935545842,1233.5076021917469
1443.134439674362,441.08253917656333
1443.1518687059158,332.42238336123035
1443.2863250116775,403.8858633883266
1443.3324669289805,879.4247655506888
1443.6130127195343,1629.46857898005
1443.661325128329,667.960491580291
1443.837720174019,260.1399885152519
1444.1051376554844,1075.590571632094
1444.1298865441777,628.9772618132237
1444.224900213304,874.6434251962041
1444.2695560268567,1909.6465942722937
1444.33637161074,620.5905873753522
1444.365940189742,358.144266174173
1444.392532155843,592.1958007795009
1444.5425602290409,720.4964941045527
1444.6356102662141,1106.6801346816587
1444.6859424242343,723.4918516953438
1444.713827445743,607.7633374970181
1444.8348450748074,405.1199485710411
1444.9618319067613,501.66631121389395
1445.1677131970107,953.1736427993184
1445.2181420937322,965.5114456550465
1445.2408617293615,378.91115622436854
1445.3255942467051,2525.1731970633627
1445.4255515404734,1025.879035922533
1445.5076077064696,556.3287752783966
1445.5671898741232,637.6788121395641
1445.5859714386334,723.5596618714832
1445.5941620885453,392.6329120242136
1445.7769638191432,267.0220401818216
1445.8437510341857,388.5286416143436
1445.9618768206333,256.813284477195
1446.1612536442158,704.9483236671207
1446.252523778384,381.4534377218369
1446.2704116309112,1317.5053535269533
1446.4407180849807,431.32949945808474
1446.939029209467,319.64010213629405
1447.03526654472,295.8089085954009
1447.1603919213342,379.57505560198166
1447.2151171411142,348.4959346147165
1447.340933339329,573.6499898871092
1447.4015091727833,383.98289768598863
1447.5387999024513,594.2455636723037
1447.5847706498282,389.44594518898026
1447.6583378952544,1305.5770545955431
1447.7988600562207,459.0949220664602
1447.8462294581004,360.9320717980756
1447.882370444139,809.4495985231184
1447.891555233627,596.6352467917143
1448.0193837237314,602.6650915228997
1448.2298762443802,308.9372132984359
1448.489129896688,460.25596007865664
1448.502676794931,327.3992864799451
1448.6047590824123,391.5621072824872
1448.633693668757,1126.474708558373
1448.770758588434,439.49660983074494
1448.8859535428237,1036.752384328427
1448.908611016756,667.6737240245764
1449.055000816844,898.1782119461247
1449.3430501510813,289.5657918026222
1449.4183440207873,515.2010587473026
1449.5469454871525,494.9463095319685
1449.6776056948786,1098.30915733902
1449.6899913147881,856.8308567847848
1450.1784349014242,957.5461843740005
1450.1986307131813,476.48559570743834
1450.2519493612544,423.17645161600063
1450.2949638286977,502.6274515110396
1450.3497453075513,286.5807503502723
1450.6610289193657,788.9138608318128
1450.6959789914026,1403.9140673106754
1450.7548252768197,914.2826751220657
1450.8802426273605,267.8987833578724
1450.9728717319438,1745.2685034239712
1451.2309998695162,745.9123697034746
1451.25966631116,1387.9538678203266
1451.3411496839456,526.7351176641537
1451.5376811885558,252.43360190228432
1451.5670142384058,495.7772256906189
1451.784892865278,426.03164105241405
1451.9140084989863,883.2270364765757
1452.100572184898,1100.1993500470276
1452.109100175649,347.0006070784626
1452.1165338884698,589.1857244388004
1452.4529521106797,429.84064491134717
1452.7066897769437,812.208704594359
1452.7158245532303,438.410228092215
1452.773746508797,751.4343449890054
1452.8882525286815,421.23152569382313
1453.0365093217704,406.43799514232677
1453.1756599408668,997.628520776511
1453.2631707963155,310.8956055649457
1453.3797275322745,1138.422726664521
1453.4391837548935,439.23308744096056
1453.5898284147734,612.668494202218
1453.7164421435643,400.0263203033212
1453.9889318459243,304.0353424941453
1454.4411041572803,462.34473813224605
1454.4538618159352,315.49326539420116
1454.5465634197892,714.5355819579237
1454.7146901182423,338.05289514620137
1454.8358799965404,258.084248767704
1454.926829184851,593.9233362514361
1455.086229189235,450.5926947212176
1455.098485998113,322.8390888413464
1455.1063205153616,318.8841102232734
1455.1185612867457,735.1884840488921
1455.2495574791058,777.3103904863664
1455.9978767196685,718.6347599195144
1456.262508830931,649.7588402056098
1456.348226330579,635.4718165692271
1456.4030524110256,325.5218154154709
1456.4368780006073,272.65407783483187
1456.7686918644747,588.8626980868181
1456.7767650431508,662.0950358984044
1456.835075393859,652.8548657146838
1457.178691099308,502.4740701208509
1457.2590089914697,1289.6088371133576
1457.3441646690258,403.5130054825866
1457.4035035799313,362.702059363923
1457.6840348141477,280.2147890694771
1457.7584771828092,620.6236977508426
1457.7784249856347,321.9421321147657
1457.8406307979192,384.58628350375267
1458.020432307351,926.9778323106756
1458.9075837921357,590.5510711460022
1459.1836369553134,2445.6292161034653
1459.399586434519,1067.7784737212955
1459.730547118771,788.2605256480666
1460.0714139705044,398.8528181272448
1460.1122885325826,1068.1412653844518
1460.272681282337,630.3748252924617
1460.4167966323118,305.3033605499475
1460.7623042195708,775.8737256825933
1460.8069751192168,320.3843684534652
1460.8704894359937,296.0761313512736
1461.044181030468,2321.955791667086
1461.1852308039645,451.3807589174722
1461.3321928107564,632.979424440839
1461.3613809891856,409.70188314733906
1461.3887351917313,274.6199005103251
1461.5825152289829,434.6537668406522
1461.6025516892075,826.9657306514351
1461.7376077076367,1039.4863611444757
1461.8553007940068,381.58232953177486
1462.3555554554346,297.2490428045372
1462.3845338284475,2238.0319622165002
1462.568935046256,282.07333487814043
1462.8405515060936,679.5725122419165
1462.8794040244356,467.1335257265744
1462.8949837803589,265.9017054045686
1462.9110405655924,376.1335440808641
1463.0317398131604,306.6445686376764
1463.0884734113133,270.82882759276157
1463.259155455536,253.87194508392065
1463.2728525078278,765.2922084384815
1463.3645616859055,1000.0763639687132
1463.402317829564,329.1792078752765
1464.0129767818978,479.96908310243754
1464.2783543928153,408.0524929764742
1464.2887602001385,418.9007775429255
1464.3159149899018,898.8533701102791
1464.5525952107173,258.8896732648049
1464.7412700622613,1093.6203915903166
1464.928463578679,381.40280113620304
1465.0172143985678,1598.018056057115
1465.075412992312,1014.3712360018926
1465.4196881700343,791.5939499959759
1465.503719800835,476.2037295761837
1465.5621870153193,2590.5562360027325
1465.6261079772896,519.2728444191881
1465.7197681609675,320.3199006034815
1465.8314498117018,1298.8580267560146
1465.9488789851569,1060.4262530288304
1466.0203864450193,3123.687505905524
1466.1608885069434,1485.3945826305196
1466.1859801310836,595.7192063001693
1466.447244082071,444.7983906426621
1466.704023105455,285.6458976353273
1466.7605065935934,1455.8659475478514
1466.8219442238635,280.4652233960499
1467.0266644261053,1008.6626138369153
1467.0888055375365,547.1810425025407
1467.229469014298,327.2944021197017
1467.4371712112518,930.9445552522773
1467.5499362456158,2695.0630657847587
1467.5919798800467,683.5918004977063
1467.8595334286451,2019.2830857751233
1467.9719920444147,582.0329115933934
1467.9866616926033,539.666958037606
1468.0673936195237,954.3907792252651
1468.0769097642246,1595.0069192794283
1468.1791723265599,712.9760526381098
1468.207215985936,1366.3675881659033
1468.2586949522743,479.77213749713235
1468.33533957704,1333.2815016927123
1468.3444099600827,523.4398962014394
1468.368169647103,502.3594146749447
1468.3980614530815,595.7524177119841
1468.4318412468713,609.6277718029583
1468.7297073445316,1190.3325178945845
1468.767803965073,1397.5592911813087
1468.8368428258289,823.1071940496213
1468.8490245572689,384.29756777338935
1468.9180172849137,724.1043667549895
1468.9533734510908,2095.3076580693737
1469.1697676179224,398.4622393977567
1469.2000075084688,1490.813446133153
1469.2292293261428,1367.1841923163581
1469.2566753258889,447.3624306269542
1469.2795705320632,474.3506156478724
1469.3044079855392,802.0608326478081
1469.3345636236204,437.2563936964773
1469.5002293925245,1006.7550419381448
1469.8072318759832,1097.1656140164985
1469.9188956180856,257.7890455959415
1470.0324019859838,653.3718735959885
1470.211059171425,800.5748252539156
1470.4829010503342,564.1540497051593
1470.5039617799684,950.1557153538721
1470.6123021409278,310.96950721412946
1470.695146373625,573.8057588016648
1470.7156022835431,254.1536946066327
1470.8655471100174,638.9682465255052
1471.0139955593102,438.7004977319656
1471.1098460124692,478.18880526134234
1471.2003074174802,533.3660467436295
1471.2441662611036,318.08723717698626
1471.3169304863625,787.5639844946561
1471.5296603944244,996.5872918547745
1471.6409690241555,599.0600920099574
1471.8360367026603,286.90767357236325
1471.8589179753635,751.5389803227945
1472.2343134691012,732.0977257828501
1472.3280396575205,788.1612156470691
1472.4410943724913,368.91798705895934
1472.6049175514315,1594.1797632848825
1472.708084557115,2054.394548341725
1472.8761510800769,512.0376827837619
1472.9254345233494,390.31084262590593
1473.5170009074898,358.8067175131098
1473.940645099789,579.4358110172329
1474.185739412359,1907.781550189679
1474.3285669764366,579.4289266148974
1474.6070496632906,266.0513673637891
1474.9203312873635,397.05512613950737
1474.9796226361082,687.4591867628369
1475.0301752941866,1765.089944313789
1475.1414681355604,612.934186147132
1475.2224773885932,430.34893902835523
1475.6780860017907,1035.8666267982255
1475.697100458346,394.57666762146624
1475.7494791438626,682.119023730489
1475.8216638154015,282.82020236357477
1475.829671586495,484.82692295576976
1475.8683263488033,2670.283921157028
1476.401777782378,261.9367860206025
1476.4741568130894,440.47776848141996
1476.5565706054508,935.9112406147032
1476.6146537567158,4476.0804426569475
1476.6742087805856,836.0708979410111
1476.9478271730595,1468.9022979246745
1477.0557063256172,1578.9636573178057
1477.1127293380773,490.2611775668767
1477.1677746914486,255.24194762364542
1477.2804530487092,603.662934223794
1477.3530223678142,654.001415014027
1477.4106209099884,517.4557405094871
1477.5704775878708,338.4308948147393
1477.7161385546653,740.2182933507545
1477.9510328520914,1486.1356310781111
1477.976340504313,654.4600033897318
1478.0805054450245,404.26216200855384
1478.1699432571063,588.9683590472699
1478.1961483465734,287.17165401605376
1478.3771223011213,490.6473283728769
1478.5154221960993,1146.2769083876879
1478.5863465222615,607.7507571955492
1478.8943549337155,643.4931856118815
1479.0063481585453,1136.053942372673
1479.0567577581942,411.69184344325583
1479.1958191250817,379.1917508440712
1479.3914441917254,485.0372212975239
1479.4364660083465,1096.2671738439385
1479.4698246353971,1183.5268085786322
1479.6174607232902,1793.0224411602576
1479.7300080660912,1053.2622341913152
1479.8245944710372,340.2399975748218
1479.9206318476042,1595.7453345435315
1479.9635248258774,1312.064351311445
1480.0113330536885,314.03588558697345
1480.1270922972371,793.7564404519326
1480.1647928532784,255.97744504181168
1480.349933043192,285.13009902750144
1480.7339200783642,319.2383103660689
1480.8189313577582,338.51814056483056
1481.2452562607366,1342.2886487945511
1481.3718991594578,1478.6207584564122
1481.5348649944824,840.6897467770941
1481.6064267295415,638.1554021943579
1481.7986255989115,251.93837898182167
1481.871902478937,316.8022858704383
1482.1474731741341,488.771430004233
1482.2586730709431,2241.273769216924
1482.30759898787,656.3922031702156
1482.3399561648644,638.5458125552163
1482.6440136522554,336.421193509667
1482.7356745106545,341.6420155589197
1482.758235538254,403.5664673873018
1482.8076903350834,371.4295459346636
1483.138164370024,416.5254299662921
1483.3772625049987,652.873390597067
1483.713694229663,311.90587368582015
1483.9185933674084,346.67440095983864
1483.9677385976897,1918.5691352617146
1484.1934909837312,1785.3601965126486
1484.2748797905863,457.96357275471314
1484.2871150564379,252.94854605475462
1484.3075829453514,450.1679197901415
1484.5050783498605,1085.2225513886933
1484.563682890465,290.3957081045429
1484.6374343695102,255.16116049826957
1484.8488512717313,635.8730739576092
1484.8677948101817,299.1170380141281
1485.0464532356527,858.7265029538067
1485.074282258479,392.62718846813937
1485.1218401968024,1416.2741235334395
1485.3021486059936,470.26869480142176
1485.3278766103233,324.7885369027829
1485.5430411882876,1430.971688252897
1485.5786602219307,266.2795347589132
1485.767809146157,530.4184119067925
1485.8745188869973,435.27154078764505
1486.0414104596437,1166.0845874122497
1486.2434518593336,265.6247823162275
1486.5437884699886,332.66112407111444
1486.6630047188141,250.16138777130803
1486.6868606009064,265.83204506703726
1486.9233480490864,562.5426050319932
1487.0193198916938,273.1533014626755
1487.1120467074356,826.6617422472633
1487.179198427793,634.8064372358034
1487.1985058483517,1342.7100307693565
1487.4418999197424,772.8411509790825
1487.4624687019545,488.1531978567426
1487.4818810603902,605.2673347566418
1487.4900264142898,916.4491186140352
1487.5021437522696,776.8212795141174
1487.6133097503948,252.17163155500188
1487.8869803526807,406.9698029491736
1487.9312664380955,331.63759791877715
1487.9480317141702,3891.123680398186
1488.0703876728817,591.9154682534027
1488.0844295657353,478.25460271793446
1488.158519782029,401.05612807337025
1488.6290604197436,637.1526099000556
1488.7257933725086,1053.8626918495195
1488.7894065167388,615.3132617467395
1488.929401868062,454.37176719816955
1488.969298249063,453.9728535960159
1488.9924957999772,723.6651352482231
1489.1902709207393,1017.3038872191307
1489.3039773301,400.09021851765743
1489.430163722864,284.0908959122526
1489.4808186465243,1513.5697369425222
1489.5724377073702,1614.4600270003466
1489.641052459151,334.7841142825463
1489.705997483788,560.1372327356594
1489.866204633902,646.8207501222391
1490.2305902915305,559.2617959998321
1490.255213265947,543.2512253344136
1490.3170705212656,2256.1287133078645
1490.499189464541,471.79422469668515
1490.5415523140075,675.720664372092
1490.5729693065666,589.6807856639709
1490.6143642650159,250.49754519071928
1490.78734068968,528.9584157213917
1490.7963024329147,517.0733923003645
1490.8479615848016,521.5448902190919
1491.012236060513,1073.9784704560957
1491.039944042007,1488.414329255999
1491.0530584594785,605.1900869459026
1491.151060906451,264.02319716982583
1491.1662653108392,590.7731307569329
1491.2770386775842,524.5698716911733
1491.5210482005527,1865.5107108895472
1491.595105529031,516.3440494362632
1491.6437351749632,1684.858551103192
1491.7217915966685,908.9548164345302
1491.7805897924259,360.4094125736042
1491.9583303986522,595.2551058976752
1492.0158438663318,333.4002679564457
1492.3417084950388,633.0918083287959
1492.5958735212248,496.3944264483507
1493.2293938611822,480.68620076613615
1493.3290747223978,270.86605715084045
1493.3768710426134,2303.3094518788516
1493.5198796215882,322.66244427794106
1493.6374528386625,262.706909015005
1493.6712720871574,545.2107839753774
1493.8730505544847,267.27029494332913
1493.9273208813456,447.12684093442954
1493.944578477,1353.2521547719011
1494.0725707471686,855.1783703448529
1494.1659915339574,543.7549062071066
1494.2539471694129,551.4600265914089
1494.34584409541,335.55166965205854
1494.3725964518721,889.0377512321284
1494.4651172037607,388.62094636763265
1494.5543268382519,2370.2846999297863
1494.6390160982294,1310.847124993744
1494.6637179591262,1157.952825021558
1494.679014652597,360.9933361216194
1494.743635901957,317.5356536839177
1495.0218823699618,3068.083324039679
1495.0660184397234,271.83614962877004
1495.0784250502907,287.7045747160387
1495.0939063506564,905.7936091935152
1495.1151027950332,401.5400220431117
1495.1485130859733,1663.3649132288651
1495.3136075574664,288.16879107232114
1495.3850167776875,468.4341922931804
1495.756715243834,636.553492907954
1495.779159566606,856.6786454482094
1495.8107184975725,448.55824718172744
1495.8186850820457,426.1770846410289
1495.8587033186232,848.3454156200852
1496.0539515851874,488.50618433370477
1496.1398501970614,536.2650895281969
1496.169521842222,1016.9592515461185
1496.484911854698,339.875088316743
1496.5307418881584,383.1917138604484
1496.5504312018898,284.0545787766447
1496.5612850057034,570.93299932659
1496.802617428483,366.616536576168
1497.0386667858709,389.89765540017964
1497.2004781913809,902.3168579706263
1497.5682519054305,412.0989993820473
1497.6000443498904,451.03700808225926
1497.6168614747626,530.7639349902211
1497.6349049069825,590.2078122757616
1497.6578519083296,1109.1671685256965
1497.7132183643364,1306.9421526364613
1497.814339476062,261.55818289754967
1497.9063615292748,629.6558157953779
1498.0091122349288,412.74990349213533
1498.7173533423893,721.2945854121551
1499.2778471622366,961.2340474402265
1499.3411810894277,591.0848909806166
1499.4733149886654,308.84845589455387
1499.518765636673,1184.5919058261577
1499.5626508906248,534.4409114671805
1499.638755346714,3012.0152796135926
1499.660813871371,832.5114991595404
1499.690948007865,397.9784114308106
1499.8381145099152,293.2152942043937
1499.9593497147782,441.3171819259249
1500.0527616518145,810.2481404823003
1500.0881231256992,2024.6715735425885
1500.150358993908,258.53563318123884
1500.1696861362088,520.5356372444911
1500.5791842602798,974.8715767246255
1500.640328113319,596.0722622777795
1500.690598316234,2544.385204983718
1500.7852058668639,602.6204884665169
1500.8008569713488,1611.0325367206594
1500.886469603866,276.57740789908166
1500.961329067309,475.2750322977276
1501.0788718559209,272.705675784102
1501.390266752785,747.1222660406262
1501.399624793376,575.4338641219633
1501.4104396815435,299.24444268019244
1501.4904831527426,544.0580388444461
1501.503229066725,878.4364485738425
1501.8122559705241,440.00076887737333
1501.8908280570859,1007.5215424875347
1502.0166667253325,648.1619324626529
1502.110766360574,284.9563442201011
1502.281848841354,260.78092085866245
1502.4099935970248,1278.841834954559
1502.4262846294337,2715.840944278855
1502.9491489139805,2745.897069415901
1503.0548699953565,1452.2293165015979
1503.2208992269573,501.7727590110414
1503.30206609348,1272.958497032033
1503.560219834566,677.9346435650216
1503.6111325371119,975.4328754842849
1503.9127905047512,1962.860372795889
1503.9397045932799,2724.458248792408
1503.9566883792254,1114.6296870182343
1504.146564387543,432.17107072434817
1504.2360329086375,255.71809926758658
1504.3726198442587,518.6853460156999
1504.480389833135,761.3973195405466
1504.8977469289043,639.9350780784376
1505.0289917053901,334.24878408134487
1505.1651334333528,825.6859155596596
1505.3358692101335,401.87371665609635
1505.3629996008083,540.0223947426479
1505.380422245186,279.65913216549745
1505.4603660395308,459.1444487783567
1505.6185692638862,434.98873972457704
1505.9090560229185,930.572068107523
1506.5268847464758,828.4630645717075
1506.6826405136253,418.4878306390204
1506.7159325634175,671.4689517833473
1506.7330411337073,293.8273920003556
1507.0448313229965,372.00120068700096
1507.5442489172376,675.3547243354883
1507.6267733435716,1540.186250209285
1507.645954017023,459.2672576721926
1507.6876253737887,359.95696372899283
1508.1755212903981,358.969077248832
1508.4951338911956,446.14921850005163
1508.522881011738,256.4351604198149
1508.5874246565716,732.0166711124976
1508.8706754969808,367.7630112655353
1509.1823302450925,485.44962577085454
1509.4446040287312,575.4191717627207
1509.4672805763519,471.8339746719917
1509.5743315367845,782.9351503340455
1509.6069757406237,327.20448050503165
1509.6532424403001,752.5470254604757
1509.7308411641932,1456.3142095647322
1509.76231830893,729.5652631649992
1509.8891359037887,572.5071807518368
1510.0369028441103,812.7510654510199
1510.0728644901803,748.5239336199348
1510.1698393826573,601.1685830665242
1510.2919138121442,659.242162262246
1510.361536691214,507.9152934919644
1510.4240265772912,770.7433346928826
1510.4647283603863,321.0181417104894
1510.6244850772841,345.2178820564939
1510.6877625955124,940.0663965059679
1510.7441518333349,346.80766757369497
1511.052394964513,323.05389865498785
1511.2058085045983,636.605514869794
1511.2385768278307,892.1761073740436
1511.548982144063,688.2204315933645
1511.612476837166,666.0354615324873
1511.76622279973,964.9680397877457
1511.8302369623618,697.1155776179077
1511.8946439993854,435.06484036838725
1512.0667135275944,889.6030002660973
1512.1860187084335,300.63288255994433
1512.5437170049947,289.6165606810181
1512.5702509659147,1387.1895830090837
1512.7292110603946,863.7546274227133
1512.7640939370842,276.42200652902386
1512.841700712324,766.0438489832578
1513.012172862763,620.5827583609715
1513.1364429293671,355.1526657327221
1513.1990174742089,849.2240633643081
1513.3098384874122,256.08348957166334
1513.4584515460647,325.2118889675084
1513.5313552445239,1160.4350065295002
1513.7626239341696,406.77460565149124
1513.8193988344792,326.15957402095574
1514.054941679449,415.0098775103026
1514.1830743306118,869.2454233564957
1514.4895421853043,282.14641760033834
1514.5190388655342,888.3381194903478
1514.56220970312,426.35006030894533
1514.5702526070634,374.3904967551351
1514.6037489283774,862.0007607606543
1514.6251244881632,293.67185412368497
1514.6952845403312,613.1903054929809
1514.7487051713447,1031.5427901377273
1514.8068793445555,346.68105134861094
1514.871294455905,541.280520036596
1515.1761867229684,1198.2131836045905
1515.2475193417233,469.76321581065633
1515.2611242407324,253.60973129279586
1515.2831819925875,665.6674996869865
1515.3965269626613,282.4619510910448
1515.5611431692132,275.8147023014054
1515.6144692434773,659.6270607719335
1515.6343453896175,758.8984013897963
1515.6927774571814,635.7111081277662
1515.9523663503144,583.6581361437325
1516.166315305016,884.4354720407416
1516.3194904281227,536.1844763363946
1516.456620494758,617.6276243914859
1516.5608910576452,333.43266782225436
1516.7864240786764,428.7438230120545
1516.8288811791992,1033.520472540354
1516.865554857852,419.5565974092132
1517.0246191058577,1043.7263830555917
1517.0932404822042,470.56794505034287
1517.2105115766299,528.6537469465516
1517.2692278592262,1020.8954021245835
1517.3103726623124,1647.8307493482162
1517.6759301386774,505.19069518846646
1517.7707419548062,1260.3794174333905
1517.8137144941466,681.0170383205935
1517.936861751209,568.6807734191166
1518.2192316467958,970.8349362393601
1518.5515598676975,274.0225382367051
1518.6996704125172,588.8946976426922
1518.720728780858,1056.2207012654314
1518.8185322243169,387.40488737098696
1518.9223349529248,1086.433583777014
1519.2047262259102,605.6033971007347
1519.5268795326494,280.33082254417263
1520.0209603960197,782.9302652541254
1520.0656878593775,813.8037565958545
1520.164249801125,1114.2276317635203
1520.401592295174,473.76483983432564
1520.9307342334037,2730.5862543697313
1520.9479440340274,409.84953141854925
1521.101494477768,378.9927937122895
1521.1803612771723,1191.6231248312865
1521.2353976319348,1486.670515351944
1521.2554831778014,498.43870947733745
1521.2681384696493,926.5984732834767
1521.2758202728285,344.88243146131003
1521.398345527604,313.58647565521034
1521.7511758794255,676.185990392764
1521.8155729467776,459.042169055786
1521.852612804604,1632.1766246115021
1522.040788539896,1018.9271687771261
1522.3678547990366,440.03524429068364
1522.4115443482024,321.3698725792057
1522.7079149611138,803.3456216631865
1522.7439590134145,3937.997160439217
1522.7651345426352,819.6991371178149
1522.8039808957474,665.1259454847661
1522.9545017220794,418.1122919785639
1523.034110130313,280.4579118277727
1523.1781588932613,366.1781231725303
1523.2505269793462,351.3520031176768
1523.2618930529254,573.1246795302127
1523.494722460305,365.1366358006882
1523.6028244460626,551.3771197327874
1523.658962727793,256.93451873617636
1523.8527057379108,1148.8101101457721
1523.9987111413186,854.2965263725665
1524.0396426989312,1187.1445302736336
1524.0967897101652,638.2495587437992
1524.5308205038375,264.70540202407835
1524.6507081055609,655.3540186033823
1524.670126312141,618.7428531360401
1525.0169634034046,1545.279830839115
1525.1321297109344,1109.3653540320022
1525.221099383827,599.6917827555133
1525.3789050285193,257.2946120922807
1525.4787217235107,682.1952278788309
1525.5471438425368,296.2752947094782
1525.9722842610188,1090.5555205533565
1525.9849893109222,581.9350777139031
1526.0147056791889,310.11779279657355
1526.105013346338,311.4472753226674
1526.3878501437387,451.905816139396
1526.4492171606116,530.8389147546236
1526.5022459884171,605.0362066188106
1526.6526695226435,346.88301067115015
1526.6828358873302,390.0097402848398
1526.7761588969768,417.94870598699276
1526.8283340053047,1667.9800331301378
1527.5315809040264,258.8576988189905
1527.5675924655213,520.6518630665565
1527.7448667703538,1008.7078706755163
1527.8481718319001,362.2812865783429
1527.8936218854442,379.5066397709386
1528.0778064080905,568.1256012068222
1528.4378931946674,266.32054135383083
1528.6142559605341,452.42272833431736
1528.7392377003773,315.39730847655073
1529.211638896133,313.3917866413276
1529.372480690133,877.8470143195501
1529.464736479242,424.1349696934489
1529.706327917259,762.1812960986776
1529.7698964356243,312.88212525258683
1529.884300640743,629.7702767155916
1529.9543720740364,2122.2820493806607
1530.0293478024307,705.8135264525447
1530.1065128312314,306.7092921637188
1530.290504792024,424.58168231070425
1530.7898772385502,534.8382646230044
1530.869620974524,575.8786845957069
1531.144896420022,359.3934275146449
1531.4882786550797,626.31438029842
1531.6343975290997,2271.7908500236463
1532.0632667249968,1105.1069044771218
1532.0956233648901,255.11375211550174
1532.1209508135141,327.41155042995376
1532.252594272007,944.8386499627237
1532.2914587980856,389.15079844845246
1532.343890031405,939.2682508754075
1532.4465488191358,916.0439764162711
1532.521772078095,1194.2154143684904
1533.0920405608922,1138.1923648843594
1533.1888687969506,271.6255243180007
1533.286775220167,574.5209629250585
1533.502442516418,335.51847324692903
1533.7127991722966,364.4536957855813
1533.7849007762088,1388.4181453729664
1533.9350797684112,396.4016319557741
1534.0446777996062,359.131838732175
1534.2470111217062,593.1412498101527
1534.3497744620092,824.1756765263533
1534.43187511714,662.3161993167928
1534.5612550464566,632.7513739519104
1534.6289667900116,1390.3001045993544
1534.7831261898175,611.0115289198407
1534.9115495065698,425.3104003402456
1534.9693642005232,3098.65178075222
1535.4292431619858,2969.4215582769643
1535.475647983318,1266.776344066326
1535.5626204457608,777.6067923066422
1535.5716832154078,310.2927121573542
1535.7129163635325,714.2101069866213
1535.9628328354047,299.11408023112733
1536.1238688501383,612.2101067035275
1536.1911064361161,1234.767958386631
1536.2163127809788,329.11334632724777
1536.3157195498416,487.0725637547635
1536.3793317782452,275.78149236187244
1536.5921602468754,311.9741822410229
1537.201023389422,1082.2645419151106
1537.3795600444894,470.37737963834843
1537.824624920876,622.5805029536205
1537.8959559530965,1628.0609993960804
1537.9152171803353,906.8702956792807
1537.991577847867,713.3309511787398
1538.1071332769159,314.5401790424258
1538.2356338731838,508.22410909921405
1538.2544284009025,865.528782093001
1538.4635672862187,635.8541259945348
1538.6239761679508,816.1859903209004
1538.7355288227322,2505.59047870215
1538.9074603721513,604.6925308741438
1539.1317908163667,919.7441077563084
1539.1891204720453,539.28925395132
1539.2841908624603,252.79533991461088
1539.3533034279328,349.7156799770462
1539.3680018645575,598.2153360074832
1539.5747005968433,1013.4619640533945
1539.634178574721,558.6390469420556
1539.6655849355454,994.729127018621
1539.8267504625144,279.99864439080335
1539.8921107128588,342.8514463814703
1540.0186569271427,1898.3977824741953
1540.1338502520077,423.51425134024606
1540.1996667645813,1077.436832709818
1540.5097855841614,717.3668357490292
1540.6125566265375,466.7298846502394
1540.6371454805032,1540.5147092540337
1540.88272494898,1486.110086518804
1540.9927957723003,333.1798275062915
1541.0642206981947,2473.343942505347
1541.2017895893553,415.7002756820719
1541.4642771710137,390.79798313040726
1541.4938325932696,709.9134764182277
1541.675677989346,303.6601131718505
1541.8710600805364,445.6174329202801
1541.8896078785908,777.160901420189
1542.0069247490346,462.6716100437395
1542.249127913675,385.13456303625543
1542.2577809707238,508.9639282951546
1542.3486494910885,361.21492901745376
1542.582864190704,1270.3278818125377
1542.726635346113,885.0638474217557
1542.7568487655678,311.0139583712802
1542.8116423290514,307.94155606722654
1542.9714801172174,1254.1993874815548
1543.0150700705317,628.0020966517897
1543.1376292805446,296.1152234871973
1543.1477411861524,436.7420749735987
1543.27060654865,321.6192682923013
1543.319388058146,1219.9828734309697
1543.410351043438,267.696692908182
1543.563221970042,440.45820299406535
1543.7294494339453,305.73781394470024
1543.7414803917695,829.2018420634861
1544.016751387545,890.7232762089322
1544.037889579987,524.1188364789967
1544.0520220696164,443.72703910181923
1544.1556557968602,509.36356873521123
1544.410713139366,1384.2389634028527
1544.9755065170355,1492.545860812965
1545.2061285211787,296.587847120258
1545.2336500754463,550.1560242297182
1545.2744649378142,420.1395525021113
1545.3133223782522,654.2845724607
1545.4449304749655,676.4626956414439
1545.537426090198,304.18726516684876
1545.7994714393449,896.023076176396
1546.4936152607183,267.6078699262917
1547.044924125341,2402.783214394136
1547.117264957729,369.10652268237857
1547.226097152476,867.5944803588604
1547.3077857694013,470.41656388769644
1547.58133596234,464.09410911191657
1547.6528671775397,1463.2279311616348
1547.6902243303953,1265.7499454081376
1547.7081675160357,526.1038130058002
1547.7363421796038,556.7330871931933
1547.7607183721798,977.9443913582617
1548.110834537929,307.91382947091284
1548.1233073471863,561.2991221704018
1548.2301589840947,1021.1763856138563
1548.2576215216823,1347.9010162891636
1548.3822238486591,297.4092525368259
1548.3995912654586,1513.235008636197
1549.1416437458242,419.4213130947679
1549.14973344168,2487.8327958948566
1549.2475658577935,1034.5444808919676
1549.473818566578,628.2052024979344
1549.5122042314456,317.5575688864426
1550.226139177731,440.2880906978111
1550.3786774174225,1130.6101937102999
1550.4178572934104,374.67347869154327
1550.5106964820288,886.7442319918946
1550.8248399960676,1099.9439927399094
1550.96902551161,361.6190756487142
1550.9794934057795,1488.7266421716326
1550.997620814861,1853.8613282582817
1551.1467330869582,798.8577522658384
1551.1731012812643,335.8538273633517
1551.2523208461555,583.3263710636123
1551.5138595014837,463.76400675964555
1551.705115275467,458.7327025988606
1551.8984799673176,851.6973487850056
1551.9342233240748,434.98355555155
1552.2406133382804,2416.3000313564594
1552.3025349449497,2175.8587554777764
1552.6283627156183,362.99121797427324
1552.6531828645534,600.6604114107148
1552.8554175233435,427.64044054931526
1552.9795275459112,1109.1472688905967
1553.129725725861,1017.758288075164
1553.2138052704333,471.33617056307213
1553.2638635672492,711.7362976622857
1553.2843605818061,282.36090590801507
1553.3908449982416,288.3921210867096
1553.583560982205,1037.9782663682834
1553.9143616307729,476.05770504339944
1554.2819006353147,1523.5241123830929
1554.5224388674324,386.84824282983584
1554.7059619578336,306.98360554352746
1554.7565251947526,581.5199130919735
1554.8749486723605,417.4999779391765
1554.9169662531415,1264.2459970995103
1555.0074962832273,487.5132466013266
1555.0995443878205,1521.4051793894178
1555.2146666814504,356.35350916597577
1555.593824082192,292.35670466313746
1555.6624441326871,271.0371943445642
1555.6983248703818,520.471952325113
1555.737045451086,1539.0660971167752
1555.746843164384,328.06530468553103
1555.9608931197827,427.0701199195638
1555.9844304071187,1923.118227274289
1555.9977932895056,589.5466510962658
1556.0714603817803,945.0285318051899
1556.1950349585331,525.3681578944463
1556.4795883885658,1154.508716507729
1556.9097146488089,411.4062151949769
1557.0378479682774,782.3289325808781
1557.0738353079525,437.61157169122527
1557.1249561750408,3441.9299089785854
1557.1717071115463,255.46473892750677
1557.342581185647,763.0689673887059
1557.377044616142,1311.3564073603284
1557.4726383738555,2191.2164963173454
1557.5272145080335,412.94570066522675
1557.543878437396,494.08202212739747
1557.622114754907,370.55231376250987
1557.7126760092067,256.1571510903594
1557.7841746191255,784.9416962020119
1557.8352934117254,1242.0609443426347
1557.8985518321153,303.7449366367675
1558.0063543625504,306.22301756532
1558.019667558382,288.626391192431
1558.3569791210762,1911.9324265681084
1558.4035433392312,602.3172542402394
1558.463888428685,336.5827920490747
1558.5323975342478,290.555612244158
1558.5596914095001,620.8649648051663
1558.6755619686155,436.16146059364553
1558.793828492419,2310.1991946468675
1558.8346952783813,618.1644092451708
1558.8482055277248,289.4348903472374
1558.9749197638394,1689.8635276468099
1558.985983236083,1211.9806934162834
1559.2975283238636,566.7897017007342
1559.706486959257,660.9966767326606
1560.1121954617363,518.9478449844319
1560.212855748807,321.54210903311287
1560.2458112489535,1177.3983349230673
1560.653823166438,484.2900187161617
1560.6787303904323,592.2237079010454
1560.6904983655738,665.894801022544
1560.7225894628007,539.5187987064205
1560.8861590063848,643.4415246193835
1561.7363632944512,1094.329378255553
1561.7467642911213,1767.1007938766274
1561.7951542991952,389.433193362192
1561.809272750531,250.4645188109111
1561.837050125542,412.94686603574974
1561.9727393346973,404.61615501190244
1562.2501003459088,374.8426087883251
1562.3709419837546,655.1177293016933
1562.4674761758595,1176.6340984429946
1562.5287982181117,627.316685145988
1562.5377738039638,459.0450509190229
1562.7046894822736,634.5958273487619
1562.8201964982422,2538.4476904481185
1562.903119644854,533.3603125870239
1563.0809922442727,414.4271725323219
1563.3772727451715,1358.1077253464105
1563.4445782906284,250.43521719332128
1563.4778946241204,658.0884957051671
1563.912227894984,1762.9039350323421
1564.2628576930435,464.3253914606019
1564.319451089946,1226.2644481114396
1564.373549729459,810.7589801175221
1564.4772456224523,895.1246768859736
1564.5611468454,400.0317995748057
1564.7710960037969,739.9113021956775
1564.9515022539254,741.8310474448849
1565.095140444794,375.76466056701645
1565.233322860495,967.4750524429846
1565.265302057555,696.2252372246256
1565.2840750971711,1035.1502325252775
1565.3929718656648,393.6108736266601
1565.7077790812261,2534.346374169066
1565.7488033511463,543.4125854161255
1565.828934584693,320.43794488598695
1565.8702234571708,330.34720119687415
1566.0504058513152,1011.0642349139156
1566.1813223148401,390.02880839406845
1566.403623721049,452.2900599381952
1566.554242426269,275.6786425094498
1566.6805485322916,271.8284415671343
1566.8587637400506,395.11541762527145
1566.9164717006313,414.89850004032917
1566.9548030890048,309.5334394184383
1566.9631276206833,764.7035868575929
1567.2829043197682,996.4082358124656
1567.360661009571,524.7722645724938
1567.4655952707449,273.41556651778234
1567.7885151569612,1000.1369126996475
1567.9286430599905,379.6154027104681
1567.9956600538283,1118.5226319664937
1568.1605417814562,719.9968854511139
1568.1758159609283,1576.9572659783767
1568.1840974239349,534.4614594082238
1568.4067712558592,564.8494699921507
1568.6396998584364,465.03368210329563
1568.711031329472,431.67487006089857
1568.9420407983123,1201.6814537883738
1568.9838103108655,610.6025274800222
1569.0390707976821,645.1813244962802
1569.280893655019,261.27429820756885
1569.4731164386233,999.1982240397357
1569.6814701417377,258.1809647478989
1569.955211221445,1159.6992608517742
1570.2611378587267,455.1906733017078
1570.3040926323304,395.2424747078903
1570.3746618119767,499.5284466558425
1570.4290141509641,540.2949436283109
1570.4415311923756,1126.3862611171967
1570.627145132395,1292.4713096229768
1570.7491344156922,657.8246395183826
1571.6566481318496,2072.8212526681755
1571.8288735041456,514.9415363266246
1572.0974735937234,1421.6383900665053
1572.2228157353898,1082.5856494063748
1572.2366772308508,386.01500464841905
1572.3479052531072,765.7966659580386
1572.866332783622,268.42233773397464
1572.8891851492413,609.1646596769478
1572.971424891081,798.6846075231575
1573.0532927646116,3669.052904491654
1573.0835756833533,482.78307021140785
1573.1488788664728,811.598998084964
1573.2136307482915,1498.9160714644233
1573.3177866554872,465.3611103663434
1573.4103420929061,1271.2411498849497
1573.5440428252575,270.52937971766187
1574.4604050954263,4615.421699786663
1574.7918477905466,1052.5667031326861
1574.8153436840287,293.96826076737545
1574.8490624118817,263.77246497191254
1574.884801889775,1348.7402021877838
1574.8991189158576,281.6092178923613
1575.1101229062501,403.72131119289725
1575.3881177480282,298.7962121978576
1575.3972337894656,324.9375197014693
1575.426734594303,342.26299531619895
1575.5170941997962,372.0179001454397
1575.5350515042346,387.9570596742288
1575.6029747913235,635.7126335115934
1575.6675283234047,549.9113646913397
1575.678501616632,3785.357450605208
1575.7693999218175,300.545139403685
1575.8060570834198,966.6736010441795
1575.9039291919473,2244.785354020578
1576.213965620777,398.0723114954773
1576.357724645331,277.1723837650687
1576.6063220931446,1025.7893240097485
1576.7069568392078,335.787390071576
1576.8323193391032,302.44456541890406
1576.8486220207885,431.45049313780265
1577.0413018934644,555.0522720377384
1577.1143118220552,331.5695307358214
1577.399103667302,336.38619681243796
1577.610692022419,1470.2639098949962
1577.7144228469556,438.8396468924908
1577.7801724873314,441.96538132079183
1577.789485004248,502.229182940529
1577.9108548870731,470.681290466101
1577.9832531320917,415.6900363255208
1578.3091154573146,1011.560126799625
1578.40240578477,461.3998087591693
1578.4646056779538,633.2684397522356
1578.5035134844104,612.8193313704646
1578.5458961257762,514.6370849891022
1578.7717965831146,907.9256834962841
1578.7979137748985,832.1410980508887
1578.9674654200362,515.0769139620531
1578.9942035938282,397.347255706194
1579.2959906999015,653.932080303226
1579.6789860834485,2201.0965985991083
1579.7202345194473,805.1714069309677
1579.9625076964896,325.11856679383567
1580.0066876749431,2251.4208428104857
1580.0355189785673,380.54283431341514
1580.1051251557071,511.450889309014
1580.5423364736512,1661.1825459660954
1580.6879336698757,257.3767883966292
1580.7006247938486,2112.309473330137
1580.751920188241,353.17597060879683
1580.771625019263,301.7949319973835
1580.889983554001,846.5834518365114
1580.9307359980883,438.9709223819662
1581.4411172075322,268.7623851598795
1581.5182296842434,1173.2447788507366
1581.6340021323842,1369.861083936385
1581.6773878156866,455.5600929970977
1581.8564619609635,691.4996030573026
1581.959018684383,785.4320377879171
1582.5632433558085,492.6644470666942
1582.7067426948465,1471.974301082603
1582.7384108470874,1059.8300351160208
1583.0573285063997,746.2019817551607
1583.0745986297457,330.7323969083217
1583.101097671892,541.851218020416
1583.1782272548744,575.4040829829722
1583.491975073484,719.0604106645528
1583.552159999252,959.5829041758064
1583.6365337333705,926.8425358691482
1583.6668688045897,420.8258893947681
1583.703970255616,1291.0142772639717
1583.963694042711,2087.7739230918505
1584.167080147046,3035.3509251419064
1584.2390718963163,355.7184866778245
1584.3226371310343,2056.4642350793347
1584.336880409983,505.76140462516105
1584.370381418012,541.0715670352678
1584.4585474253943,1051.2280428771278
1584.4832021785594,328.06157609532653
1584.5784198791557,402.553389427258
1584.6009000947722,1016.8383677546475
1584.7070406191226,1223.4718827182348
1584.7616923331182,581.0628220975398
1584.9968382812956,1266.4350558720582
1585.0300731182776,443.96806623816786
1585.058610000761,509.60874293398865
1585.1315788847985,304.8481490733663
1585.1682535307477,536.0996898298449
1585.1942373274303,280.9562595553184
1585.3376516367573,253.2764226981507
1585.4680957416183,930.3917740328252
1585.577027942567,1145.0552656458117
1585.5976593920886,359.411796260439
1585.6968692100563,1742.8955220264163
1585.754664682023,642.4240962029962
1585.8611825309479,303.63989986223413
1586.0522205741684,657.3367735033297
1586.534870077155,908.3977919265798
1586.5686993174995,446.5929481706964
1586.8758546262877,404.43585265533676
1586.8867068827485,1439.259657011623
1587.5326215462717,547.0363323938568
1587.5842413330429,262.35543619736154
1587.6554777303743,958.2511424054372
1587.7325888875464,433.25149084731316
1587.8474291454934,1024.0986467867856
1588.048049252132,758.6329485894485
1588.1717853334726,392.72327687104683
1588.3884560321358,259.5108953749151
1588.3996185316657,490.7927923354151
1588.637060870868,430.4470690430742
1588.8974995136596,526.963198187904
1588.9358008449262,779.4708812184948
1588.9563998294825,505.81786806969956
1589.0081534637002,909.0598926652158
1589.0575374137002,517.532272062349
1589.1617645393583,1003.8796213461901
1589.5718111374977,354.64759700044823
1589.74652285152,848.6885402587108
1590.2816481246798,865.9771569854314
1590.327732966665,275.1462775365695
1590.8221515152584,1453.9556282233766
1591.0634977053837,360.03697107730994
1591.0939100342687,618.4602467034716
1591.1560816327901,2542.4902049678576
1591.2989173039941,396.18127672564526
1591.3077389761204,288.94293658745795
1591.6858594735857,1416.560850284326
1591.9595031679244,327.57117531659964
1592.0731916229045,306.7677402534403
1592.2366210693053,331.07234997130826
1592.280417072015,314.17852804340225
1592.3388818287976,566.2094037931256
1592.4806050941,2266.6541540302187
1593.3797430001116,1167.719794534626
1593.6163069702127,364.7438697273208
1593.7040527458148,454.310362186009
1593.9625658958792,802.5250591922699
1594.1433909098926,295.50490130607267
1594.2804358945148,667.8106628587067
1594.5286721985124,972.09664646618
1594.6151520203455,380.97572700889344
1594.6840754409295,451.16960646249674
1594.7063284110395,364.43427979506976
1594.7960927959784,288.2841021589064
1594.8748577720226,465.3923732903894
1594.954011586327,343.0707442703098
1595.06723893612,400.5236859812893
1595.0771460574822,948.5819401209716
1595.1009007634666,397.36011222769207
1595.7049979200183,2104.126326917918
1595.7266499024254,894.0297396032805
1596.070226795727,1302.813853447961
1596.1503415299157,440.44861936510046
1596.4135841038674,2115.7854782173645
1596.4957483909075,1877.8045892344321
1596.5254870375925,760.1464459147186
1596.550207924319,972.8068850265761
1596.5998806922319,285.51943475318444
1596.7270714627416,495.91493259520917
1597.0266029861189,3789.0112348941916
1597.0870683387768,1463.1897205364392
1597.1065636182407,304.7890729350074
1597.1475702313462,2018.5012224818308
1597.3046592853416,318.9293637829521
1597.3903905992324,789.6295459525031
1597.4085401059515,466.3410216526014
1597.5173187823455,3263.0479660280066
1597.6296716288846,386.51149709855787
1597.7148130868684,695.152653956233
1597.8692268433053,1431.5022353017462
1598.2399180868972,1953.2809995561645
1598.483653031174,1073.8646894408935
1598.899148466358,434.72543976935026
1598.9445709092608,990.7221239533023
1598.9870604867426,1621.3527308087944
1599.0382147917098,977.2227258664178
1599.0785052542253,279.2530110060996
1599.2509929354908,387.97958495297337
1599.4700237168415,947.2364412540503
1599.635594451129,1350.0135830999827
1600.301732526167,394.679163793463
1600.4032970354872,562.3030476233349
1600.4163224197746,413.0001061947071
1600.577493060708,1092.0521621587998
1600.6132298357468,1569.6312058369697
1600.9671044055108,410.3299300221599
1600.994994178543,732.6170501705212
1601.071184545846,3251.985579205302
1601.1225203969975,363.52042553795457
1601.1855383864488,260.17698719959805
1601.405979377744,416.89904008605737
1601.4555153819313,257.25398414214425
1601.4977559572444,508.60361709981726
1601.5350778605014,906.8933782815307
1601.6381632821508,332.68716670900244
1601.8821582661465,482.04273909274525
1602.2997924110077,668.8326240094947
1602.3403295795388,514.3933203496589
1602.4057352092218,551.4958144349199
1602.4561344104598,966.646365409202
1602.6424159461171,1584.5132566037537
1602.8249744322902,297.08004111715366
1602.9586724333942,368.9945053779767
1603.039128731301,309.04203182994405
1603.1027262130606,840.7470058340442
1603.3652707688411,471.7181169218362
1603.3937871258645,745.2971867139693
1603.8028497213177,480.60953747581806
1603.9216963050837,358.043901879618
1603.9440028745703,343.26337417247885
1603.9935533322166,877.100674377211
1604.0557796024302,1438.2700808083234
1604.0831779147522,612.4655015574275
1604.4705047360812,1574.7259130778864
1604.5617437353542,1042.9664168560066
1604.5807701744654,329.6543751757178
1604.6144300661124,408.0645856748631
1604.7147996048284,269.8588967279285
1604.9133823263294,371.7197819011617
1605.0962235375007,343.97243805411847
1605.1240585913672,565.0721409805487
1605.2816340521515,768.096626782703
1605.368061166227,613.8727712409825
1605.413924759948,463.20151488515216
1605.6169073976614,790.7192427549461
1605.7788678193087,417.17410765532327
1605.8019570580652,340.1257019298359
1605.8251597222663,3249.215024247291
1605.9160377295048,1254.5219451406663
1606.1562514915995,612.1716760358171
1606.26761588168,440.98841780900074
1606.4034232453475,390.761438363257
1606.49539408823,908.798312617817
1606.5625563118383,378.89811839975107
1606.575490817544,632.1981889165982
1606.6396252063741,734.7827134350568
1606.6750378098054,469.42886348540435
1606.7829645744837,486.3632514402678
1607.1532823878363,1908.1551755673477
1607.3526569699502,1237.6357405731776
1607.4101666549086,303.42891090973797
1607.5632819559053,1525.1865720239732
1607.6517038515215,279.59770213951197
1607.8723723090927,1828.5405363088682
1608.1481614889915,1724.802404260508
1608.183225118759,380.3290812576685
1608.7060529158912,504.67302760094
1608.9207611602799,1579.6177463709778
1609.1811002425109,1485.9932939220403
1609.4468226371541,2053.172175360146
1609.4918824863705,759.4043006499194
1609.5531368527113,438.7562942352119
1609.6213282296067,739.9311296735544
1609.6361317251483,592.2790606793501
1609.7353737792525,508.8622989165223
1610.0008907057547,528.9550962753642
1610.0146997628392,1089.308476017357
1610.0733918515107,256.2415193899028
1610.2225948012426,348.39935802636467
1610.2743275638422,319.83499960037557
1610.2853629619983,320.80749979643105
1610.333133628101,703.1001579871831
1610.4110947881177,291.250116915626
1610.7458820863822,4125.3357922250625
1610.8462537833393,794.1759251318783
1610.8603796170453,312.3605415537793
1610.8767308441027,569.9929206746416
1610.9290577464822,827.9286438549806
1611.124198599707,306.31908365732306
1611.1756437271397,1573.7449707548226
1611.2345124105852,283.84402344797735
1611.2473572241236,1281.9882860662428
1611.2945576251252,283.3622343860225
1611.311260131133,727.1558307592367
1611.4303610915365,840.3760044652432
1611.5168247538297,294.4224989532016
1611.5407643514081,346.6085340761199
1611.591011225031,3251.312658785097
1612.0991813247415,822.5315857259894
1612.2457321702643,920.114747843068
1612.3025483345475,255.67331945644807
1612.530865723745,481.2007120375478
1612.6883383018571,322.96685272186903
1612.863207247066,292.6109661504056
1613.1177366672755,1000.7455511424115
1613.1335130586865,1873.0297399376905
1613.2174780224877,380.60796860964695
1613.226776826134,2099.406289482971
1613.332129214807,544.1291440414886
1613.3428099412317,260.624314577586
1613.5118719262887,278.42062658868315
1613.519965785394,362.1291869548528
1613.5366161970192,1236.7700903680452
1614.0399520832495,498.09298966877043
1614.3668310618978,2058.5977065397396
1614.4762387746184,2647.5647763726824
1614.8415492715606,898.2156018786163
1614.8887241379425,467.75337307831506
1615.0829997548676,1469.3287235341031
1615.156359596879,389.81206082775407
1615.4928523507676,667.1464811041777
1615.5129973604223,1712.785307576467
1615.5669329350299,357.36723511362675
1615.5987182432398,695.3779380477612
1615.7076418123504,702.0913560720647
1615.834432556839,1540.9791590990164
1615.885864035763,4308.301560670216
1615.9364377709753,414.21674886145485
1616.0943806370785,444.8096539759227
1616.1386483691026,382.1145745476729
1616.716789561012,301.14322606828273
1616.7988492549368,461.0017126907021
1617.0056220342642,2249.460488340703
1617.06382779967,741.8670535106775
1617.2018909452795,834.1964176519741
1617.2905268388658,725.4260326040093
1617.5613577181573,921.1465905369171
1617.6729841662282,575.5630936517491
1617.7220166308964,1156.7138814162668
1617.7373993345216,653.4151737352578
1618.2738714655557,997.3911647990631
1618.428948168302,714.6395860690671
1618.4537730798988,916.8497879257054
1618.7003155592756,505.12713807801174
1618.7950679805665,252.2272132374733
1618.8853864930795,730.9700921227322
1618.9755602831126,595.1355412276325
1619.1043735690544,521.7037513644527
1619.1518478942462,1132.2915398685805
1619.2524971845673,604.2999660434361
1619.320500166233,483.1169036784238
1619.4637615960457,278.33076500686
1619.6260056149952,306.33634284036225
1619.675260735179,908.4761925700753
1619.7414415093847,752.9007636581865
1619.9657760579275,525.38983844259
1620.0896071253017,299.7665051867334
1620.2206326688001,292.35432261198486
1620.3382187912746,381.6337191151786
1620.861658939676,367.32208967487
1620.985909449877,531.359363296603
1621.0705424518242,1354.9565902665427
1621.2315937202343,553.5120359122948
1621.2686248438629,668.1032219483345
1621.291238151424,485.6971314138708
1621.4194725939683,839.6894777668128
1621.845504196694,518.143719265868
1622.081548497798,253.93443014125393
1622.183558131198,667.7402585424488
1622.2482637901314,288.7435345791062
1622.3835516498661,886.4066262324844
1622.4139172612022,4902.861847501165
1622.427026027445,676.3226683193361
1622.5800259140258,259.23217869752284
1622.625179629415,382.99033007800966
1622.7754767492142,346.4493022977957
1622.9164694814663,1701.006231598035
1623.1246858827885,2457.068760858336
1623.2171156268673,514.9592950264972
1623.2671511737583,477.00446100091034
1623.4751144603385,1268.6498180616634
1623.8374727502062,433.1671274368612
1623.893275476841,468.1401775313359
1623.9217249250216,719.0591265963882
1624.0138096029768,664.1131937840298
1624.1595134969907,872.606876904186
1624.3397908261866,1196.0187783292274
1624.3782834409542,829.5971246029753
1624.392661020538,409.5005513740713
1624.4994457167923,990.4552695335459
1624.8056253908317,667.8894439490371
1624.8943273456437,899.3288956524254
1625.1119781658115,740.4382430679019
1625.2941833920495,417.9688744804206
1625.5531650999721,1668.4844814670375
1625.6409342274937,311.7658723257065
1625.6855765403664,1042.431920651516
1625.7277681627418,1901.0171914929629
1625.97833074631,390.93619472728153
1626.0188102734774,1546.0911040643498
1626.2731975729691,696.5630735532192
1626.4033302298212,276.17123543087865
1626.4747818233463,301.9325087661548
1626.5235266290063,353.3710841612372
1626.6270365068242,251.5275657700432
1626.6940264079376,342.3126146200892
1626.9053366058856,2841.445615342304
1626.9502447113227,1060.8852855952587
1626.9969710459686,539.9903637874206
1627.1995782167473,505.77215049455054
1627.2302498043505,855.972753036533
1627.433138475394,315.36800376550957
1627.6369160564632,818.5429835903293
1627.6853354206598,479.13278859882075
1627.702813197632,463.933214942197
1627.787889423866,324.5125685082659
1627.8320260694377,1264.1960844579467
1627.927764034331,1629.4384537683559
1627.9963247758901,1711.6621207612352
1628.077952658209,924.4789525856669
1628.0919521579651,914.9965135455607
1629.1547946297958,1245.0932430349908
1629.225814170485,609.8602899611576
1629.2445435732645,2766.429831243738
1629.449144686289,709.8483294993212
1629.4661121195938,272.469638981251
1629.630513680711,307.0112225878466
1629.6416195598663,817.720401569712
1629.7026526698176,447.1731392053909
1629.7845554296541,463.5170769158048
1630.1687288196135,672.0990129050924
1630.4968115233219,458.66406741327097
1630.5352889064827,2254.8156800818265
1630.8365002389255,1076.0527438182862
1630.9868283862945,322.5170517046187
1631.036547889167,344.5559833632888
1631.1682213182064,616.5858431531674
1631.2283339128549,2959.9613962663557
1631.2565349093043,1775.0667831488577
1631.3226409051024,318.9316998268016
1631.4735727415205,689.8155152585335
1631.6375485675028,1104.2672097729826
1631.8624189510176,265.65191730077544
1631.9554450507724,434.1438343358185
1631.9943923648173,938.2964843508754
1632.070240074307,348.3408576996575
1632.2914263191003,337.7989539105088
1632.3017361284105,299.9836533637561
1632.3233601266304,862.0139736364963
1632.421823562737,730.8278401988824
1632.545757178124,1148.193686236181
1632.6502311840234,1362.5342293014526
1632.6909058921678,367.30198069647486
1632.8206181755017,945.6356345437057
1632.9784069762957,272.2263729045165
1633.0766190014467,1183.3668497739004
1633.3597325106114,320.37384787072943
1633.4432197263657,690.8230171862547
1633.5787805414298,634.814783224625
1634.0113672179364,533.016277849932
1634.0703812695874,805.5771744440001
1634.175448866745,424.2033886649613
1634.1921372589106,919.1198745774647
1634.2975347592885,914.4799748341775
1634.3275085436605,413.4307345837486
1634.452704602275,459.7322557928568
1634.5129657535101,1364.290241794196
1634.6405431306541,439.2424442964636
1634.7497089247743,1000.1579197240075
1634.7715112800192,594.3507373760766
1634.82303486712,603.9307009909697
1635.1485228497138,277.12908831485413
1635.31006360283,988.926223521591
1635.3531609460986,620.6180365612439
1635.3988810482006,665.4413171313777
1635.7639837999754,2566.7558586113864
1635.809452063691,945.0485443749048
1635.9671712347506,253.93309056548088
1636.1559949758737,1359.1003908783318
1636.221171420866,1314.9085954577988
1636.3938911329933,1630.1050729062115
1636.4762465987483,296.68169738250833
1636.5889606971255,996.4275104789984
1636.6238508320148,807.4901834419933
1636.7479669249635,1540.2254712120448
1637.0277093511786,610.3133283843453
1637.4504734777663,1109.7042172027736
1637.5307243919287,314.82407449231636
1638.0281346556892,564.9754590506464
1638.2478296758225,352.5485180631592
1638.3179636444559,354.213263554499
1638.4107946667343,1975.210537799167
1638.4741369026226,360.7738105107158
1638.5653997963418,918.4495352190745
1638.6418451087504,672.9266670584767
1638.6840240831223,3709.4479643089485
1638.6955947242602,450.05641015062156
1638.7457334704782,570.8264109491175
1638.79324088175,646.7773169739361
1638.934596816755,506.68845727768723
1639.081718591032,514.3581452372117
1639.1939489886163,486.9496520965306
1639.4805151329986,347.8398229263176
1639.5438218434133,526.0343937582674
1639.63924117133,595.7325298989387
1640.0443180792306,297.2675312188254
1640.1839076161855,479.0039805138105
1640.2147888764641,573.3709322374666
1640.3595437699082,2189.7164491718595
1640.463640907071,629.4237404700252
1640.7207883462265,284.83991186301336
1640.7536426028637,502.29002651430216
1640.908919177777,533.9023311977653
1641.0545448526711,1056.5815051344207
1641.0927123591434,744.6652354916514
1641.1608383146395,777.4757766838129
1641.2829749693974,534.425855908543
1641.3401008081587,610.010145729975
1641.4524278739054,884.7076201315834
1641.5396354362247,646.6564132048304
1641.8065219889359,271.294699905399
1641.9209668421906,652.5933545320194
1641.9894858658713,280.2059477245993
1642.0364940121476,353.2914394564749
1642.331896464839,326.67611989166653
1642.4038718609806,2024.2472164006895
1642.4885966644645,419.3552602169915
1642.550212754717,267.8750407343078
1642.577760524126,952.5927038261482
1642.6549467315247,658.9707470286502
1642.791189141824,281.6848799534935
1642.7995797963108,1151.4107351840892
1642.9801807056156,490.78331771351657
1643.0289338304694,627.351291645087
1643.096821555752,365.8281320225252
1643.1462733027224,889.4278353777376
1643.26128017038,425.86429804822484
1643.371178085648,629.1312028193255
1643.8075987982038,555.6060660725212
1643.8612916631605,395.9588359821236
1644.029144769461,257.16273963529994
1644.1224376808286,492.2543368717368
1644.1368988020922,481.6088718645229
1644.1553855279712,272.7124147020043
1644.2259611741124,1215.8104911957548
1644.2637304637424,478.18200409142514
1644.4004700544974,367.17848631390785
1644.532832569351,4016.2777423328594
1644.6812554545259,790.5702069582524
1644.7248454462158,490.7627176219475
1644.842122433242,471.8142765482015
1644.8922706091332,339.45526347057233
1645.0409958607554,438.3612379376162
1645.108211079096,1149.4227574734514
1645.6089322574612,1224.7621354508317
1645.8211402367003,506.02918718210015
1645.839680978723,2853.7499434336664
1645.8890381711049,253.29329153463578
1645.8992135408016,297.8184245404394
1645.9722850864343,254.50444698111446
1646.187180991199,1529.7405059950054
1646.2541230701124,1467.2149981274706
1646.47874993313,963.3606305195154
1646.8442577120825,600.5693238232769
1646.873237950906,585.8734059722818
1647.0854283632787,1003.0351315908084
1647.153418777302,495.09626575697445
1647.3102400094472,994.6304919588767
1647.4979571593562,704.8091887929895
1647.6304217796128,727.9128167924531
1647.6451597996117,260.80923393533715
1647.841392356752,1006.3665082021467
1647.8827516804206,660.4611721683618
1648.1309140961232,625.2641988465592
1648.2142892531147,262.3672251653104
1648.3371749711932,468.4447171112601
1648.3716410817694,1181.0283435034244
1648.4955231150184,429.65751907205225
1648.7208610739974,474.2454861742082
1648.939312165314,501.92222058550857
1648.9815414843918,374.9912907169318
1649.0104568409092,1822.7109819765365
1649.3786651797031,374.6440513507486
1649.6872764854743,1140.4110292248988
1649.750215751595,794.6420870375448
1649.7805945230962,775.2953363187161
1650.3210622575584,310.0393497513697
1650.380170189662,2265.116255613877
1650.4426305228505,336.1509566329438
1650.6779428821533,1718.1300742389396
1650.803815791225,294.61414192667235
1650.9570299012348,564.6425642089812
1651.7197313440377,464.7292005381762
1651.7316005616888,329.1651476931375
1651.7872175227271,328.0957841620269
1651.9870794898022,280.5829536239404
1652.2298307812393,1085.6040335741334
1652.2760280600144,737.6712983827186
1652.396673075928,358.29085997714526
1652.4360353742813,703.1129947813637
1652.4529441339987,1394.6577465344292
1652.6236500110008,2031.5999224434486
1652.679329533444,681.7702820649152
1652.948023505238,404.40172848642277
1653.2019701547742,299.7970091009084
1653.260918959545,815.4403019591999
1653.3656526820932,294.3623468180295
1653.4220382744995,1871.5924572184208
1653.6131719647776,259.36666606455907
1653.644794811042,1237.2793124342656
1653.949299199149,303.9433083266157
1654.2333034899916,258.37908772886885
1654.3173210968655,402.63891826473866
1654.4546790701515,408.9675210262617
1654.5090421376008,709.9657764898694
1654.7005071224617,893.0112805348148
1654.8223589801169,256.1839850205058
1654.997356518546,916.71520972143
1655.1140578728587,439.6626406046066
1655.5982343729067,1120.4321168454749
1655.9539527788465,356.73121096066313
1656.044438251706,702.411362731055
1656.1712316402595,1239.9042794818786
1656.2738748376253,1127.561958933317
1656.4653856155912,333.1222189038274
1656.482736163516,399.00605233318385
1656.76760601542,483.58050823840756
1656.8742704213087,608.2265726399279
1657.1027405390707,1656.957362291961
1657.1696396654195,854.8957846652675
1657.2114022874025,467.0278886769949
1657.3431987995964,867.4151551651083
1657.4185932262258,4546.4873569016945
1657.5643199237575,436.6319034596791
1657.6690920450492,442.2721821987429
1657.815254911836,678.3801415538309
1658.4411142860924,449.9337458975692
1658.5568447199425,618.1864526563696
1658.6914873240073,677.1980868426697
1658.8153045653821,4145.849492975019
1658.8849697668954,473.45084788395013
1658.9112539410648,916.4264411929146
1658.985774122305,362.90360397130837
1659.128090990959,648.2961743969363
1659.1590498220069,252.41567289875834
1659.2495381574129,306.6965303153353
1659.3928215681037,318.3179841977301
1659.5567852689583,501.61167037942744
1659.7631075075733,279.2226772565644
1659.968920994307,298.12501681088384
1660.4781655148388,253.3491315283928
1660.6990906216427,571.5584709839902
1660.7905717095111,427.52266912421857
1660.867880997302,1596.3270216811165
1660.9163109283409,1906.6730293434937
1660.957064881093,1433.1721877902442
1661.035612308305,891.3072971466286
1661.31696295537,393.0833284056016
1661.3317419891107,2491.187644068085
1661.3943603875784,632.2057981835145
1661.4049895218022,822.0194683185667
1661.8831583336705,476.3117796412637
1661.9737331315275,1001.2376895166294
1662.0569631216763,4828.492012832212
1662.3181574728735,471.07268391341086
1662.484066971513,601.1556578950516
1662.5464040985562,611.6176099828743
1662.7912941809002,450.1513076839385
1662.8303569068478,691.7262459376333
1662.8829878029399,916.2802216797962
1663.0320354539758,1621.38246563047
1663.3576414599393,677.8944573166746
1663.8232468581405,306.1206194385615
1663.8676987490148,483.43656042185506
1663.93945100126,267.8959786658771
1664.017985829286,312.7062648254755
1664.2334768689468,475.0580861742837
1664.277729467427,1096.5083079968215
1664.4046102184916,284.5470461469558
1664.8366881131442,672.2486053294614
1664.8783347507072,364.34894576918674
1665.0745611968114,692.1819296565915
1665.168625790213,374.0826648747747
1665.2022227599725,321.20068637767974
1665.549851323562,346.9672378457078
1665.5616371244525,799.8285517743532
1665.6180030901694,822.0401470849796
1665.7405834538802,251.3396908102941
1665.8084113822356,704.7906050129055
1665.928728212818,472.88960593983666
1665.9578715084458,493.9518401962691
1665.9688379224167,487.9233275358724
1665.9892099499905,381.03650346110004
1666.074377741264,899.2422665954792
1666.2182935870933,441.91086874698067
1666.6098249744905,384.2088395867497
1667.5939382806062,453.52660672660534
1667.7524304365795,260.81093440646254
1668.054359454156,281.85243003962694
1668.3615235609454,505.6047476249245
1668.3787497580465,545.9484678520986
1668.436467354603,670.0838660620441
1668.4996420235318,344.3032758763005
1668.5621652194297,588.2186778072219
1668.6433768010745,1174.0599742034988
1668.6852780071063,432.9204254488194
1668.9365503268207,1232.5921625271242
1668.9484257714912,894.7890596870961
1668.9803901023395,798.3870884494388
1669.0689876513673,3054.7756251424
1669.1315919716815,250.0496478526574
1669.155175095692,262.4536238495174
1669.2768143575488,371.2561727552231
1669.4158952637479,386.25457780053944
1669.4479452370958,317.85424271432214
1669.537931238246,522.5930597900254
1669.5641320179875,1369.7689344816356
1669.6033625754344,354.3153868264239
1669.7231411550238,453.70097654484096
1669.8008791220811,572.2209815754363
1669.8171578776037,468.85319375964497
1669.8416853579106,1475.4655254475947
1670.0801983688596,616.2469681706251
1670.0912477914135,505.24330409826837
1670.314222254052,324.2943183286997
1670.3513926045484,389.6489052260585
1670.4144801982034,489.09378300691037
1670.516416630895,300.2107702161374
1670.8836766118286,533.4523232916677
1671.153301333533,632.7271706802949
1671.1820485343057,1547.0161407469257
1671.3127090602686,704.6462096788994
1671.4636277499826,416.8056193616525
1671.7858241446893,670.5222789391875
1672.3241294781205,341.65233609433136
1672.6086369527866,341.03367246631956
1672.949332117753,510.65833444993575
1673.186780715673,366.996281886533
1673.2621141951856,370.055150007259
1673.4199393126703,670.5777239493119
1673.7005367511838,258.53831522242365
1674.054127476014,392.7220485941282
1674.1296445954674,530.9454513645152
1674.1560032456125,519.3902252590306
1674.3997602929312,434.9976625810417
1674.4919497189073,1303.0180944080093
1674.640418332875,320.3110194132051
1674.7022895403218,606.7825802564117
1674.8459963193836,296.01967186768803
1674.8634965012382,327.03810469273765
1675.0302671913603,1464.3891445615125
1675.0719609245725,959.8996700436664
1675.092422528867,411.4753072604968
1675.215380074837,516.4041138160782
1675.2287166370438,540.5688789914698
1675.3153048411068,1235.284362178779
1675.4000852808654,392.89156622735237
1675.4879950294828,312.2692607799184
1675.5825837877635,326.55352692548587
1675.6697388662938,1733.6498728887223
1675.6899781081977,554.4403135778156
1675.8609329047595,1140.014127597758
1675.916882099394,292.9713154514754
1675.9355561680284,974.5318399216408
1676.220667995781,503.0626913059254
1676.2399120138255,339.49404839656734
1676.3476954369996,542.4689397388748
1676.4300423047416,485.8882545917887
1676.49825442951,637.4861178401828
1676.635067629509,432.8083576446523
1676.6714480317632,1227.4674167704002
1677.0010840619268,680.072784051228
1677.0856083708213,588.5828707271191
1677.2427577791532,263.9506030065791
1677.3066884592515,1973.466443288802
1677.784941337094,480.42215147399617
1677.8109521489716,995.2848981161983
1677.8660751276661,543.146275317578
1677.9415041857421,1179.841354238808
1678.1086633187033,1516.7441847772845
1678.1590897251406,381.94335800961875
1678.6429844145598,963.7696080540559
1678.8844777574782,382.1359062872071
1679.117155671219,367.34771024526947
1679.1647889649848,279.65625914464806
1679.5038322532457,340.8951412165373
1679.8787751461807,1823.8971570121682
1679.8929430909427,261.8420952654011
1679.9435291758937,1075.7031560575447
1679.992251269907,1183.3437085690498
1680.056523146625,657.8298475400925
1680.0778933381284,394.76164369325045
1680.2645312895168,466.13269696703964
1680.3027704495103,836.1570573346894
1680.3519876300395,2464.5616925176814
1680.3955754332362,396.1656038327878
1680.450684662073,1710.26555066195
1680.5165874964232,630.6841644907065
1680.6372857569577,468.4506918953083
1680.947104755918,351.6157431111196
1680.9642424165525,1383.9095620422702
1681.0978882038676,637.3251075322685
1681.1405805011827,1021.3743069451428
1681.1862442766196,589.4379112186381
1681.2100975213884,302.5962411891352
1681.2498430837538,579.7803376903553
1681.7357057153945,660.0507988874638
1681.782546810201,308.48805367552296
1682.0175192672386,985.4918111183912
1682.2688167624262,373.38151469953846
1682.4704776073359,411.091969022142
1682.5635884363996,529.6661782111805
1682.8020539624777,421.6016906532046
1682.9566452427248,647.3851348791765
1683.1254983097463,886.8361348941812
1683.4397603918028,583.4856973605604
1683.4605243643985,1258.687362512471
1683.6669677265274,589.439308525973
1683.7424322324646,1163.4259488640653
1683.766752820218,329.55734032321425
1683.906490662695,2341.3840089535443
1684.2422491871087,516.1585714018152
1684.3546092642403,1283.939814090102
1684.430344116151,1405.242352518023
1684.8292464397769,1374.6698341396268
1684.9081898014476,571.1876341994562
1684.955649404624,1303.919997060562
1685.097935439267,932.1540203512994
1685.1428533121,566.0843650469152
1685.288451851574,809.8704388270503
1685.3734771529896,674.4186020986525
1685.9321149130053,272.7044663417005
1685.981415183583,575.7467690489435
1686.0903539550052,343.98305071677026
1686.5556537500217,453.95052860716686
1687.2012456783834,782.9896011617952
1687.330207990789,327.3012115775071
1687.516828377017,446.54650370749033
1687.8634566495314,896.1334854605572
1688.0014906819952,274.6366367887611
1688.1060801790838,415.8865680560448
1688.1404271237332,269.9723755325746
1688.3965483926484,1422.5089072773642
1688.4830384003556,553.0495527599287
1688.5653339488238,1519.7107904975376
1688.5847581743494,330.68480521092783
1688.6201905111911,418.60316001479026
1688.65377768038,539.1206447710192
1688.8889843906163,1380.5640853247546
1689.187714063526,371.7329756202671
1689.2313795835498,656.467091612108
1689.3145140529014,578.4754701344227
1689.3709954063083,563.6631704872739
1689.6526704273638,255.94388566592372
1689.8746836467615,1116.9310657257774
1689.986365244296,1120.6776495390907
1690.0127592684728,307.9747414708291
1690.0353553209811,542.0638535238336
1690.0890543522885,408.0770264850536
1690.3238760980155,399.6747253794937
1690.433369201648,478.4298539247895
1690.7670130331726,752.8156129631957
1690.790596080717,856.7272203629091
1690.8490792226323,743.7167823331152
1690.8719070819589,493.0087455962272
1690.8805218643427,737.5607748784843
1690.9260640969246,262.4352019799347
1691.370714989636,405.1569442391255
1691.4376483716117,365.914358818116
1691.486222060699,414.90751565401297
1691.6328614824056,928.488296121253
1691.671548177082,1082.232146553788
1691.7779435795287,681.879361839868
1691.9183295613816,2659.8690188511987
1692.1555612541322,489.33564367096415
1692.3078928340417,275.77209851390177
1692.5913675135225,1469.6809270400122
1692.6509145653642,1265.169013597046
1692.7708318763373,445.1752700172753
1692.8216817668547,580.6299279021862
1692.984294532205,3439.2001468572234
1693.4223825076356,570.8828475558188
1693.762063618085,677.6512837915532
1693.9184087458464,781.3634448655218
1694.005491073077,330.7606561605985
1694.1448788057976,711.9073845032132
1694.164212629595,337.14777341887094
1694.3366497232191,935.3984391195181
1694.741043749931,443.77328963592674
1694.8154234599008,963.8713573405283
1695.0929752531292,259.38077204801476
1695.1753006569522,655.0837168904624
1695.410038894981,360.95112238729627
1695.6027214678538,849.5167436358875
1695.720934535964,1018.645604753923
1695.8116572621102,1089.3645617474217
1695.8710997414892,1670.5629929570212
1695.9323835760244,441.62359916739865
1695.9756054573104,1026.228904228688
1696.1291844011241,583.9979797020692
1696.1480800764461,1167.8962917610177
1696.2499081996996,2473.498280947043
1696.4449037144925,1066.7300078519756
1696.664385588915,1131.483836276637
1696.69648630101,372.4920851577096
1696.8694222444137,858.2287842931132
1696.902950312127,618.0985087652406
1697.0596476674882,1063.6811436743417
1697.1004332223079,608.1585621325771
1697.893055191998,2451.696287590009
1697.9025766573372,457.02727965063093
1698.5868683483868,307.31775024249436
1698.6298764351388,493.4457533218215
1698.6898927759444,298.75328282097155
1698.7716315048517,1489.1669242469814
1698.9931060033464,452.69440399205234
1699.087951185389,681.2908772660279
1699.1548007719562,898.1543075815899
1699.2338051328852,849.4919603467603
1699.2872415590807,1134.0006154131418
1699.5948054599467,1025.3583984349548
1699.831682163535,294.9101228778971
1699.9597847133205,1012.7500422291281
1700.237435884138,1021.6548091595574
1700.2800172099342,293.65306494422845
1700.3276515284692,1116.0842730482116
1700.5568679601388,513.5987804756575
1700.6966923992006,2318.1086134276093
1700.813284942957,529.2067589716444
1700.856478038923,629.4935231640872
1700.8958923262187,307.2401024231157
1701.008555477375,1329.0908473070276
1701.0732016750117,1066.010061182199
1701.1782958257415,986.7741155587288
1701.5367799980727,268.4468062921325
1701.5622548849472,985.729734343852
1701.5769161184476,1812.4033359718032
1701.6217915691313,375.211127242427
1701.7577589371977,491.2657463384853
1701.7895897167634,698.3028323324409
1701.8445679263928,372.4564391496914
1701.8532352927655,531.6304311656061
1701.8762362248422,1298.80075430971
1702.4086784863775,440.2280325732036
1702.7677407293709,1428.0018465580076
1702.8403019288592,605.1062300553132
1702.9152001027524,1445.8796306227782
1703.0842031682348,401.2165405591657
1703.277178020307,566.6516106709826
1703.4390817416631,463.8678286769143
1703.6914689352143,1383.040550605779
1703.7304421256106,668.0671610412262
1703.8181926294437,2816.0806959655874
1704.0204124644472,1177.8602285848958
1704.2445270989233,546.0377040610963
1704.365326676143,318.0210699981598
1704.4111782964223,448.41225459235744
1704.4436653062373,502.3016658383522
1704.5092831479922,503.76726582989664
1704.9098657491377,435.5319500295623
1704.9566333502873,910.7525159629708
1705.2939986062634,467.64142783172156
1705.3498400403473,496.14826422373517
1705.4015696440401,519.211740797206
1705.692690489082,894.8275105304928
1705.9534078381773,382.4965853430599
1706.0502746616846,1218.264241323732
1706.0680720706914,512.0424108026024
1706.1052296953428,604.0884912222177
1706.3544514946818,1673.5105588455583
1706.3686883733326,1221.472325131932
1706.432243378438,426.6712473341522
1706.4431107248556,400.41256681382964
1706.4956124963533,719.3161739231316
1706.563788818047,986.5490482039215
1706.9109052247932,595.5022877258068
1706.9834241670783,1550.1818256382173
1707.0919394735845,520.1357396980667
1707.1088010231329,373.2036248229813
1707.2932513371097,265.84812165041933
1707.370110196174,299.8566801394656
1707.5046350824734,632.601178215413
1707.631642172033,286.3502090071324
1707.7662274967531,514.5906736998566
1707.9007052519817,330.0166072612035
1707.9188671637844,5224.601063657088
1707.9829511870535,424.55404692743355
1708.3423501090722,674.2768014506235
1708.4331713451343,361.953637217556
1708.810717760765,461.6671889678332
1708.833347328846,877.8462912701852
1708.9460721865435,685.1313333472924
1708.9953889451385,1047.6477478187521
1709.431492590136,546.5919339474226
1709.4488379624213,262.2058645015488
1709.5097763709,355.16293568461333
1709.6813458650572,1778.4138845591872
1709.8205675083254,426.24415062573604
1709.8852297986061,325.7335390327688
1709.92848295235,1383.8817481629226
1710.0395310971242,1068.8455323013523
1710.0538104859293,391.6519240048315
1710.155271331389,370.22092048275823
1710.312106710468,2456.450772752922
1710.3346252449423,734.3247623978139
1710.3692257437087,566.9315000171986
1710.8244632444846,2119.9181068668895
1711.1428792694953,593.6920994066614
1711.3076887690993,1824.8516048826662
1711.5932344039238,326.7207460993036
1711.6041736782088,675.3820281246119
1711.7032255297297,374.34950580421867
1711.7853893263562,399.08442013731724
1711.8336176913192,637.8741473053913
1711.9011793946443,870.1303074213624
1711.957062873966,668.3039015092056
1712.1197338624893,572.8575113613638
1712.2394459010006,1495.4251941785224
1712.3359982010631,266.9707525047829
1712.370601047148,728.1722454284484
1712.5988854884347,787.1737435741738
1712.7124024067375,517.6272163125464
1712.7370677974143,590.2763239522119
1712.8439461468856,430.9518611124899
1713.309500573531,318.8530825475349
1713.3293635951063,1397.0733561390632
1713.4104156915116,637.9654620313587
1713.6749279391795,459.83633524732346
1713.6868713711185,583.3276868201652
1714.0858975907158,810.047423989143
1714.221857407472,267.7499916893095
1714.3769620713044,1209.8476957205055
1714.5971822835343,513.5078419372521
1714.6726174801292,297.97709934215834
1714.7342472506218,645.659299589543
1714.831719268281,322.23583199422325
1714.9094881637454,463.7962176063386
1715.0052092921842,626.3255743399452
1715.0674388853718,322.572015664701
1715.1245825013382,485.2730138755504
1715.2140865797905,305.91996123331296
1715.3275575632858,1161.0336755340977
1715.344309080638,547.0999200838194
1715.6127234267242,343.3011266810163
1715.8392773989146,395.2247516422386
1715.877107878111,1421.8477752864621
1715.8934867406986,772.374076032358
1716.0495378896376,1961.5676427225153
1716.0673598359133,695.0554652442637
1716.3907884000091,1648.2282813494103
1716.450528738842,869.1806398820413
1716.5204207085822,768.8567277585254
1716.6778635027345,562.2118935381434
1716.7924823145916,1049.0939534491968
1716.8760451163982,342.08969106724265
1717.031446149281,1241.2832767479445
1717.1430464142336,324.71446869015347
1717.163065095448,742.3195191659026
1717.2989481109978,625.1067009628664
1717.5148847052576,781.9768202521437
1717.549028874428,355.203572880732
1717.5712442959846,261.06495662165315
1717.5944425502078,334.87192790732564
1717.7134300219243,1726.6850688882942
1718.1401888763842,542.6480147073278
1718.2346125888796,573.6983938267148
1718.4425707825856,729.5674977301848
1718.5211695013686,633.77280605042
1718.970568846038,1087.153139716958
1719.0934928057393,716.3072680761352
1719.296633687637,1018.5326310125939
1719.3931266577613,526.192316220197
1719.9411173516849,513.7906145866704
1719.9570078844615,1000.7432472819695
1720.1863288721702,928.1553557989357
1720.2708436461187,553.1820430169855
1720.4461112414933,2119.1858114795577
1720.4897442821673,360.207812447049
1720.510927705308,566.7779717629305
1720.5260808304797,1714.8497611814198
1720.6274012431552,467.8886554073726
1720.6907108444386,489.1669910348409
1721.0563720699383,505.94025498855274
1721.2821091068602,1334.7275268294586
1721.3411144601987,684.2268533911388
1721.3802833701402,775.4041619406955
1721.393645446464,356.4400287331272
1721.484402740065,341.17235164085565
1721.524308619874,506.42815929037624
1721.5521977290664,351.073047553562
1721.5817801203902,286.42088018404763
1721.8732891182124,891.2497635066568
1722.0318482233229,1527.323014234237
1722.2173847339757,695.2760391977588
1722.4022944508108,639.40848016109
1722.4235098821798,470.98435637591245
1722.4575011691509,752.883871161896
1722.4779859525693,1133.427234957297
1722.5448387671693,775.3834610936622
1722.6538897195687,1174.4226637319919
1722.6776422588903,1502.7720033155542
1722.7473941076146,474.9002741466157
1722.8804867993756,571.6622682882593
1722.9767923301133,490.9850674555615
1723.3645708146578,1865.5245714904952
1723.599642773112,258.7288616681955
1723.779755527719,1866.053645663936
1723.7982889548502,430.6413374859373
1724.063231185979,953.6837731095604
1724.1394709954654,438.8049372936522
1724.2414885594555,1315.2484839209303
1724.25805776741,555.0569576347788
1724.5602375879737,700.2026159643985
1724.570864198269,345.6881452321895
1724.5810835586726,318.2260082258029
1724.660320839464,364.65993847083024
1724.7571472295856,492.70013445944676
1724.7816993333338,754.1287074703022
1724.8700954297726,579.3477623387046
1725.068742969335,934.3110276399963
1725.165765085507,384.53182652941535
1725.4836977084933,1035.059017630532
1725.7601002632637,443.1598200358897
1725.9468034226038,435.3424621228051
1725.9557207433602,655.6312325873087
1726.2464175893665,978.2509676182505
1726.4397714915162,658.2906318113614
1726.5096436678461,263.2750792612231
1726.6997361785538,393.2974913274325
1726.780797495335,470.5974071657799
1726.928421341212,561.3349383599451
1727.4102911086848,288.5368078696654
1727.4344022824807,293.45406143498786
1727.452723251898,427.9043771939422
1727.5512913042235,418.12989530420236
1727.5735051831236,997.9183922224753
1727.6544363260223,348.3473670299548
1727.6942997691501,694.7423380978613
1727.772805097213,623.5856943712238
1727.972661497686,325.0072019245591
1728.430492778139,525.1979529075968
1728.6526839877324,948.7376006624203
1728.7310109379118,320.180017495411
1729.2486095393408,501.1543525321531
1729.3314130108367,803.0908867598921
1729.3906009598822,625.1368381587739
1729.4074614791648,513.4721443269555
1729.4300917999424,629.8297400147206
1729.4568256415985,302.55422986574433
1729.5214846344961,860.7739571604358
1729.621392056522,1706.3842829419657
1729.6356113547245,715.6371118470032
1729.7541085128646,663.8656515016735
1729.8787594512348,1043.087909946929
1729.9968802504586,469.8153864072305
1730.161777330334,647.6967834560745
1730.1828372416776,1081.75371410228
1730.426262704044,989.2225328236096
1730.5021777667512,1995.9422319057328
1730.6027080912584,448.75005555299003
1730.6354075324907,330.1011851163647
1730.7824419486894,250.7619752781742
1730.8040523904722,304.63862981831795
1730.8218219140815,830.4221742087132
1730.8497312425761,1327.918354701881
1731.0030961813404,1226.6444889679417
1731.114515786653,517.8855155865083
1731.1838559361952,1442.9456219250776
1731.2481938830829,613.5250530085245
1731.3395663197707,770.2789217570602
1731.4453379943234,1662.149336848555
1731.5520898273849,1317.7170991019143
1731.9750312966873,651.119924443799
1732.0343646434164,324.446216567839
1732.2568356785912,1423.4915557903187
1732.442155436111,590.07980754082
1732.5936581340363,693.319699833172
1732.7197491463037,295.84753407517536
1733.1468665210793,253.13901772829374
1733.2327727129464,744.4621015931609
1733.3308787296685,503.43071873591606
1733.6361711965571,282.64648400409163
1733.962420926335,459.1724450068357
1734.0103157593242,759.607050865263
1734.3812571332953,1285.5073636127124
1734.4283570567964,565.373096808886
1734.477459763446,807.2221187745187
1734.5312773837168,804.5317188501298
1734.5767965045409,255.36915124054215
1734.656744976322,273.1305791583372
1734.6665932830188,998.4206550504716
1734.7769642615722,1834.2388432030223
1735.0678074436835,1535.6418807498824
1735.1152458904378,376.0974149620787
1735.3116311572949,839.6060237153815
1735.3780716719746,262.7588004661966
1735.4611339568014,402.9623806419063
1735.5483807910182,421.56614518301177
1735.5864229928204,422.11221626729883
1735.6304110060285,1586.3682716326298
1735.6474936358368,280.8164931636853
1735.915766181294,1565.0762560317692
1736.1092309063858,429.2989481908281
1736.463187211308,986.2987970288743
1736.7141440844218,943.3045782801379
1736.7866258665647,1836.7942303270004
1737.0173761302628,541.0113367474665
1737.0374305980035,1040.3540594707981
1737.1768429521467,390.1885822124274
1737.2898202083118,656.5069841526775
1737.3286316617246,430.58752359525715
1737.5475157185485,730.4696926628727
1737.5840473111446,457.51935549647186
1737.6477861582298,520.2133036876136
1737.9156908294171,702.9270478721662
1738.1247440147424,436.164884658946
1738.5521146269373,280.25682468968245
1738.6830199103078,727.2982122881017
1738.710582710688,472.5067556457731
1738.7618111597426,333.6920642602126
1738.838438017418,508.25463706452706
1738.89708731187,531.5396242289207
1739.008288399985,1340.5708450627171
1739.0726979833541,438.96739786385973
1739.1451082999845,735.6869386516845
1739.156471263379,611.8733460236972
1739.2176919998226,521.5920335605647
1739.470745540057,478.9479293302561
1739.6391471542186,251.40464247511264
1739.7811550167326,494.10106949496964
1739.8179754790638,358.0860628525584
1739.9130315623825,546.9944707841431
1740.1581192518447,1414.76568195221
1740.3781460423943,285.32066908564997
1740.540602473004,1879.7418418572788
1741.1943212908327,1739.517079098121
1741.2331769861482,1680.5370938616409
1741.3184226507597,1497.6778062088677
1741.3613418856946,250.72490151374393
1741.4164195786702,999.8596886249737
1741.6846948382415,645.469082988831
1741.7463674496512,2105.9516231817342
1741.8021467818398,1062.0264210309574
1742.0292803764585,1039.2507113073432
1742.1254447054037,1022.8663917088352
1742.4013965403865,1172.648022047246
1742.5365459591042,1963.9517710540633
1742.6950045855585,331.82436683278655
1742.7740899503483,438.6011142394918
1742.8196848421285,841.6806971721039
1742.8763105452028,988.4983428083419
1743.0805390256612,1318.9547663906321
1743.3148016723987,582.6304956598318
1743.3915255581542,368.02228814445755
1743.4036374480768,1022.4578083392763
1743.6227112120578,691.8636028397599
1743.9731340317674,943.1487216864527
1744.256562202649,398.70402534818834
1744.5326747064053,337.9117463999287
1744.7005256675798,293.13508722685907
1744.7599565829034,637.1248498032267
1745.0163608114424,424.39034702115487
1745.0552529640247,1677.5359674379847
1745.1901068640423,700.4023177830642
1745.2032559361014,1061.3345256605367
1745.2356303642148,346.2772426825611
1745.2670590484825,354.0297022669018
1745.4808934514383,1044.4600737224596
1745.611964009482,273.8031202014231
1745.755538371607,316.3173975876813
1745.7927254160754,1106.0198636749903
1745.8905996441276,265.34202596738885
1746.204127111284,326.23785752907617
1746.230715326782,596.7341060939847
1746.253560098359,329.8612497646115
1746.4498217136643,502.35686280928695
1746.6132679024042,442.11902244415205
1746.6647534518518,2418.9676870888525
1746.676673558406,3665.898274136443
1746.7041948649396,388.2601972696356
1746.833779107306,2024.1959018420791
1746.848256047354,827.7655069350332
1747.1324954096094,578.1667223533734
1747.238726930161,534.1871467841722
1747.2607848961063,428.59660256784355
1747.3767503250715,583.2496950191185
1747.386204587066,484.77729663611336
1747.4302497263511,1321.0482999515605
1747.5572843962811,466.38748379379354
1747.637679568964,429.5135076201114
1747.7764141141347,836.0988078519722
1747.8938039635723,512.3816188039197
1747.9108837646477,580.7458036211245
1748.060281289965,453.48812156040174
1748.3996961296716,284.0819328713553
1748.766432657773,309.38866209258833
1748.8902144283445,256.6207272158713
1749.1044124421999,376.60114377564895
1749.1218028261276,317.4415776767909
1749.3595868119567,629.1803432427449
1749.4270998519446,492.13818293923475
1749.631732569981,811.4514630827955
1749.6914523949445,426.1946692675541
1749.7402932887342,866.548620046637
1749.8376031018395,1666.8992443879295
1749.8917375338826,327.57547146646505
1750.180335496256,533.5982066851982
1750.4721739677734,311.8522502460539
1750.5359084708314,1225.9326644942905
1750.847596434701,522.7308823845748
1751.0600616914026,363.3229523692612
1751.0963288219848,336.01136881927687
1751.1147787822663,440.39553658035396
1751.2519152140428,970.5934238389258
1751.6802840790813,642.0071915811675
1751.7953371470128,792.9375514659102
1751.9986889419868,667.5057555714444
1752.0733553893635,1543.397596390876
1752.1563506350788,307.4332531618439
1752.258873915713,942.4909697852987
1752.4652098231322,591.4192327895785
1752.5496949334092,456.95919008658035
1752.5596816501356,1351.1038301276799
1752.6930276876965,1040.6300447924864
1752.7843130290532,392.71757189812365
1753.0323240780033,623.7459210178299
1753.169473593923,285.03159444661287
1753.3970171263659,932.3516217542608
1754.1975203916925,1966.0891738628923
1754.2237454138258,426.23599886364804
1754.2613387396696,559.3851762258303
1754.3735975474556,837.796450704709
1754.7391874837795,545.6682188952888
1754.8097482838787,422.95463433631335
1754.914123529375,984.62951025499
1754.9454349765972,399.1419033616713
1755.0732656257155,270.28182797671553
1755.0839149658466,1095.961011931593
1755.1814774332247,1380.1626253992608
1755.2453082078048,283.14057477233155
1755.3277859209113,607.5664214145767
1755.9502417103583,459.98969796447835
1756.0034464405348,1412.894330620993
1756.025923771925,376.78496558010755
1756.0397966936744,360.9336660178205
1756.3428576839192,517.8279366511462
1756.4383560558472,432.55026996009343
1756.512768221227,630.5633692409798
1756.8214536266457,3495.1078907384126
1756.9474289538664,347.22176966081884
1757.04377524767,581.3757290085903
1757.3449167668764,637.5920940547047
1757.3862332712645,1006.9121657436848
1757.6095827175093,435.7350625808427
1757.8378818680026,279.8461334923976
1757.8771149817674,702.0404786224801
1757.8919203488474,355.959982963665
1757.9944881832407,266.0340084920384
1758.0277483156162,697.7313122794537
1758.169011456739,624.1870159300593
1758.3677156603544,1465.7467672286145
1758.4203400716458,428.8402411705746
1758.7147030540034,1208.828588525406
1758.8056779936471,489.5465154716893
1758.878146514796,864.1272266969424
1759.1685529805586,768.556647386542
1759.3110161774068,606.4164728507017
1759.403226442743,355.66512534647717
1759.6537357937045,1447.7000841743406
1759.732142563242,324.78178960937447
1759.7626384493108,1169.2995840247204
1759.7918846062662,809.0369927997434
1760.102023574917,396.33342702799206
1760.178254244331,756.586508051262
1760.2345361411737,332.3585359313462
1760.3291609833136,254.15497603540595
1760.66309483377,416.0185812593317
1760.8244133936953,482.44195232947857
1760.978902054314,275.7703742107105
1761.0123768990984,712.4505438808083
1761.1132910278309,806.1975060528231
1761.130097755956,256.97154002901306
1761.4116353235524,493.0462774525949
1761.7494802384101,372.62663348290465
1761.8103578642574,938.8828805909092
1761.9265119730678,301.6125195882586
1762.1958246142642,251.00611559024827
1762.6271067441999,273.9701092937638
1762.827320069885,369.86424813638274
1762.8802017328555,545.9057315578897
1762.9168801270862,1149.820054503395
1763.0263816846557,462.2427519101318
1763.2027666638858,778.3641744077363
1763.24575225804,621.0552303139546
1763.391751778327,1530.1445994850976
1763.48252108801,809.0463224939624
1763.7945743026119,1274.121439143515
1763.934266867694,589.4742178989661
1764.070588777897,500.2903837887929
1764.1616536207932,617.6793686971596
1764.2733080645717,3983.419180398509
1764.717570289763,683.7911980275885
1764.8547604127318,1557.3105334439724
1765.0213804454027,1359.0190273849419
1765.1843380768687,769.7033328216513
1765.2614451279678,345.3292288730765
1765.2890075498492,260.6942762093481
1765.3369790174715,513.6244184734772
1765.4846167837145,304.2213515336606
1765.7038972390562,917.7645089646893
1765.7687739869928,451.91742308874075
1765.8824097077863,1458.7389574229828
1765.9075930564093,1633.7259754331637
1765.9651346956216,2198.885501103066
1766.2952530281982,339.5249573090049
1766.6650447101185,824.5035177980646
1766.867404057219,1648.580511995773
1766.9800594478652,1433.1369889245902
1767.0013374936175,397.8340299312373
1767.1359489139068,300.6426076682505
1767.5967501621064,998.9156771522063
1767.6543071393232,1007.0810019928327
1767.76553449648,290.43917748955033
1767.7871166890636,732.1581941514057
1767.8631614724109,1067.1248095710391
1767.890150042181,529.1757286259189
1768.043667686904,1027.7502072391958
1768.0809801650553,699.5168945728622
1768.174761801893,1243.1522869940945
1768.2895750627067,272.10107481456356
1768.4288692640189,1669.9885996961714
1768.46203058764,1044.3638245895554
1768.5900567362094,1220.6529959151865
1768.634002793313,396.5829567761117
1768.724046465225,688.1583880601847
1769.017514893689,2028.2732527172393
1769.2068644034093,273.2948211453969
1769.3243353817525,678.3213246555197
1769.5360210118156,1058.4587534222637
1769.5729190655802,1501.4539789159755
1769.6119600368436,312.1171287403058
1769.635698819953,459.02530494661806
1769.673281644042,401.8721683328511
1769.9994067584246,351.50867081392
1770.152695211005,1202.2293572467267
1770.170653218281,404.69735640397147
1770.2570168662714,447.99647519280535
1770.323005520726,330.11201056872676
1770.561404390998,830.3371132737703
1770.630143262458,298.23614127124875
1770.9444522831523,355.5038131902579
1771.159185283132,312.98939853345087
1771.2138391986848,264.3924176286914
1771.3808076269618,626.8619209424645
1771.4668101314949,1500.2280798662882
1771.5147215603688,273.6352736173738
1771.615296469293,617.630291874222
1771.6259549204178,772.659044481613
1772.0743995215303,279.91454466850143
1772.3372875146863,376.791788221105
1772.7073210834005,890.0586102269455
1772.793249448762,1441.1308949280044
1772.936339487253,656.3722987135266
1773.0939155867288,366.8522394040335
1773.1997681502737,615.1013863133842
1773.2492078117268,433.9209889858911
1773.284457264011,1028.8091599217544
1773.401310821925,1807.5843941249432
1773.64038657317,935.7198934174812
1773.6561684461687,269.3096713263826
1773.6698879530034,458.94161617214604
1773.6849596690365,441.1411046360748
1773.7352894554458,319.71650301019264
1773.8627376598874,282.596648689243
1773.9542444332014,620.028094394103
1774.1197685918391,577.8597934209932
1774.361132485267,827.7044429025447
1774.478867734514,1508.4665939441904
1774.628276909285,1091.7026413669025
1774.709875900849,643.2438200015091
1774.7776050063633,1029.906202683094
1774.9231101378462,250.10038941584438
1775.230977801451,688.2887724255002
1775.2619940893235,795.1149200623111
1775.4664398071027,426.6686334162046
1775.4812075135126,394.624440070585
1775.7044752147765,303.69502324836236
1775.7261198455656,1643.3706464936436
1775.8033696656466,1757.2816770363627
1775.8768999604374,313.8397593565719
1775.9306559895415,1160.5744722853158
1776.0630026045158,1076.0258901470095
1776.183495575855,659.018990010097
1776.1968049834868,496.1555910831313
1776.4281476597878,416.3040270993551
1776.7140691432035,741.2459743487336
1776.8117234959764,459.85591851694846
1776.8363144431246,494.99039010220315
1776.9276528262512,1172.1899552252696
1776.9622808844035,1279.2081022097486
1777.1706766122668,1244.7880696225568
1777.3216404141176,1411.806943807682
1777.3742646009835,390.20907837001647
1777.3995163929533,307.2035759444268
1777.5392847381845,1687.2423296935397
1777.6020123266594,2166.2660081679483
1777.7011642152772,255.35866667825843
1778.0817874014851,534.0784041974116
1778.169463170076,2257.7169155931488
1778.446674810895,1263.2050725836932
1778.536812830229,958.2080489234376
1778.563155316178,339.7053994067598
1778.629778153657,251.1296738122995
1778.6477146733316,700.6108420173206
1778.672546644331,305.33973444347345
1778.7994187578572,717.2552928324642
1778.820928049756,270.53715341110956
1778.8834123140746,652.3126434787775
1779.019449409652,362.8419467050968
1779.0448242994103,392.6117120142075
1779.0966413316498,405.1307916990887
1779.2601313584298,392.1541469962858
1779.3834209211377,1140.5524875885724
1779.398809239571,587.6101259799094
1779.4472361113046,259.93517140672645
1779.694389910736,772.4272122340088
1780.2701452889034,473.49893689737166
1780.297186162512,840.6128994480245
1780.5475739793508,466.9155591214315
1780.5957925245486,527.0354612117438
1780.8746648353474,944.2121957568979
1781.0134898461135,413.9338028423807
1781.1865342603128,281.77376375563125
1781.237540660198,539.1703471486284
1781.4651362852533,290.05510092995894
1781.4881845454142,397.1947630612305
1782.1219389354715,579.9576218277535
1782.16823112306,523.3112008822471
1782.2331547189506,787.7292743584137
1782.473382893449,425.60720252704044
1782.6218737400889,449.9795908057214
1782.6360691842206,707.5340010916458
1782.7452021016154,612.2358268136618
1782.8117185152994,791.4254447622886
1782.820880882548,651.5442725094377
1782.9167330629261,333.10004877251197
1783.0488535011004,275.31694893667867
1783.0689667708752,502.79338909214005
1783.2296064356208,761.8368647256169
1783.3052167469657,1408.405235897391
1783.3307438886843,1780.4867860765387
1783.373799841755,370.1427597665347
1783.5158707011599,261.5140536349796
1783.819616327352,303.4284405761873
1783.9350058385974,461.4129808963575
1784.0830294987707,895.1950134428655
1784.15300133368,857.1801290082828
1784.1968559605125,261.766366360752
1784.4632562117642,655.9293327444354
1784.6334110064327,283.60045178083294
1784.6933887568841,986.226529503204
1784.7296246886924,412.9176389218161
1784.8043939826211,784.6283453958214
1784.926030027315,1191.876491478926
1785.1755890635611,372.3909616496029
1785.2034321118695,314.40937251601025
1785.299628196021,818.1160456563447
1785.3965360821362,671.8101402473478
1785.4483363927525,382.1989672968079
1785.5767609553898,747.5774719533523
1785.7759437302525,275.75249210201747
1785.8946804973243,546.4322423561041
1786.0000533968814,273.0831736853056
1786.0616531491005,364.78761142065275
1786.3465715379305,336.399538050882
1786.4275922024597,939.9170956378537
1786.465222861656,1864.1799551294866
1786.5125758849981,314.388156081681
1786.653227361261,1437.9274111429677
1786.7223176149514,319.67187480048705
1786.748966981397,422.6505157302715
1786.7840001538696,894.4993612891316
1786.7991605094367,655.3519568701325
1786.8693840598332,659.2083922101274
1786.932327935658,355.55879465503074
1787.3652019783317,458.66691245172035
1787.5680151748124,2295.9604379178854
1787.7857165268506,1031.6584616014704
1787.8091903589461,502.45121287299406
1787.8899527304518,785.9255206997768
1788.0116437144545,285.1914940459605
1788.2291444134955,1295.7378880848546
1788.2911984781442,1031.9386605533703
1788.5264320154863,590.0804043466118
1788.6553487583658,831.5991635443359
1788.809910630984,1058.2864663659973
1789.1048791090855,266.7513502033119
1789.4717777621138,2107.580929131745
1789.5001380010606,1967.9550948922
1789.6155760334577,1083.905143704928
1789.717207093917,300.51439244136367
1789.821428468076,439.9624186850174
1790.0285883021768,637.3894699960368
1790.2200990430683,846.6736420887099
1790.3859367094508,503.4293447135647
1790.5834643553283,545.3512398502623
1790.7638591763196,314.25310468647
1791.033976977695,635.5863167362055
1791.4428163559755,472.61583133916315
1791.5786138700378,631.6701416469936
1791.9009287380472,361.617109278611
1791.914804694021,306.9582551060238
1791.9647661089343,722.7274357194033
1792.0894317125317,498.2526549177271
1792.2637903568423,765.5916430153069
1792.6910338985351,486.7449412087616
1792.7481877308082,282.01414756206265
1792.804374817771,777.8227789764186
1792.918539263298,1376.5240954385397
1793.0061065298855,1312.9326672272766
1793.048155021923,303.4927794291422
1793.183270461504,286.91051217531185
1793.2608814675796,342.0700160030502
1793.3781615691366,636.006681446943
1793.431578029226,2049.3841542014966
1793.4505360140456,286.2866362430177
1793.8330676503656,1831.9857371911548
1793.8862396735055,1044.1171296850935
1793.9131274446509,551.9414186561926
1794.000099558561,266.7391079818667
1794.061741455729,467.1068445141905
1794.416565299009,544.3087521442926
1794.465831340992,602.6456290761755
1794.492609141575,986.3869940434466
1794.699074271618,1082.4927120818897
1794.7181072193393,587.5068812475629
1794.9174121787378,394.4072119507576
1795.0394062356545,1490.2223683801597
1795.08617935023,526.9341259839182
1795.2614427341148,1052.5686182538345
1795.4134936176517,326.5809431766496
1795.7054520876748,423.1266615829319
1795.9632313922575,520.7746124187927
1796.044486997763,1123.871861071546
1796.0930648217768,641.8061605544341
1796.2708258323316,713.8192151800906
1796.5109007101937,2001.3163952585853
1796.9219523384925,794.8278222341753
1797.14565017261,349.2214373905317
1797.387124918629,1980.7909106039415
1797.4443572351786,472.52335060355165
1797.4536483851257,348.0856479488625
1797.8165983132685,1012.46872827722
1797.946487972811,529.3679873753586
1798.0361505452831,315.623542116836
1798.0752019305369,782.692643894522
1798.8280238699447,350.2221406054049
1798.8881259532125,344.56823336137296
1799.0424559263265,1038.0892022260443
1799.1160380495028,375.8366424059594
1799.1546655362908,418.903248842032
1799.1873420774418,1723.2024019718285
1799.3317682930347,333.6909885236833
1799.5428593299976,488.5630735049035
1799.6891986271082,798.7669666066306
1799.7334669850557,301.7509365028244
1799.8117608415037,604.6635778452198
1799.8455258536392,605.4778192053071
1799.868543971253,350.0714331115931
1800.0888841911847,820.5846762772281
1800.1231878885922,267.99670082605735
1800.4376986894904,1464.608499703076
1800.5252091975053,1514.201007121194
1800.5677089807955,371.84854368619494
1800.5841467567955,543.4608081389463
1800.7666817973313,354.0638478646797
1800.8173045334286,317.92808782938795
1800.9204577425774,1842.8294631202991
1800.9311892784235,371.96955573249556
1801.029918025444,1616.1355258281471
1801.0838355323729,545.5523127647652
1801.1236145714652,578.620424197014
1801.1701535040704,638.5688261477537
1801.290165787119,1416.0756093216612
1801.8310167424008,1750.4820490877144
1801.9987398719109,2360.8717279314196
1802.0938881314034,481.3280290345789
1802.172300689404,274.70344892252746
1802.2987574618548,568.9133221294958
1802.3951016976223,545.4579560575773
1802.4546026297326,360.401819271834
1802.4687050390814,600.8768604583599
1802.624730224316,470.55938099338096
1802.808933467055,319.8710928873602
1802.8438852753882,327.06410976219246
1802.8530400964082,622.1141444923082
1802.8836290784113,262.10113637549085
1802.9018436498843,281.67794998719313
1802.9469487678887,1136.9829548572511
1803.226644706153,590.3066746991296
1803.3034728811674,701.218842304271
1803.728815803491,401.3542887877887
1803.8725868637455,941.4661571528569
1804.2024510186284,765.3996759545684
1804.2815451654328,304.74608333200814
1804.51116647502,263.19177220218006
1804.5930437253462,802.8423103877732
1804.7906992842334,370.1712313557934
1804.9969620488216,328.9671979960085
1805.478730497426,1318.1323746416967
1805.5369774499034,1355.763749431009
1805.617941476825,763.7766597348478
1805.7332569396153,556.127501858123
1805.8386613350813,837.5639400885966
1805.9766871101363,745.4391102621203
1806.0168933392301,1643.1877579438092
1806.0424392431428,3630.508936987194
1806.1412196475728,339.9772828569523
1806.2794297447979,2530.9155022057053
1806.3666035602298,1412.2064113822237
1806.473143676931,304.14426016088055
1806.5352024658384,1325.105185814044
1806.5597982830923,454.4715345602981
1806.671878896009,497.3320693966521
1806.6841218485022,633.4518508023283
1806.7776328577831,722.676264657596
1806.9455327735443,513.4772885120491
1807.1151386106417,267.3068363730492
1807.2201690868542,288.4930819029632
1807.4157529036354,295.2315280467316
1807.733071572981,453.77112833068736
1807.7517736157836,700.7771253177903
1807.8991027193586,538.3149126334482
1808.1764851272558,295.30603225335625
1808.1950592809335,1097.1140541787618
1808.3344892154769,575.5057236958978
1808.367846000017,1793.69563939025
1808.4054025549065,433.3002861450782
1808.4215207025609,406.4889351772951
1808.4949848118,626.8246510008753
1808.6164696508156,766.5325876722575
1808.7447790675608,341.6105860823925
1808.8703305578044,573.5157637992942
1809.1129692418197,688.6664291237917
1809.3693820476583,937.5078018442688
1809.4199310626316,296.6783987365977
1809.5228522506193,890.4537766161967
1809.5654983025017,840.858869607151
1809.5970819750316,313.28509585145866
1809.641875352941,658.626968772706
1809.6905658565868,259.35653743138886
1809.7250706819325,432.420764690534
1809.8800235984577,551.9044609718285
1809.9274175644657,562.7832196741235
1810.3630951797963,805.2723222756
1810.4446927502456,404.21849598809837
1810.615458821648,379.530693734968
1810.6745587338585,389.8594304644355
1810.725378040298,1044.9622813454062
1810.8192879100031,256.01029675883547
1811.076005811235,798.9564636741488
1811.107802796029,1164.2456789397359
1811.1617926006058,657.5532223432156
1811.2183369814027,353.70810796593594
1811.2299638366987,912.0645986994589
1811.3044683171681,596.1019591772443
1811.401763800792,353.8550278321665
1811.4624128731853,1166.8297194210663
1811.780524532338,1417.3741120267227
1812.020628481866,924.9074241594407
1812.083180182885,260.200496134414
1812.1056298992507,616.7087872092145
1812.1481799633618,1208.4856014655525
1812.1744892530699,733.4994954238555
1812.207391395908,384.69545770180173
1812.2722192698825,1320.4023970581823
1812.448051155164,1725.949246219702
1812.674521684515,436.53116383325613
1812.8121809009558,803.7154161188458
1813.1990259386514,395.1874755546077
1813.2207490426472,1010.4673119977674
1813.2512017605682,585.9434259365042
1813.3272166462637,566.8828917195116
1813.4598294568857,628.3238757784956
1813.573776010562,265.23400797900536
1813.9640480260127,275.83659096094925
1814.1532378163974,968.6606654059517
1814.1664897615794,508.1210218965025
1814.2276089197949,725.3415242040613
1814.4165504760176,617.488083107055
1814.4743525367255,337.2440050819566
1814.5600216034484,313.4348010786011
1814.6229330883039,440.79617316248067
1814.9637038989433,885.1595786972683
1815.0094629736204,1417.769042086448
1815.0919736832416,417.6799164213669
1815.1402755661138,738.9596237045752
1815.1687197582874,657.420034696246
1815.3124572999393,697.6930040122554
1815.4471781899438,368.98602334841183
1815.4901686793153,757.9954631321757
1815.8586437197773,449.0556906562126
1816.0772802060649,418.03535568036926
1816.275716416691,590.5425858863242
1816.340056173608,1244.4342884883426
1816.3528353948152,1137.7074739577952
1816.6025584360732,556.6320684330498
1817.0208820572527,360.96640077215704
1817.6883082289178,262.09640091626613
1817.8557599884778,787.5915196168206
1817.9700608126802,1725.7675774004813
1818.126879454724,674.3679899254955
1818.3240726883228,1921.4995793628043
1818.7250984193658,909.7610894698317
1818.7469125222235,493.73641051355844
1818.761563889068,873.280233269793
1818.7717895405076,448.9195610990003
1818.8197166413654,641.5719334002811
1818.9116566264827,539.188599707203
1818.9533583506418,845.2526968701607
1818.9762214464834,707.1493478088971
1819.0411990772652,1724.9904288274765
1819.254202432361,468.5516700611026
1819.4154259488575,896.2639587725986
1819.5062774184728,383.5226718945207
1819.5224326377852,699.0426745406393
1820.2527579311338,1237.6232088534275
1820.3798473513311,1220.497360402966
1820.5856983137062,324.78832796123163
1820.9233101077657,388.0994305515275
1821.0232091854684,299.71209287622196
1821.0736101558032,1184.1531726476946
1821.1646614108126,1874.6356216957681
1821.1956987664785,506.3735663734977
1821.3119476950671,359.83387664112513
1821.3461325232606,353.4361991576421
1821.4627884038466,294.76010987822224
1821.6086819917934,335.44338601805754
1821.639309260212,351.92378797046604
1821.6758360708968,1023.3385044191342
1821.733349593569,2345.5108803213216
1821.7637459992018,607.2376060772477
1822.5003749064704,900.4898194021498
1822.8573010567459,666.33782251119
1822.9675919929764,1306.2390853447873
1822.9880233176473,308.3947207690674
1823.1901997933303,1026.1958663342898
1823.2642013673324,1827.3889684767125
1823.6532078035777,442.6122450790509
1823.914425725948,327.46969182274813
1824.1606053908952,741.4303199243611
1824.1832669579899,431.4029233434373
1824.3727728456395,300.60282306245875
1824.4893519041132,304.5326041259462
1824.6364941531924,389.9875785527452
1824.6750028637666,259.88697530268206
1824.8338277395392,317.845394450107
1824.9990208264014,369.7986107119151
1825.0636655889514,420.4181614190148
1825.1583164765223,257.3320156078062
1825.2016094968255,638.6349934073901
1825.2505550572134,779.6648815776954
1825.4700847020015,475.8842406320105
1825.5284702110878,470.19550385702314
1825.5498309593172,292.36312640698077
1825.6469785490483,749.8579265765396
1825.6868080416577,315.3659655447666
1825.806209775475,392.5361190227473
1825.8754549145247,250.35108036253112
1825.9620936764186,254.37829730494025
1826.1343193850566,592.0593580676469
1826.26763782256,374.9938009561128
1826.3765057668145,536.6080615540627
1826.538804370261,1345.99293508043
1826.6971503157768,293.73343669319723
1826.7269213973238,826.4064643572693
1826.8454820870372,963.6320085104343
1826.907638275578,1262.114774619442
1827.0046982133172,418.8325551914871
1827.0207044640124,679.7527081904208
1827.0342264711041,488.6347729952407
1827.2358880738134,384.5104057155724
1827.4042934213999,250.24963690105244
1827.4963851720374,337.53280906427295
1827.86878463206,303.5559590316977
1827.9846601984502,323.3558544197531
1828.102669887907,341.59782418401795
1828.1855803920043,1235.360437782815
1828.434154945441,651.4243398565178
1828.4498154522057,389.5054226478785
1828.6805025990623,264.0502273054171
1828.6909749377578,402.7462107511845
1828.847154047059,643.3201018985013
1828.8577159676058,1168.9731592277158
1828.9222766013775,360.4160978374108
1829.0447804157757,452.8809672953832
1829.2655551228274,328.08706801339633
1829.3018083106879,1822.4367937128563
1829.372359867265,1655.4753879796096
1829.6437956320926,381.19206283949586
1829.9128030558352,1038.0094081587733
1829.949631360307,1102.4776854933393
1830.1823732083817,1492.5029680890177
1830.3651527060076,461.9708516798542
1830.4143848213052,1292.8655046768117
1830.4421014760492,557.1537281581392
1830.471582151534,1053.2014554775894
1830.5491621936615,547.6116923810268
1830.5598563815615,400.02838578652256
1830.6875994277498,686.4697864050248
1830.8466541008754,512.4215496963603
1831.0799054759168,1095.4206987320763
1831.5069543317209,859.8614248213953
1831.5330692768657,446.361013827859
1831.6993086128227,407.36191876255594
1831.803356565651,358.8806481611113
1831.9129476200687,368.6085224474892
1831.9290873591412,1236.6930662005361
1832.3106902161512,329.92014843809085
1832.5246373396728,415.38547024356325
1832.5850877942432,871.8787884107036
1832.7111088913482,254.1406950901673
1832.985192453089,603.7041930330993
1833.0657434305433,1160.1996579111124
1833.2759989989054,756.7343735283664
1833.3977499421683,1258.9211388009119
1833.5022441447504,1070.234617693858
1833.5723062632528,296.80926260946643
1833.6942372368176,1492.1906614717784
1834.1321499689827,374.98436845455785
1834.2687200403998,756.8504761645014
1834.4414204239795,484.7951095284172
1834.5005271629616,718.926726537448
1834.5437800577802,611.8295812947264
1834.6155514357051,809.2895841573811
1834.7432589032383,526.8140512434686
1834.9387028567596,297.7629393082948
1835.0246046238392,476.725845178834
1835.5134026386718,857.6978925535207
1835.6856495755853,428.8708492315827
1835.8154344126242,731.1944355638414
1835.8718110179366,406.5984896837097
1835.9112278740283,1329.5070413400827
1835.9616456909112,331.29396192895075
1835.9739603367066,2722.793948669202
1836.2846561941008,819.3695030927606
1836.358926006651,736.7371831634583
1836.4556939115766,1289.2648813817623
1836.5281078308115,1263.3498104866865
1836.6561661507135,1251.2154765208397
1836.8440483554136,904.0777273514118
1836.8938768306066,443.3808861089689
1837.1094813039003,593.8461927723374
1837.2619751048983,1961.7346582833256
1837.473579380289,588.2480140803592
1837.7381994657053,753.1421861680428
1837.9225766807574,1299.2822911347262
1837.9582409740212,422.185948645434
1837.9994312936633,474.8569657462884
1838.1917656525268,1441.4164839509128
1838.2084131269137,639.9829382939505
1838.2242100819713,1458.2590387719451
1838.3390176112212,992.1720769801782
1838.5759347683725,337.69892606817507
1838.5922634602846,449.87942107036145
1838.712267233666,2493.8174647736587
1838.7872227880118,909.4695241640441
1839.0415566343381,342.0073809120863
1839.3666788688693,680.5288006265368
1839.4986178841114,1000.1782180679048
1839.5322664958082,413.41993516929375
1839.608373731256,774.8531742515676
1839.6515568939794,544.6584378041018
1839.7020177360105,268.8754770740019
1839.7742337301477,488.3805290660486
1840.0157401041183,447.90295163970154
1840.0437306449962,1116.2850997591886
1840.1235056157175,1745.8990248270184
1840.144203630699,434.708791317508
1840.1843895037512,383.5297564043285
1840.4779417263758,932.0457079937727
1840.5868364379469,307.69410163883873
1840.8620550695468,784.093049321009
1841.0688109797698,1671.0927641136263
1841.0970599111563,340.7696600207684
1841.1406770066073,255.99649729946347
1841.3084796187393,403.4484502829387
1841.412527198787,883.6969696139155
1841.4560278395063,1512.685514877184
1841.5458627325934,382.1849958772094
1841.6036928232284,684.9571525692918
1841.659555528376,456.9582051183146
1841.7092660557182,1608.4672954933183
1841.8512116758639,785.1685957926513
1842.3529071542794,480.6917306690983
1842.8124080552911,338.0565807432431
1842.9921192525437,1777.551167310366
1843.0340721135408,1826.9139465127766
1843.1143301292168,1949.1659945961062
1843.2722886617182,317.2106740527434
1843.3302433645283,1762.7947531087061
1843.3607217340984,1443.95853997353
1843.6587594084053,458.8374338947849
1843.6855112063126,904.3217220310681
1843.7039766881815,296.695276285497
1843.9123075794068,1208.4010404758906
1844.0263803535283,1187.266718123983
1844.039286784719,570.0983541147884
1844.077040180244,558.1572695984572
1844.2776857938384,577.9802523469566
1844.3179972575583,581.6376840045624
1844.392075917472,251.07604548151286
1844.4536557055146,681.4403982733699
1844.6059898335184,768.0488975247049
1845.0070102317054,904.4179570016056
1845.0177107384604,616.0091695846826
1845.0464077082095,417.00629302376257
1845.1379669419964,463.026936535768
1845.4410725807693,403.8077589458435
1845.5739106120552,338.68604178543256
1845.5920348623947,817.2911406608762
1845.7198753223543,816.5451513101697
1845.7467665886938,569.7037061194732
1845.837189855943,404.51942303213116
1846.4600484554305,648.7452397151644
1846.4925403910343,2061.881652627835
1847.1125207144464,1787.4603800422174
1847.4752973818495,2810.722321823513
1847.6106595582883,755.6225654330796
1847.6979044643642,367.12350651404455
1847.7352002810528,2112.9598932608487
1847.9928950837475,327.33127456604154
1848.0504149259002,359.2578694828954
1848.130798700726,542.2907521704979
1848.3000526226012,258.1074341583552
1848.4906359382135,582.7290798203342
1848.6648220795348,1770.8680822983579
1848.6930808264387,941.4266009694048
1848.837198584203,963.5146732641751
1849.1800380125828,324.5833635703771
1849.2886491967008,465.88820318958017
1849.3988337065682,1890.8115722049988
1849.4301178977666,326.02704792133625
1849.6558532794709,444.77091954866256
1849.7383820908685,372.85836240825097
1849.7809283507697,1212.8191535787441
1849.8248412063328,261.4001154782361
1849.8806630022948,355.20587509273525
1850.0701011779322,323.1043975940084
1850.1042042534734,806.7733546236295
1850.1210993580228,672.3405630991123
1850.1875793315996,375.79382685109493
1850.2219631393414,587.4741172881222
1850.499360221531,605.3798878021553
1850.603162330859,269.8739907995982
1850.688198310033,664.8246668673116
1850.7915888007483,655.9041449611949
1850.897451305501,1040.559135205634
1850.9182845973125,699.3230607984459
1851.3389782636623,1609.7942294029876
1851.368441623747,274.27744701744103
1851.654563065178,348.57339315761715
1851.696451239187,902.0208642132052
1851.7981560483897,698.9059574117338
1852.0657462142005,259.09615188138963
1852.1607386350393,736.1613403623842
1852.212054813533,358.8093393927792
1852.4084843740618,446.9373406898265
1852.449558296219,316.3815432315771
1852.4813859483502,306.2410524328409
1852.6007855800976,611.4205420071002
1852.6310529733269,422.4328311118402
1852.7847355926156,378.21588378064246
1853.0724725054015,486.0617773381749
1853.189081283417,772.8852454248306
1853.6575922242885,282.65237505672087
1853.768594167888,546.1529525136706
1853.885109342537,417.95427285722155
1853.964489490386,315.5412739862411
1854.0396352790435,630.4847291735244
1854.2398036958703,535.992095096256
1854.4408929205429,1530.4824519643953
1854.599825194773,710.6864650341873
1854.6286462638955,321.05296025762465
1854.8881222136602,300.5693316624317
1855.0780480227763,782.2964701784689
1855.0882789520751,610.8876529026408
1855.331025239772,694.6391926309743
1855.3757733572977,1873.1606456619345
1855.4160347088934,822.2588206982665
1855.5080457806096,702.6249343115794
1855.7471177996815,696.422190455151
1856.2008600319966,1240.467811457409
1856.3778157126371,377.0579522192443
1856.400933090992,313.1266569982237
1856.460626667349,315.57727603269245
1856.470226541688,485.66134802918765
1856.4897272887606,580.8551233125485
1856.5639085761745,347.27582758286826
1856.7902457016066,432.2753683791168
1856.8157914314265,340.7983975211948
1856.9638591006967,3061.5596432117713
1857.095425412551,282.2179543239917
1857.1688589940948,318.75562073846294
1857.371882413466,1035.2065748919588
1857.6139803260287,592.2674525108614
1857.6307529660871,852.8590399113662
1857.7435120850487,1638.633497164581
1857.8665762173061,689.8700845153514
1858.0357569064724,442.4441807240298
1858.2568780644492,527.0908833766226
1858.3136565151076,377.49826866405084
1858.357791096334,731.5810228727744
1858.3877166267941,447.64151725392935
1858.4079359194716,1169.5706487776347
1858.421316748019,321.19776076467406
1858.4537000998941,387.85139190656827
1858.6483536148255,508.4524780122414
1858.869208580732,460.89976644949957
1858.887205043966,302.5693552355075
1859.0274458724894,313.28570733890257
1859.1216797117936,479.82856058836813
1859.2800245382593,416.26019080901096
1859.5011750261885,716.6407873541838
1859.7501094333954,820.8154452235009
1859.8551992216123,396.35552676556574
1859.9588978504712,901.3507367751203
1860.0955341876568,258.34234158903416
1860.1633482852305,314.8536768122004
1860.416566676844,813.3578774052971
1860.4790071943285,288.06870172777053
1860.5826773743127,780.3890774440947
1860.600765330047,286.3608540417499
1860.614041762472,258.7310401240873
1860.7265585798361,1333.2650241089557
1860.8399904469265,569.8443426932913
1860.9467913228932,773.1182799051663
1861.068629956908,873.9183005730016
1861.2926074398774,356.3017585809211
1861.3057495561452,400.9876559706487
1861.3337731089366,330.8641302135332
1861.34619378791,332.64894768874984
1861.7132200080978,1663.4876854523616
1861.8960162699748,1179.4163125133869
1862.00439951628,275.1746692987723
1862.0453307221158,291.86562320424616
1862.2830849696215,356.9253090540383
1862.4329453997427,2302.1102726956055
1862.7791332441682,906.601708582045
1862.9377791240304,1121.5680865018912
1863.3038362059071,396.74976092086223
1863.5478099921606,702.5467548717107
1863.7192596585346,310.39211404590117
1863.7547249248648,899.901135724166
1863.8599394256075,310.2873589711824
1864.2041793726014,455.64057564196503
1864.4543916386733,541.3535234808938
1864.4891986119019,890.1037287392847
1864.8296391707036,575.9702264123994
1864.9387678611015,8016.120465712928
1864.9687299869297,280.9627715451234
1865.0070536119792,670.3156354040946
1865.1609360596246,408.93563119950693
1865.2059875611924,686.6250894026064
1865.31329211261,594.0023113001151
1865.3940947640485,1435.745815164399
1865.4146472729217,936.4824231050239
1865.4487465623795,686.5977466447694
1865.475809707562,790.2336026897385
1865.598012434328,350.2081113632778
1865.632443360743,422.5038567097931
1865.8931686365336,1018.0375549224655
1866.1112960121377,854.0165287975655
1866.134133010318,272.297481161546
1866.192404459002,351.5668734590891
1866.435497187408,731.5597368694971
1866.6861364618694,560.8439792491221
1866.799359188605,512.9982820460834
1866.9699096366053,701.3662157795095
1867.0321347621625,257.71445091996975
1867.0547254723065,940.4635299247697
1867.1123425764363,750.7852086528328
1867.123452342107,2915.098699310664
1867.434944455382,533.2931644124112
1867.4871993617437,539.1122724011796
1867.5335084908018,352.75364266255116
1867.6853300894504,379.7135164307992
1867.7481941396352,715.7104695818371
1867.7615685550518,601.0074569229284
1868.1495878126489,865.8035990818529
1868.2084746664746,1652.7946350679554
1868.5809462451969,638.3286591697862
1868.9859805559877,685.3362115396569
1868.998529140693,801.3312398339597
1869.0611185528187,308.6008269995228
1869.0830787826783,679.5284590388688
1869.1221634347128,570.6454521904352
1869.240320628512,620.9444681195673
1869.2798615247038,388.1537551261354
1869.4305893035437,342.82308583969274
1869.4549939962144,524.3746881995938
1869.4736851356793,558.8024421279338
1869.5606783790245,280.14582063277396
1869.6898972972729,573.5136006504595
1870.0037792620267,1558.977362784238
1870.016648612399,471.3654889458521
1870.2178073110888,923.4100812423626
1870.2599583826025,790.7586929377603
1870.4065169901178,447.58348156179517
1870.6336414274383,584.9586698811157
1870.7571271371728,522.4404633245805
1870.8892111728155,793.1758432969981
1871.1612193207698,291.1348300061961
1871.2709966807101,1151.215008502115
1871.42334315441,256.0695358338904
1871.4700098203232,1448.022689837377
1871.5719275009533,1012.283129751513
1872.0450107035977,273.28791894517667
1872.1556526299998,296.01050108655136
1872.1963599099588,602.8855526742725
1872.2750966699273,546.8395765528734
1872.306289152048,316.8832579235706
1872.3232318708253,401.3194448099965
1872.647376102133,578.6123676700537
1872.7088730526725,332.56799858723406
1872.728302167419,389.5501997798324
1872.7809175893526,1314.9726701420984
1872.8282515350875,728.1275322307253
1872.8821680538827,571.9299541197744
1872.908628625159,933.2021260028466
1872.9652428236989,499.346753337822
1873.1554392782764,1909.7002201838852
1873.2126060899072,1982.5401020690558
1873.3393747454215,579.9772747632953
1873.3773461860285,5949.40055244111
1873.453504102804,618.1172914046379
1873.5608312134127,1568.5200631687212
1873.73247852931,543.6971711392875
1873.7619240433235,1054.1792729670783
1874.0418494703702,976.9895690289501
1874.1936247835467,1576.5664499661605
1874.3355342333068,1392.0066210843681
1874.797232755631,376.23816863007255
1874.8451525842693,726.400353784577
1874.9674102120819,688.161698683058
1875.0226676928853,589.4456578509181
1875.4124682103193,790.9523638110456
1875.5524246866007,287.3086482942021
1875.609939073444,696.1561560670998
1875.8127775706878,559.4569382136023
1876.0134826386675,269.0603095579893
1876.2028365156866,423.6694389383762
1876.222494264328,1023.6638318556044
1876.4059662608827,789.1660320078
1876.424029268894,357.7117825490214
1876.4437535751913,698.2279515593175
1876.8732763859687,405.6996434698519
1877.1702030528293,428.85728766533305
1877.4709205765137,478.30397056135666
1877.5332202270333,4408.770273854303
1877.6708411202187,2552.5257645528036
1877.7419347970276,932.7271412379538
1878.2526458236464,432.74007637032474
1878.409675566285,2198.3925286441363
1878.45100747526,300.08824918512994
1878.5420513715992,1649.5175434561593
1878.8129988318078,393.13622914321024
1879.013880543389,387.2018153078496
1879.2129403645276,1449.1996572370754
1879.2749614456654,559.2800100299852
1879.3548486663103,520.1982421837548
1879.4290669366958,541.9025612845869
1879.442342653559,901.2034647051457
1879.748249041834,651.405226620057
1879.8401311663513,770.2976934539557
1879.873632359481,894.5103959596646
1880.1457896577608,411.9839862017482
1880.5608332845154,1190.3641811097807
1881.0624725913885,640.5292033150221
1881.0973553793958,665.452295229408
1881.1401861807083,393.5376381304258
1881.159136535617,401.1780858855645
1881.1709253203635,348.59210649084434
1881.2605239645102,362.57141095225427
1881.5334471320775,803.92567670943
1881.629784811305,337.7397145574976
1881.754942857243,647.9363755284652
1881.9424940541373,699.4906594797193
1881.9797544204612,617.4319832439954
1882.1009762969475,347.22510371587555
1882.15382526159,1469.1123000071013
1882.4043627011565,1113.6739556290233
1882.6418726999332,1603.2684519635573
1882.7870853565569,436.31443442785763
1882.798825980515,368.591701459377
1882.9688680634267,412.4151542356822
1883.0181387714633,273.5663008684074
1883.1176916666898,366.92424734186847
1883.2436948381405,1423.7293984607138
1883.25359657477,285.4995799133135
1883.3926454900325,399.20804397508897
1883.4224369484941,323.2211287578164
1883.5748917237156,301.5066788455188
1883.7734676110458,763.5225192287381
1883.8092263580509,272.6375604203698
1883.8626728362533,542.7183495356359
1884.1589186374508,389.1931907128259
1884.2957839430576,510.6403385207233
1884.4477096509834,508.9984049396173
1884.6056445460342,1043.7755801932208
1884.6701460325933,607.4553631161353
1884.9942983818312,1958.9540260467722
1885.0815571561423,1041.501704475693
1885.1835819860655,396.8996319575235
1885.6698446373007,1079.6687689323535
1885.7013273353919,329.7541290979818
1885.8803371539282,1578.3786316840892
1886.0565546473208,442.48685917395
1886.274989670569,335.779410390094
1886.3244548157961,577.2230171509469
1886.499359518302,884.6951233269712
1886.6079837802693,504.36453314282494
1886.7613132323563,579.7219111077316
1886.771948145233,349.88060190760615
1886.7913333429437,616.6170816320697
1886.8546180001201,1395.319969768444
1886.9937110088854,599.4345564232985
1887.2861056009958,2162.7502639836034
1887.3218572984756,285.02568758679007
1887.5813636192233,1975.2109161400272
1887.7149240563033,823.024841172033
1887.8251571268377,531.1342495013505
1887.854814698045,403.4648861454896
1887.864266475935,3249.2665487878835
1888.0774545578076,474.96759046955293
1888.5091328027552,339.68730733197475
1888.590594813369,698.0475242968536
1888.6858985633394,520.0528882148176
1889.0785720897543,776.1297622011252
1889.1227127329496,1689.5231741941855
1889.150631920535,255.4845603382965
1889.166055312954,292.37661756608077
1889.2253964819918,362.4400684260459
1889.3871860557408,297.89922558771985
1889.5515709222889,847.3568490593298
1889.5991417982107,1149.603732238973
1889.9039542438848,365.7981048876522
1889.928130045249,909.473387704699
1890.0043591256222,340.14690567101536
1890.014099123562,860.7536763708404
1890.3876524884904,273.2573109317055
1890.742994657128,867.3235897945189
1890.8084074975495,299.6084006774399
1891.2501019584472,947.3385680633199
1891.3306978096705,1703.6674308180395
1891.4262821424807,760.654887812295
1891.8388384927794,1457.2867302840393
1891.8588116697217,394.56656117860757
1891.9398169147714,815.8171424946612
1892.0229174263145,1463.3135123683255
1892.1520131589887,263.7462139674921
1892.2000121722863,521.4164790830124
1892.6439149018588,505.22043848639436
1892.6935134255018,704.0116937139979
1893.0401317810201,536.790411696347
1893.1306873407398,274.02279747776623
1893.3091541342155,269.2087159101275
1893.4108746309785,366.14302434048113
1893.4535790459686,831.5348054428413
1893.5863317375874,313.67636579063003
1893.8315313493022,490.4344798783544
1893.9535957450094,880.757032983118
1894.1611324947821,788.7137244348606
1894.2754426149288,258.5131559252242
1894.4688548450729,698.9740087612585
1894.5547140611548,556.3330428778711
1894.6210863915062,926.8576100747271
1894.6566344481391,973.4694454617587
1894.9735564748032,344.18438961220414
1895.050888185067,363.09992631402577
1895.3331415146802,795.140455421497
1895.6871147587296,1127.7135787491336
1895.8166834614362,380.7007834269242
1896.1944076670588,358.24514056954314
1896.2228370864545,404.7136304115755
1896.3485057479497,663.1672763031198
1896.3916629141124,2900.555731541269
1896.537510007906,411.0269716546528
1896.6010238664428,968.6589331982481
1896.7673408198243,313.291836513952
1896.8563892919879,779.8392152694626
1897.0187261513581,343.16540430715725
1897.0848740091214,435.482617894656
1897.22708130915,736.8583323710488
1897.3069729141343,566.4743518178789
1897.3468103166235,934.2077710504066
1897.4703349751142,549.012805657749
1897.5485849978377,884.9917747502656
1897.6424754030686,313.63990730074244
1898.155416738711,791.186564343629
1898.2457173297412,694.6808545813058
1898.2957687297767,826.5029234848296
1898.3827888320343,530.0942118111109
1898.4646419151793,1053.667093693537
1898.479006759758,686.1706854533815
1898.6233252761676,333.51739176145423
1898.8375083538215,2172.711817973328
1899.029378698049,365.0010246369076
1899.1916224088463,1280.1822383444094
1899.3362644517933,420.53791317737625
1899.4679653795708,314.6855958999471
1899.5482087954583,375.66430646122325
1899.661125254221,496.36787059437404
1899.7001554221465,881.0509971999296
1899.8590000796485,256.1019159114129
1899.9166004818808,1008.9627866692615
1900.0600969619277,578.2687456286293
1900.2617759963541,1503.1928563933693
1900.3730233489587,2662.2033233137167
1900.8477421718126,2331.9012641714367
1901.027486983986,557.7776861296693
1901.0869929625098,676.3713614508168
1901.1569790680048,687.3871251146589
1901.1900348694558,876.8393424515174
1901.4105419160232,2182.3203905956248
1901.5484921173613,2037.3443137007869
1901.692972595145,325.8909100777638
1901.926910239813,906.6807254202203
1902.004119273954,264.7945510415657
1902.0826399605155,279.56813813464186
1902.1092756923847,1242.5371428954281
1902.3041980932537,832.2992498990857
1902.3282962282492,773.7201916594736
1902.6953943552073,345.7259762229115
1902.8116023971415,482.34679356022923
1902.8571687395988,1866.616423727168
1902.8791955767044,1855.6175185056625
1902.897184418368,500.439202263204
1902.9573246836303,689.2280272654482
1902.9997386298246,251.34933952105004
1903.3145797560348,518.9724405806406
1903.3559301022945,346.72683882898735
1903.4240652332082,525.7430338416032
1904.376172134086,2217.899593132945
1904.4080721521104,774.7634619163463
1904.4541155480397,400.8023862627972
1904.6831949387042,510.68468027645764
1904.790203409027,1051.0039773871113
1905.1041691336072,409.395157152313
1905.1500188740126,6841.778465373163
1905.2352159560476,637.4196814375646
1905.3545385345762,353.85861802902843
1905.5410311832998,751.4337808058158
1905.55375851424,2019.2392276528258
1905.7625468044287,252.49868170898912
1905.8572852660948,380.94385764285283
1905.8675259733755,794.0264946483292
1905.9210269582795,444.21554537622654
1906.0855251340886,713.2949730612453
1906.125551517138,761.8087670958737
1906.1396737212606,1712.41144933043
1906.1851606232124,649.2196664561177
1906.2280519567232,896.6871705451749
1906.6536519617139,2418.4721386223846
1906.7316996720579,461.1131396610053
1906.7513118132392,2704.1725441330714
1906.793255277083,3640.6158548267636
1906.9975147341822,627.7528255103168
1907.0339813206456,405.7502775509655
1907.05226147537,677.1776021572964
1907.2403399520676,693.9667854075417
1907.3953950839343,932.4859444145237
1907.4541338106676,547.0999660982438
1907.5926613829624,343.20887133837863
1907.7122463029516,1656.4836091585103
1907.9472407846724,384.28029597768983
1908.0407232331822,367.39054920857467
1908.4132464571305,1213.3785669663287
1908.6810561299685,591.0973152007848
1908.7042508509228,842.8886698971105
1908.7623647272983,1295.3557515201903
1908.806272979868,514.0287007305894
1909.0531427985052,1124.4384157025054
1909.257216090708,571.9949689163748
1909.4000412033604,462.8420819860375
1909.4652948984906,252.7820675529499
1909.4875481505467,364.6759785711149
1909.5452646550923,1561.3866488087265
1909.8734415003298,279.2349170707235
1909.9117381711656,1671.8016422556047
1910.4862630329708,543.1887634427452
1910.5753139258882,1063.569253335283
1910.7014656306499,1657.3189610599354
1910.838222355275,1939.1285059207178
1911.1780793246626,1279.7561632889508
1911.2661419586598,330.14342669871587
1911.333138552694,1506.3406914524594
1911.3503594777856,642.7792878031854
1911.7099878397905,672.4470629340657
1911.7809900192703,1651.0760236680583
1911.846569122745,932.180462110106
1911.8983383618927,410.52937071271464
1912.3330706478912,280.07843152264
1912.4229073355373,436.8209618741596
1912.4550308940838,478.4660064579004
1912.5016797157068,392.0041178080909
1912.5827638563428,355.6403463468478
1912.7335230843246,1595.4172822882488
1912.7861208857842,1258.8160200717846
1912.873737603367,1490.6695299907747
1912.9030816352133,482.22958116004116
1912.9491639287537,1896.3953551979741
1912.9820317587755,685.0662649815421
1913.2064644372924,340.83038484862493
1913.3003743543698,416.29515906019145
1913.8181745152272,257.58502375781427
1914.0661914810219,1184.099635620338
1914.327374126686,875.2709942534431
1914.4547986257544,639.2991236915502
1914.466449353851,328.22597175485123
1914.5462219792043,481.8133553699327
1914.719337263013,1362.26511120807
1914.7579075922927,3452.208287710944
1914.776314593581,783.3439901182264
1914.8047641074938,1139.5510410656889
1914.9584169761674,601.0967249750819
1914.977937140611,540.5365266405119
1915.0641624108923,288.9162214061605
1915.1604392141599,262.8128868738726
1915.1866887530084,1225.8736146074023
1915.2391954683333,356.41348605885236
1915.538016387846,709.7384027607665
1915.9344222657828,492.07469885822326
1916.2832480091113,394.5219944881298
1916.381372280459,279.33701202768515
1916.402178590847,1545.5127555911868
1916.4782413420226,318.9043394231634
1916.4910589575206,1899.5278378948408
1916.540941735143,757.0392525724775
1916.556035093095,625.2092909450977
1916.8670974627587,296.8394405434849
1916.891192985827,830.0165213084697
1917.1202993888978,569.1741950475667
1917.178667560446,421.7392190293569
1917.2479597985982,2352.5528926040392
1917.3484886263104,455.3898932279119
1917.5150292009923,592.9666439093057
1917.5582679822355,468.84746018971015
1917.601668729089,271.252696129163
1917.653502935248,571.7893986473197
1917.976868619274,417.1704251391717
1918.4648615454917,330.8428623194139
1918.8583732037323,410.6524290995713
1918.9217465803004,399.50257831947437
1919.120909383491,256.4370814548943
1919.1531901397473,596.706967582986
1919.2459110092432,451.74909266443984
1919.3400709315067,639.9774686566313
1919.3694161200242,289.3223573680239
1919.408862775167,358.98358252994706
1919.588536647397,380.29622243989274
1919.8011832427344,1189.9847372400834
1919.984727029244,468.28252491384035
1920.069766347186,325.29681257308283
1920.1500449281586,427.2771041947634
1920.2745773188608,571.8591407205898
1920.3225016785111,482.37627388580097
1920.388014365549,297.4880248229846
1920.4188721589348,1038.1773417202328
1920.4376615215087,457.74166311600936
1920.6979585016168,337.7334197394092
1920.7583818505893,466.20050454846063
1920.8223042102416,630.8108063749027
1920.8949560096635,324.4185445703614
1921.0678787973218,299.3237698708457
1921.1946511254312,1431.5363496529806
1921.5270426056238,505.93523455937566
1921.6280604268811,396.32466774346915
1921.719496950952,679.5841442929309
1921.9184765645205,1362.619458028756
1921.9284330172134,962.8071638678318
1922.0265609321057,426.31628334362915
1922.1900899271977,496.05958459097155
1922.250950601116,366.24437070477757
1922.33825917928,580.7406673304035
1922.399854216697,289.92396472678047
1922.4456609341496,2763.3614561098952
1922.5749935915771,626.1279656792101
1922.5854801541166,979.5054066976361
1922.7067536902478,876.9537865429095
1922.8698116639252,349.95683665569976
1922.9074156822999,396.23508370729087
1922.9716424801395,900.5119678699493
1923.4146160574269,884.4191085980104
1923.564931970231,465.5345336226058
1923.78165399228,884.9339810630931
1923.8235122569492,1269.4546113500446
1924.0002884390867,974.6440777829614
1924.0250680228326,829.3759008158795
1924.1372639213796,465.821766007039
1924.1567023650077,1542.0356916168594
1924.2357838588373,470.05719150557127
1924.3736865799392,1632.7245357249556
1924.5309677284067,648.8374738484093
1924.9305826983664,385.42234089624907
1924.9657937512623,1416.1216910255507
1925.1587168592382,414.96076305821407
1925.1963351378804,1017.5374461450398
1925.3747850422567,383.26639736289064
1925.3967379358535,2157.2990678221486
1925.5425640856424,295.109197311285
1925.5765227332013,572.0468292557973
1925.632085608916,357.2376929119942
1925.6484758183956,726.8827365960025
1925.8996929429074,322.0687433415153
1926.0587971220891,319.7227540532333
1926.083845868495,425.89932331986364
1926.4362948577768,833.2354098656328
1926.6760068526455,961.0981215667817
1926.6934463067025,807.2742186256573
1926.8502937743474,361.1665451072719
1926.9124215636346,2306.15811797478
1927.0324311692564,844.4045727264133
1927.2028813717595,285.3842214531085
1927.2302488880894,566.978396359637
1927.4487554235855,1031.235203761071
1927.512596079563,767.7614053286943
1927.5554072372845,1208.2884452116632
1927.9145622069059,386.1424443354624
1928.2154139006757,932.8958052668702
1928.3195863955943,1372.6258352362772
1928.4050279798375,318.66265961699617
1928.5438009369507,391.6943738388665
1928.709562057931,2074.06982537451
1928.8070209198231,316.5751671927113
1929.1446978435688,363.51638946970286
1929.2949087906793,664.8582650729737
1929.3605487263171,924.3617019249929
1929.5068358699457,687.5771667058149
1929.6128662377323,1579.941853966064
1929.6623710510896,931.7037966453377
1929.8663259109062,286.164859034648
1929.8784230799313,399.96767808264104
1929.943131240773,774.5004634769574
1930.3085912095905,1350.9033015977325
1930.5099642178347,1183.1007018066603
1930.6089135575758,498.35805131050824
1930.620484756122,256.85307344514104
1930.775838025075,425.04401802141524
1930.8512959193426,364.10168928185357
1930.946714794081,1452.0173586381893
1931.0093077128279,2230.5414067616093
1931.0462468099572,513.7304910747512
1931.1347137007874,836.9007169623937
1931.2827489538627,352.1569873827769
1931.4056603033475,386.8767633356724
1931.6055964787965,446.02355167145265
1931.7828827465785,837.370191047628
1931.806443654342,370.28534886290157
1931.9603365658795,311.4327711452795
1932.1090821220978,514.6232430991176
1932.1407983449499,945.7117437751134
1932.1690999821915,950.5472094535288
1932.310121853792,667.5465863329433
1932.3638464890996,1407.1199694498728
1932.4177976510864,559.5586877443822
1932.4484024885069,444.5773366688175
1932.6782285212364,356.7979739831981
1932.6984332199627,352.43994518981697
1933.066237958423,337.8473377363755
1933.1429958333197,329.5413526220808
1933.2449592445143,355.46011142818486
1933.2686768065669,762.6830989747364
1933.374664339595,340.4260857666265
1933.504600029881,972.3917864447915
1933.5253819321526,425.61575126775944
1933.5475925037729,567.253932800456
1933.6516653934,750.0141332739922
1933.69681845922,1335.571406941617
1933.8304603156587,475.78948875548997
1933.90901693019,649.535810950195
1933.9340087835685,262.6412642912261
1934.1136374461773,522.5819475999183
1934.213402921982,1022.6238412918776
1934.3581806511124,2116.1632531135865
1934.6495096798133,401.5416568239992
1934.756723773895,1345.7573741646663
1934.8187248527352,1964.8497825605402
1934.838692343958,266.5014141850265
1935.0597091647974,650.5957341832113
1935.2711630960312,565.5135862860902
1935.4244695632676,330.21997913118145
1935.66374056172,439.52207035619875
1935.6936188049929,342.7055341501655
1935.854752560312,473.192619323514
1936.0794891195449,409.8093655928726
1936.5159660317036,392.3616640845887
1936.575850599309,857.234462503421
1936.6157463641237,623.9420513771164
1936.7894171237758,652.7463480397589
1937.0923890949875,643.6032988310144
1937.3381369113831,542.9078437313141
1937.3532934175037,2623.007625091735
1937.4293322543454,610.9496891538607
1937.4889639279077,751.7759092235376
1937.7799798625622,473.48647460639745
1937.9186803878056,641.3013801720131
1938.0688783708983,1705.3192034924568
1938.1049389303234,531.5277872069552
1938.328650495747,766.9919625466068
1938.6169624606596,328.31776104775395
1939.0582844041433,519.8384548667855
1939.3313156326315,857.3945808848189
1939.4272349396335,350.1794432445779
1939.8162965515119,324.3438224127338
1940.1206291515507,335.49381957157675
1940.1765192726762,899.4154745722627
1940.7377064256002,283.68534710765624
1941.1152306850497,421.0603919931005
1941.2569324739402,565.8670775177605
1941.3725723504851,367.28429227428126
1941.400827055928,651.0624480302934
1941.4924780804697,285.6295251526697
1941.6337618331886,1942.1477241409234
1941.7325335144096,533.8588819139753
1941.781488765612,366.77524073893176
1941.8414651741941,257.53985083337284
1941.9001613587748,418.2153548963562
1942.0258069363724,522.6697037090242
1942.1656844095423,289.84464830504913
1942.1827912633958,396.74873970143943
1942.352274843461,405.4060815976449
1942.6740798029755,282.3822846485188
1942.79091392786,358.65463193797063
1942.9289210470633,331.37042531821413
1942.9974192797322,1104.9191432467396
1943.4653048554173,596.6304455230674
1943.6278275110926,2403.8417052122045
1943.6652969626518,488.91793852225095
1943.735405148153,428.03896369078177
1944.1465409080656,589.3134602490537
1944.3177486546042,333.5931595432733
1944.4053998463114,432.55624585711024
1944.4455549952454,498.21175767603006
1944.5437014965323,489.76381749854903
1944.6022003128892,256.2151127422134
1944.752162812455,397.8417066114989
1944.7802062505923,1211.980729492763
1944.8621595457803,451.6686558795409
1944.9226331923148,274.0284383603379
1945.1419191619311,599.7392909894185
1945.5010137833026,1220.9763123854286
1945.562390991577,974.8686043889707
1945.833840049584,284.10290926746507
1945.8481962167984,288.22188338598113
1945.8689519522368,319.8222969176497
1945.9579145256046,486.80340304670244
1945.9981261574467,1179.0809591349675
1946.09024028423,360.8411266193418
1946.3391785675972,1555.4153791372564
1946.361379562541,732.8686289107815
1946.5267808141052,820.5778417883123
1946.6795734482494,353.48781249390714
1946.7089679354874,500.2377212166888
1947.0824773297534,1189.7017151823266
1947.494616249363,299.60815062106565
1947.8254910572798,432.21498345624246
1947.8548132403084,308.62292781039986
1947.9430659079649,522.8536197052939
1948.0379025780026,1452.0537484436431
1948.1044260342624,442.74977785751753
1948.1348500474344,771.1542961945815
1948.1740334999301,393.4536771568604
1948.451511685267,310.8381274258809
1948.704245351506,665.8696021813013
1948.7752741435959,623.9493206216008
1948.8509722759186,1619.7942280475984
1949.0993267349518,868.4358465517632
1949.341854322666,1093.3206274477348
1949.3831370132496,521.855540319945
1949.533353802755,764.2516979482543
1949.5894799522118,268.5195932032125
1949.6362663814075,656.0078431658237
1949.7248506515546,1351.0779474355247
1950.0166812238976,540.5179931727796
1950.0391865884035,361.24962587634576
1950.0922991181253,1470.5141171721186
1950.4516025449032,817.5988900572006
1950.5916063636016,489.0860030358596
1950.6311732649617,1154.941216793031
1950.6474029364097,1087.8657689744707
1951.0214366359733,1771.125686506091
1951.2072275337005,316.4466686735981
1951.4919343899035,331.66595043118906
1951.5555788568913,473.43889910941766
1951.622676120971,412.2632403209964
1951.7598681150105,308.78831756767136
1951.8246728035117,924.9960566820563
1951.8488571795956,711.3279753271732
1952.3004931596583,2002.240182835937
1952.3261914520276,342.9280553737699
1952.4530293736232,344.7162661632996
1952.6142527755856,2652.914160093742
1952.9010074011924,566.2214851858438
1952.937742610991,765.8670099700893
1953.199942274815,286.75049094314124
1953.2916000852226,599.6712162825675
1953.4159449150484,1588.454610871434
1953.9465101788896,382.6650402390771
1954.2586882113264,494.44933011929174
1954.2709177342804,697.9695193598008
1954.4540211589674,594.5523033059318
1954.6128634614538,1327.778318167808
1954.7047198670527,548.4158134143252
1955.2516303579587,788.3631569619323
1955.318363101164,398.23891148062796
1955.41557071958,493.7867852628817
1955.4554226949385,252.67103656050486
1955.4772638314248,2305.8255768163554
1955.5380983418602,260.1044409131945
1955.5526913506303,385.47779601739285
1955.6840696872925,1732.2148405573155
1955.7286932118727,705.071406086765
1955.7613272037052,811.0200365989747
1955.9463635328334,277.36308216546246
1956.0564028120239,276.1137008487663
1956.0886213133895,750.4835397679057
1956.136453001474,1215.7409608347
1956.2431349712956,2014.9787811425267
1956.377699654612,2282.7821173851194
1956.576152218876,1003.986843913178
1956.5883182343675,402.73652127474867
1956.6242841006979,409.8604255390367
1957.2073348215847,351.09724745533657
1957.4663114541165,329.89033813910953
1957.8150197883015,512.9734189660114
1957.9241932388377,773.600159396055
1958.0015777563572,2079.1682464560213
1958.0436437549033,256.4713955331848
1958.0748841450024,268.2119634721648
1958.1123490056139,1075.9591149500534
1958.3243574548228,577.9366142509128
1958.3720964281279,1786.9347971162342
1958.3900018934132,953.3421698191813
1958.5751868390767,1318.8089527061854
1958.6096932399225,298.5087012181138
1958.8725557464825,592.9436997838917
1958.9750091579117,561.2295131169477
1959.1041919332833,668.2418000294068
1959.2860748906703,896.6883286134511
1959.304462988218,477.599191166631
1959.3560993461401,365.3092155796217
1959.385137361305,390.5738550139509
1959.4544911436321,1367.857211474695
1959.5694818898444,359.043608087795
1959.6167468337455,461.2496441665855
1960.0898507363356,1117.8869191946155
1960.140827598435,1309.2464131466425
1960.2104907158232,855.7195979592068
1960.383396771922,898.6958421438507
1960.5570370216133,632.1016281906401
1960.6207930497212,427.5465081501672
1960.6915395179833,922.5806663263888
1960.7379180832647,746.5697551139897
1960.838344305901,740.081898731128
1960.9074931618745,1434.1959890340172
1961.087934208175,1598.6576774533517
1961.1428997720252,1085.5308584079235
1961.2811726779098,754.4261241062303
1961.476665008143,888.1433692638723
1961.5521033812126,956.404100304724
1961.6421562369032,304.8442801484282
1961.7945884723113,626.2440243414923
1962.1369682731508,686.7768546677818
1962.202325646061,349.62645022246124
1962.2944646742887,417.3616300746966
1962.434662639663,2308.1626868244325
1962.655324922781,1010.2808306453084
1962.7037202778413,424.59082159713034
1962.9766249758338,474.6668994405764
1963.0502582442698,798.4444804350153
1963.0980791576887,958.2617413640417
1963.2400232907598,295.54285948277476
1963.618501919095,386.31342877920065
1963.772363571959,256.69050785353164
1963.8280040960587,2747.4892061443725
1963.859165327776,772.3571692400325
1963.9871912258347,976.3361932820676
1964.0534574535661,1390.7203022510594
1964.178614153804,286.2889542441989
1964.2757939817154,623.5523224080152
1964.5663553977015,763.3188073394934
1964.8437124085979,323.3225328726495
1964.9679047541383,284.0781768172216
1964.994896903561,607.4933722340626
1965.036385346029,577.8049897891964
1965.2069966721513,338.9891141039424
1965.2639292138563,334.3289383049028
1965.3216853815813,621.7337446109527
1965.5954053371613,284.25191419300046
1965.7480701690208,522.1341345971833
1965.8499455208946,1779.9922258937947
1965.9219141444414,1671.473544298031
1966.0040079946305,348.9239563012139
1966.1275125226364,432.4391336547475
1966.238661991419,1004.0363366845158
1966.3037035395612,250.14617736143174
1966.3270849515393,596.1245611572906
1966.377057875779,1271.4379485930658
1966.547074828836,785.9034907653588
1966.566724638928,838.0592514718065
1966.599443468316,1015.5868319536129
1966.7294383239737,339.0190118328055
1966.7555541891313,341.05049554788883
1966.8651504611162,717.2305331897551
1967.0098294226186,463.2584852492282
1967.0247772827283,2485.678533575828
1967.1757392128918,271.14145067848426
1967.3261945502888,495.91149501619157
1967.344029306232,1192.5100051795562
1967.3590766812847,396.42064395115466
1967.4066801010913,1199.597209006077
1967.4807375543908,1293.2623594520496
1967.6619906823214,267.02206792410425
1967.93746993255,564.6201054021849
1968.0844233165692,4394.945969845827
1968.0986953274155,739.6973873993016
1968.1690165743926,2200.3819460067007
1968.1955446332638,467.4851539589069
1968.4886665901226,261.0043168863135
1968.5949483769446,445.277263897908
1968.8604454618096,1762.2279075840038
1968.9109395050366,592.3190901595813
1968.9425144368474,858.1193543918098
1969.0612367019094,612.4608256082545
1969.1564271668062,566.4849827719285
1969.20106196358,257.7143884218114
1969.2319366259344,252.3562151142336
1969.3853059058483,382.7914327539505
1969.5885143162275,484.15050961845174
1970.2862007073793,376.22023352683425
1970.377547533024,805.710558388955
1970.6274201199858,290.09224617090246
1970.7496367961946,1122.2142686765121
1970.997102983503,794.7237609376426
1971.1153461380945,858.3998951581179
1971.2411534553157,364.1269282426859
1971.2683276459718,878.1946497148497
1971.3175970038003,1574.3674599386843
1971.3289279177354,498.9507690092525
1971.367261813375,769.5422733965285
1971.515253108594,657.1030746915987
1971.539452523323,592.7462493768388
1971.8325258907978,1415.8429466149278
1972.292073602211,1461.0286797167173
1972.4853179867755,647.2460861680097
1972.519580488946,956.7747588249314
1972.532797698607,610.4128031771294
1972.566239875761,320.9928348302897
1972.6039983710175,723.6301633629465
1972.6957862566248,560.4166923648675
1972.8354100448391,999.3118540149168
1973.0421973212644,752.8863375506774
1973.0688164473875,554.3741050060156
1973.2946412104984,4117.636742042309
1973.3610534241768,457.8922523235546
1973.781933102511,289.5267695588456
1973.9406527987999,460.1940123018859
1974.2275518846634,1512.6859958432494
1974.3152401189452,949.8915170351468
1974.332270407049,1013.1772792047217
1974.5178306614075,299.6030571413161
1974.7013848005856,478.44220594276226
1974.74229670834,1302.555735630878
1974.8801205243585,544.7754743529948
1975.1063237560156,3465.5065997681563
1975.1461481649953,874.9049562440367
1975.344670728859,769.4628854980041
1975.412265930091,1262.674843768329
1975.511826841633,937.3921388479762
1975.675072225204,295.88472746718315
1975.869407830754,282.28869620483107
1976.1136834843585,1909.072928680461
1976.3884686512097,627.9470446517059
1976.507134450294,800.3850052834123
1976.549893352338,653.8889033211299
1976.5990533001589,721.7394089257241
1976.6174726152767,312.85886122683553
1976.7123723037455,325.73019432389634
1976.746880578546,413.32808906807344
1977.0460946569817,2635.4551102335467
1977.117433203428,530.4672488464469
1977.1602629237634,424.61903480073096
1977.3081900652046,440.69167831994537
1977.3308654295704,2704.5322158019344
1977.3999467918884,316.5746597393457
1977.446320974117,483.59959503278515
1977.4855711846783,1136.0459359438269
1977.6882140512587,1323.299240879803
1977.7341970125049,1059.61786316563
1977.8243537255323,344.01466575593014
1977.9286390915204,504.632345806624
1977.94374083261,531.8434851869209
1977.9938152484635,1194.5068193908753
1978.0346685313657,287.2045682652447
1978.1116543072967,717.4481073165277
1978.348243530843,1631.4298076970647
1978.3706791712113,1689.4061503357689
1978.4115612950457,321.951823934493
1978.5149673903368,1666.710083753327
1978.5976547452756,1300.6906611161685
1978.8535386813714,975.9066348110621
1978.873568455196,514.9180654646893
1978.9522837727698,823.8298987531297
1978.9670466184775,409.4208604055376
1978.9896098431084,1213.9800606177423
1979.0805713634668,359.5777347916091
1979.2864259556927,721.6384686895168
1979.3774657690626,718.251749995096
1979.6412325616154,729.7011639709983
1979.7249016639278,647.3748582235353
1979.7751041382196,485.54481416308965
1979.9125897631584,843.8503612466945
1979.9470190910495,1029.454375562869
1980.4231289831898,420.0140480283969
1980.525243742544,1207.7197210454178
1980.7464222607061,512.0293339648161
1980.7760961362685,792.4627911512608
1980.805998659636,2313.069497362779
1981.2454846769806,271.97140288308424
1981.4167830725492,1043.0505509853792
1981.4552556691933,337.56432061279355
1981.564053813555,705.4742253500431
1981.5948669622944,256.9617194934913
1981.8525388826056,334.3514214415562
1981.9546185308893,1589.7604673960952
1981.9922520852745,842.8469789601901
1982.0419084307662,403.0564077316645
1982.092691683893,490.8467715206816
1982.2894700968288,469.54894310339205
1982.3160344681612,1014.4871775085396
1982.3526396036386,385.38333556657454
1982.393496110066,487.7671739714587
1982.40898599086,349.926036929717
1982.6744469426135,412.73800486995736
1982.759805765306,1280.3923210461348
1983.058048354184,352.1026269827194
1983.3126727790664,689.7948142721012
1983.4317307255042,367.89958828330936
1983.4452244371055,329.7571458574627
1983.5935665530603,315.0936219419256
1983.9164285213847,1878.284648891926
1984.0948048545795,327.8774223589733
1984.28118686453,555.6450754621145
1984.3931699164932,1239.608577955433
1984.4357786180215,691.1728716901063
1984.4612986204204,358.3476759369796
1984.683968451213,399.20266929343944
1984.9801542148123,821.0368841303301
1985.1915560442596,507.68259077976876
1985.519320317885,520.7833333684601
1985.781250306629,487.6282650597717
1986.093044789344,1143.3342759615748
1986.294944790812,315.6427174155541
1986.339078508002,555.3586408357335
1986.4657260382953,607.9754471371471
1986.5058708528397,2348.907712789712
1986.712855981852,381.8533194468562
1987.0356750378962,1030.6206333107143
1987.075530417653,681.7976138579816
1987.2439309693543,342.50258168143955
1987.3457330013941,321.94939470922975
1987.4627025850268,636.0360367589363
1987.6219069016395,280.98628661678447
1987.7032625715433,784.5365220508451
1988.0266324577044,566.8248858692817
1988.16990863446,486.6771141188971
1988.229694474803,510.50894234210705
1988.2995661422894,293.86870885761516
1988.402808939416,333.88529104622677
1988.6893899460188,445.6812132932941
1988.8431030962624,1122.9600498641337
1988.8595899302654,1178.5486547268831
1989.14190874309,424.453068720207
1989.2332229625983,1416.2515873207353
1989.3751786830378,3137.8891453155065
1989.596442627478,273.5374240220194
1989.7351148594555,423.9844589534538
1989.7559630352744,406.4888184865752
1989.7756226731674,1434.1217330222314
1989.8626435534188,646.7019366294369
1989.9844485663677,958.4369010735954
1990.0952686417259,318.10869951083555
1990.1393727209322,434.0373634205285
1990.340137422881,1756.6138193614825
1990.5974967271516,311.93468059639144
1990.6174645977082,1481.4912912051243
1991.0359274152518,458.52821137986666
1991.0876678806546,274.77412585878676
1991.1047599461958,372.9224218633731
1991.1442763399511,270.91079014269485
1991.3465313666795,1827.2357949840045
1991.361323941466,1140.2680626738095
1991.4838505960856,738.413669168529
1991.8015601344584,304.1823506407286
1992.0679478966424,971.1615688467431
1992.0900486556932,411.9355144713818
1992.2347028397417,485.36819465467926
1992.3616431787793,656.5539448664541
1992.4213631367038,499.2117579333865
1992.458610649852,291.9060357564809
1992.5068656324277,530.8790290901079
1992.5742354527206,342.153424992901
1992.893926732071,653.1885547498803
1993.2142125327205,423.12943057347564
1993.2562868121602,906.9698410060207
1993.5058238930765,632.1229106699301
1993.5410745598601,377.09378157725257
1993.6777695568494,1030.6125117651775
1993.8208153838648,320.1833599706225
1993.8580964948308,942.5648012703543
1993.9474204019068,254.42933637826965
1994.1204038476335,461.26710726871397
1994.1883956872055,645.5870135502726
1994.256298107638,526.8698881267761
1994.499320041513,479.16318135529025
1994.6336025552594,338.22385328317097
1994.82364554364,446.3928031826022
1995.6087369337663,1084.642440834963
1995.7812349018386,1018.8582707008032
1995.8152042748288,792.9277412755237
1996.2232558148044,455.29912600352367
1996.5455188192013,1050.5183097040824
1996.6858372532722,797.770540375965
1996.710439698878,360.13080431450686
1996.7208119215816,450.43901491923384
1996.8733237209165,476.83591399878054
1996.9176755534697,934.4170702284828
1996.9574762125615,1074.8080317061283
1997.1835807550335,782.4859416807338
1997.3476195456205,653.2323352856333
1997.5592440325245,517.6895698227615
1997.6525773589672,1566.6747852697097
1997.6826837008166,1158.0410445617622
1997.7558241147408,387.02084653535564
1997.7757873396429,673.8874714775283
1997.9245599481344,270.50150261975
1997.9828079978843,368.68897510573316
1998.1716830034813,894.9871830762397
1998.2980630292786,318.72750883287137
1998.59041996355,275.5602863766173
1998.7317506056745,2675.4083049447268
1998.8428898343705,297.3031524374156
1998.897724615966,1869.601574875642
1999.3074861637956,511.7131414178747
1999.4563916569218,1752.7690921448016
1999.5106057953058,259.8835390398688
